patient,record,k_feat,n_selected,feature_indices,feature_names
chb01,chb01_01,60,60,905;52;583;599;889;1211;293;888;582;893;172;299;277;179;46;1176;1517;1195;297;601;587;1475;605;983;1194;276;295;1151;603;911;292;907;909;264;1200;901;189;578;12;1088;1080;595;1492;985;213;884;1417;1502;1214;97;240;1407;1506;925;1399;1423;289;196;1197;1528,alpha_18_5;delta_4_2;theta_17_6;theta_18_5;alpha_17_6;beta_18_5;delta_18_5;alpha_17_5;theta_17_5;alpha_17_10;delta_11_3;delta_18_11;delta_17_6;delta_11_10;delta_3_14;beta_16_4;gamma_18_5;beta_17_6;delta_18_9;theta_18_7;theta_17_10;gamma_15_14;theta_18_11;beta_4_16;beta_17_5;delta_17_5;delta_18_7;beta_14_13;theta_18_9;alpha_18_11;delta_18_4;alpha_18_7;alpha_18_9;delta_16_10;beta_17_11;alpha_18_1;delta_12_3;theta_17_1;delta_1_14;beta_11_1;beta_10_11;theta_18_1;gamma_16_14;beta_4_18;delta_13_10;alpha_17_1;gamma_12_7;gamma_17_7;beta_18_8;delta_6_14;delta_15_3;gamma_11_15;gamma_17_11;beta_1_9;gamma_11_6;gamma_12_14;delta_18_1;delta_12_10;beta_17_8;gamma_18_16
chb01,chb01_02,60,60,905;593;583;599;888;1211;889;293;12;582;299;893;277;179;1517;297;1195;1482;983;605;601;587;189;1194;1475;276;295;292;603;1116;911;578;35;909;264;1200;907;46;901;1088;884;1492;1417;213;595;240;925;1080;97;1502;1214;290;1423;1506;196;289;303;1407;1176;1528,alpha_18_5;theta_17_16;theta_17_6;theta_18_5;alpha_17_5;beta_18_5;alpha_17_6;delta_18_5;delta_1_14;theta_17_5;delta_18_11;alpha_17_10;delta_17_6;delta_11_10;gamma_18_5;delta_18_9;beta_17_6;gamma_16_4;beta_4_16;theta_18_11;theta_18_7;theta_17_10;delta_12_3;beta_17_5;gamma_15_14;delta_17_5;delta_18_7;delta_18_4;theta_18_9;beta_12_13;alpha_18_11;theta_17_1;delta_3_2;alpha_18_9;delta_16_10;beta_17_11;alpha_18_7;delta_3_14;alpha_18_1;beta_11_1;alpha_17_1;gamma_16_14;gamma_12_7;delta_13_10;theta_18_1;delta_15_3;beta_1_9;beta_10_11;delta_6_14;gamma_17_7;beta_18_8;delta_18_2;gamma_12_14;gamma_17_11;delta_12_10;delta_18_1;delta_18_15;gamma_11_15;beta_16_4;gamma_18_16
chb01,chb01_03,60,60,905;86;583;599;888;889;1211;293;582;12;297;277;179;292;299;1517;1195;893;605;1194;983;603;276;1151;189;601;1482;901;909;911;1417;46;578;587;295;1492;264;595;1200;884;1080;97;1335;289;907;213;1409;1173;303;1423;26;1502;29;1197;274;196;290;1214;1528;1342,alpha_18_5;delta_6_2;theta_17_6;theta_18_5;alpha_17_5;alpha_17_6;beta_18_5;delta_18_5;theta_17_5;delta_1_14;delta_18_9;delta_17_6;delta_11_10;delta_18_4;delta_18_11;gamma_18_5;beta_17_6;alpha_17_10;theta_18_11;beta_17_5;beta_4_16;theta_18_9;delta_17_5;beta_14_13;delta_12_3;theta_18_7;gamma_16_4;alpha_18_1;alpha_18_9;alpha_18_11;gamma_12_7;delta_3_14;theta_17_1;theta_17_10;delta_18_7;gamma_16_14;delta_16_10;theta_18_1;beta_17_11;alpha_17_1;beta_10_11;delta_6_14;gamma_7_11;delta_18_1;alpha_18_7;delta_13_10;gamma_11_17;beta_16_1;delta_18_15;gamma_12_14;delta_2_11;gamma_17_7;delta_2_14;beta_17_8;delta_17_3;delta_12_10;delta_18_2;beta_18_8;gamma_18_16;gamma_7_18
chb01,chb01_04,80,80,905;1408;583;599;888;889;1211;293;97;582;277;295;893;1517;299;189;1195;297;179;292;1194;605;276;1482;587;601;1151;983;1475;578;603;911;901;46;909;35;1200;290;907;1080;884;1492;240;1088;595;12;985;1502;1417;303;1407;264;1423;1528;1335;3;29;289;1197;1399;1082;138;1506;1214;274;131;1196;1342;213;1054;127;1280;86;272;1186;63;155;281;1176;1310,alpha_18_5;gamma_11_16;theta_17_6;theta_18_5;alpha_17_5;alpha_17_6;beta_18_5;delta_18_5;delta_6_14;theta_17_5;delta_17_6;delta_18_7;alpha_17_10;gamma_18_5;delta_18_11;delta_12_3;beta_17_6;delta_18_9;delta_11_10;delta_18_4;beta_17_5;theta_18_11;delta_17_5;gamma_16_4;theta_17_10;theta_18_7;beta_14_13;beta_4_16;gamma_15_14;theta_17_1;theta_18_9;alpha_18_11;alpha_18_1;delta_3_14;alpha_18_9;delta_3_2;beta_17_11;delta_18_2;alpha_18_7;beta_10_11;alpha_17_1;gamma_16_14;delta_15_3;beta_11_1;theta_18_1;delta_1_14;beta_4_18;gamma_17_7;gamma_12_7;delta_18_15;gamma_11_15;delta_16_10;gamma_12_14;gamma_18_16;gamma_7_11;delta_1_5;delta_2_14;delta_18_1;beta_17_8;gamma_11_6;beta_10_13;delta_9_3;gamma_17_11;beta_18_8;delta_17_3;delta_8_14;beta_17_7;gamma_7_18;delta_13_10;beta_9_1;delta_8_10;gamma_4_7;delta_6_2;delta_17_1;beta_16_14;delta_4_14;delta_10_3;delta_17_10;beta_16_4;gamma_6_2
chb01,chb01_05,60,60,905;335;583;599;889;1211;888;293;582;893;299;277;179;297;1195;1517;1482;601;605;587;138;983;1194;295;1475;276;52;603;911;1080;292;12;578;909;907;901;213;1099;1200;595;884;46;1492;1139;264;1335;189;1399;1502;1342;303;1214;289;196;1423;97;1506;1407;290;1417,alpha_18_5;theta_2_14;theta_17_6;theta_18_5;alpha_17_6;beta_18_5;alpha_17_5;delta_18_5;theta_17_5;alpha_17_10;delta_18_11;delta_17_6;delta_11_10;delta_18_9;beta_17_6;gamma_18_5;gamma_16_4;theta_18_7;theta_18_11;theta_17_10;delta_9_3;beta_4_16;beta_17_5;delta_18_7;gamma_15_14;delta_17_5;delta_4_2;theta_18_9;alpha_18_11;beta_10_11;delta_18_4;delta_1_14;theta_17_1;alpha_18_9;alpha_18_7;alpha_18_1;delta_13_10;beta_11_13;beta_17_11;theta_18_1;alpha_17_1;delta_3_14;gamma_16_14;beta_14_1;delta_16_10;gamma_7_11;delta_12_3;gamma_11_6;gamma_17_7;gamma_7_18;delta_18_15;beta_18_8;delta_18_1;delta_12_10;gamma_12_14;delta_6_14;gamma_17_11;gamma_11_15;delta_18_2;gamma_12_7
chb01,chb01_06,60,60,905;536;583;599;889;1211;29;293;888;582;893;299;277;189;1517;1195;297;605;983;601;587;1151;1194;276;179;295;1492;603;911;976;292;52;909;1482;1200;46;907;578;901;1088;264;240;1417;595;1423;884;12;1506;213;1214;1502;289;1342;1528;271;1399;1407;303;196;138,alpha_18_5;theta_14_10;theta_17_6;theta_18_5;alpha_17_6;beta_18_5;delta_2_14;delta_18_5;alpha_17_5;theta_17_5;alpha_17_10;delta_18_11;delta_17_6;delta_12_3;gamma_18_5;beta_17_6;delta_18_9;theta_18_11;beta_4_16;theta_18_7;theta_17_10;beta_14_13;beta_17_5;delta_17_5;delta_11_10;delta_18_7;gamma_16_14;theta_18_9;alpha_18_11;beta_4_9;delta_18_4;delta_4_2;alpha_18_9;gamma_16_4;beta_17_11;delta_3_14;alpha_18_7;theta_17_1;alpha_18_1;beta_11_1;delta_16_10;delta_15_3;gamma_12_7;theta_18_1;gamma_12_14;alpha_17_1;delta_1_14;gamma_17_11;delta_13_10;beta_18_8;gamma_17_7;delta_18_1;gamma_7_18;gamma_18_16;delta_16_18;gamma_11_6;gamma_11_15;delta_18_15;delta_12_10;delta_9_3
chb01,chb01_07,60,60,905;52;583;599;889;1211;293;888;582;97;893;299;179;277;189;297;1195;1517;983;601;587;1151;605;1194;1482;276;1492;295;603;911;292;909;1200;578;46;907;264;901;1080;1088;240;884;976;595;1407;1399;1423;12;213;1502;985;289;1506;180;1214;1528;1342;303;29;196,alpha_18_5;delta_4_2;theta_17_6;theta_18_5;alpha_17_6;beta_18_5;delta_18_5;alpha_17_5;theta_17_5;delta_6_14;alpha_17_10;delta_18_11;delta_11_10;delta_17_6;delta_12_3;delta_18_9;beta_17_6;gamma_18_5;beta_4_16;theta_18_7;theta_17_10;beta_14_13;theta_18_11;beta_17_5;gamma_16_4;delta_17_5;gamma_16_14;delta_18_7;theta_18_9;alpha_18_11;delta_18_4;alpha_18_9;beta_17_11;theta_17_1;delta_3_14;alpha_18_7;delta_16_10;alpha_18_1;beta_10_11;beta_11_1;delta_15_3;alpha_17_1;beta_4_9;theta_18_1;gamma_11_15;gamma_11_6;gamma_12_14;delta_1_14;delta_13_10;gamma_17_7;beta_4_18;delta_18_1;gamma_17_11;delta_11_12;beta_18_8;gamma_18_16;gamma_7_18;delta_18_15;delta_2_14;delta_12_10
chb01,chb01_08,60,60,905;748;583;599;889;80;1211;293;888;582;893;299;277;179;297;983;1517;1195;189;601;605;587;1482;1099;1194;295;276;1475;603;911;292;46;909;901;907;213;578;52;1200;595;240;1080;12;884;1492;264;976;1399;289;1407;1502;97;290;1506;1214;196;1423;1082;138;1528,alpha_18_5;alpha_9_1;theta_17_6;theta_18_5;alpha_17_6;delta_5_14;beta_18_5;delta_18_5;alpha_17_5;theta_17_5;alpha_17_10;delta_18_11;delta_17_6;delta_11_10;delta_18_9;beta_4_16;gamma_18_5;beta_17_6;delta_12_3;theta_18_7;theta_18_11;theta_17_10;gamma_16_4;beta_11_13;beta_17_5;delta_18_7;delta_17_5;gamma_15_14;theta_18_9;alpha_18_11;delta_18_4;delta_3_14;alpha_18_9;alpha_18_1;alpha_18_7;delta_13_10;theta_17_1;delta_4_2;beta_17_11;theta_18_1;delta_15_3;beta_10_11;delta_1_14;alpha_17_1;gamma_16_14;delta_16_10;beta_4_9;gamma_11_6;delta_18_1;gamma_11_15;gamma_17_7;delta_6_14;delta_18_2;gamma_17_11;beta_18_8;delta_12_10;gamma_12_14;beta_10_13;delta_9_3;gamma_18_16
chb01,chb01_09,60,60,905;1223;583;599;1211;889;888;293;12;582;264;893;277;299;1482;1517;1195;297;601;983;189;605;587;1099;1194;35;292;179;276;1492;295;911;603;1200;909;907;578;46;901;1139;976;213;1080;595;884;240;1407;1423;271;97;1399;196;289;1506;303;1502;1342;1176;1214;247,alpha_18_5;beta_18_17;theta_17_6;theta_18_5;beta_18_5;alpha_17_6;alpha_17_5;delta_18_5;delta_1_14;theta_17_5;delta_16_10;alpha_17_10;delta_17_6;delta_18_11;gamma_16_4;gamma_18_5;beta_17_6;delta_18_9;theta_18_7;beta_4_16;delta_12_3;theta_18_11;theta_17_10;beta_11_13;beta_17_5;delta_3_2;delta_18_4;delta_11_10;delta_17_5;gamma_16_14;delta_18_7;alpha_18_11;theta_18_9;beta_17_11;alpha_18_9;alpha_18_7;theta_17_1;delta_3_14;alpha_18_1;beta_14_1;beta_4_9;delta_13_10;beta_10_11;theta_18_1;alpha_17_1;delta_15_3;gamma_11_15;gamma_12_14;delta_16_18;delta_6_14;gamma_11_6;delta_12_10;delta_18_1;gamma_17_11;delta_18_15;gamma_17_7;gamma_7_18;beta_16_4;beta_18_8;delta_15_10
chb01,chb01_10,60,60,905;1071;583;12;599;889;1211;888;293;582;893;299;277;179;1517;1482;297;1195;601;983;605;587;1194;189;1492;295;276;292;603;911;1080;578;46;907;909;213;901;35;1200;1151;884;976;264;595;1417;97;1502;1423;240;1335;1407;290;1506;196;303;289;1399;1342;29;180,alpha_18_5;beta_10_1;theta_17_6;delta_1_14;theta_18_5;alpha_17_6;beta_18_5;alpha_17_5;delta_18_5;theta_17_5;alpha_17_10;delta_18_11;delta_17_6;delta_11_10;gamma_18_5;gamma_16_4;delta_18_9;beta_17_6;theta_18_7;beta_4_16;theta_18_11;theta_17_10;beta_17_5;delta_12_3;gamma_16_14;delta_18_7;delta_17_5;delta_18_4;theta_18_9;alpha_18_11;beta_10_11;theta_17_1;delta_3_14;alpha_18_7;alpha_18_9;delta_13_10;alpha_18_1;delta_3_2;beta_17_11;beta_14_13;alpha_17_1;beta_4_9;delta_16_10;theta_18_1;gamma_12_7;delta_6_14;gamma_17_7;gamma_12_14;delta_15_3;gamma_7_11;gamma_11_15;delta_18_2;gamma_17_11;delta_12_10;delta_18_15;delta_18_1;gamma_11_6;gamma_7_18;delta_2_14;delta_11_12
chb01,chb01_11,60,60,905;793;583;599;889;1211;888;293;80;582;893;299;277;179;1195;1517;983;297;189;605;1482;601;587;1475;1194;276;295;911;603;1080;292;264;907;35;909;578;46;1200;901;1492;240;925;213;884;1417;1088;595;1502;1342;12;1423;1506;1399;196;1214;289;1082;303;1176;1528,alpha_18_5;alpha_11_13;theta_17_6;theta_18_5;alpha_17_6;beta_18_5;alpha_17_5;delta_18_5;delta_5_14;theta_17_5;alpha_17_10;delta_18_11;delta_17_6;delta_11_10;beta_17_6;gamma_18_5;beta_4_16;delta_18_9;delta_12_3;theta_18_11;gamma_16_4;theta_18_7;theta_17_10;gamma_15_14;beta_17_5;delta_17_5;delta_18_7;alpha_18_11;theta_18_9;beta_10_11;delta_18_4;delta_16_10;alpha_18_7;delta_3_2;alpha_18_9;theta_17_1;delta_3_14;beta_17_11;alpha_18_1;gamma_16_14;delta_15_3;beta_1_9;delta_13_10;alpha_17_1;gamma_12_7;beta_11_1;theta_18_1;gamma_17_7;gamma_7_18;delta_1_14;gamma_12_14;gamma_17_11;gamma_11_6;delta_12_10;beta_18_8;delta_18_1;beta_10_13;delta_18_15;beta_16_4;gamma_18_16
chb01,chb01_12,60,60,905;35;583;599;264;889;1211;293;888;582;893;299;277;1482;46;297;1517;1195;138;601;605;587;983;1194;603;1080;295;276;911;179;909;1492;292;907;578;12;901;1200;1151;595;189;884;1417;213;289;1088;97;1423;1506;1342;1502;925;303;1197;1176;196;1399;29;1407;290,alpha_18_5;delta_3_2;theta_17_6;theta_18_5;delta_16_10;alpha_17_6;beta_18_5;delta_18_5;alpha_17_5;theta_17_5;alpha_17_10;delta_18_11;delta_17_6;gamma_16_4;delta_3_14;delta_18_9;gamma_18_5;beta_17_6;delta_9_3;theta_18_7;theta_18_11;theta_17_10;beta_4_16;beta_17_5;theta_18_9;beta_10_11;delta_18_7;delta_17_5;alpha_18_11;delta_11_10;alpha_18_9;gamma_16_14;delta_18_4;alpha_18_7;theta_17_1;delta_1_14;alpha_18_1;beta_17_11;beta_14_13;theta_18_1;delta_12_3;alpha_17_1;gamma_12_7;delta_13_10;delta_18_1;beta_11_1;delta_6_14;gamma_12_14;gamma_17_11;gamma_7_18;gamma_17_7;beta_1_9;delta_18_15;beta_17_8;beta_16_4;delta_12_10;gamma_11_6;delta_2_14;gamma_11_15;delta_18_2
chb01,chb01_13,60,60,905;1408;889;599;583;1211;293;888;46;582;295;179;277;893;1482;299;1195;1517;297;605;189;983;587;601;1151;1194;276;911;603;264;1492;907;578;909;292;52;1200;12;901;1088;1080;213;884;595;1399;240;290;1423;97;196;1502;1407;976;303;1506;289;1342;247;1082;1214,alpha_18_5;gamma_11_16;alpha_17_6;theta_18_5;theta_17_6;beta_18_5;delta_18_5;alpha_17_5;delta_3_14;theta_17_5;delta_18_7;delta_11_10;delta_17_6;alpha_17_10;gamma_16_4;delta_18_11;beta_17_6;gamma_18_5;delta_18_9;theta_18_11;delta_12_3;beta_4_16;theta_17_10;theta_18_7;beta_14_13;beta_17_5;delta_17_5;alpha_18_11;theta_18_9;delta_16_10;gamma_16_14;alpha_18_7;theta_17_1;alpha_18_9;delta_18_4;delta_4_2;beta_17_11;delta_1_14;alpha_18_1;beta_11_1;beta_10_11;delta_13_10;alpha_17_1;theta_18_1;gamma_11_6;delta_15_3;delta_18_2;gamma_12_14;delta_6_14;delta_12_10;gamma_17_7;gamma_11_15;beta_4_9;delta_18_15;gamma_17_11;delta_18_1;gamma_7_18;delta_15_10;beta_10_13;beta_18_8
chb01,chb01_14,60,60,905;588;929;599;583;1211;889;293;888;582;893;46;179;277;295;297;1195;1517;299;1482;189;605;587;1475;601;1194;983;911;276;603;35;1151;907;578;12;292;909;901;264;1416;1492;1200;1088;884;595;240;97;213;1417;1335;1502;266;1407;289;1214;29;1506;1423;1217;196,alpha_18_5;theta_17_11;beta_1_13;theta_18_5;theta_17_6;beta_18_5;alpha_17_6;delta_18_5;alpha_17_5;theta_17_5;alpha_17_10;delta_3_14;delta_11_10;delta_17_6;delta_18_7;delta_18_9;beta_17_6;gamma_18_5;delta_18_11;gamma_16_4;delta_12_3;theta_18_11;theta_17_10;gamma_15_14;theta_18_7;beta_17_5;beta_4_16;alpha_18_11;delta_17_5;theta_18_9;delta_3_2;beta_14_13;alpha_18_7;theta_17_1;delta_1_14;delta_18_4;alpha_18_9;alpha_18_1;delta_16_10;gamma_12_6;gamma_16_14;beta_17_11;beta_11_1;alpha_17_1;theta_18_1;delta_15_3;delta_6_14;delta_13_10;gamma_12_7;gamma_7_11;gamma_17_7;delta_16_12;gamma_11_15;delta_18_1;beta_18_8;delta_2_14;gamma_17_11;gamma_12_14;beta_18_11;delta_12_10
chb01,chb01_15,60,60,905;1408;583;599;889;1211;888;293;582;46;893;277;295;1517;1195;299;179;297;983;587;601;172;1194;1418;605;276;1169;292;907;603;1200;901;1088;911;909;265;1482;1423;12;578;1151;595;189;1001;264;1406;1417;86;884;1502;303;1342;289;1528;281;1399;97;274;1492;1026,alpha_18_5;gamma_11_16;theta_17_6;theta_18_5;alpha_17_6;beta_18_5;alpha_17_5;delta_18_5;theta_17_5;delta_3_14;alpha_17_10;delta_17_6;delta_18_7;gamma_18_5;beta_17_6;delta_18_11;delta_11_10;delta_18_9;beta_4_16;theta_17_10;theta_18_7;delta_11_3;beta_17_5;gamma_12_8;theta_18_11;delta_17_5;beta_15_14;delta_18_4;alpha_18_7;theta_18_9;beta_17_11;alpha_18_1;beta_11_1;alpha_18_11;alpha_18_9;delta_16_11;gamma_16_4;gamma_12_14;delta_1_14;theta_17_1;beta_14_13;theta_18_1;delta_12_3;beta_5_17;delta_16_10;gamma_11_14;gamma_12_7;delta_6_2;alpha_17_1;gamma_17_7;delta_18_15;gamma_7_18;delta_18_1;gamma_18_16;delta_17_10;gamma_11_6;delta_6_14;delta_17_3;gamma_16_14;beta_7_8
chb01,chb01_16,60,60,905;80;583;599;1211;889;888;293;582;196;299;277;297;155;605;1517;1482;1195;893;601;983;578;911;179;1194;603;1151;901;907;587;1492;276;884;265;295;909;46;264;595;189;1335;1200;1417;1054;213;86;1217;1423;180;1502;240;903;247;12;1407;1399;274;1506;272;144,alpha_18_5;delta_5_14;theta_17_6;theta_18_5;beta_18_5;alpha_17_6;alpha_17_5;delta_18_5;theta_17_5;delta_12_10;delta_18_11;delta_17_6;delta_18_9;delta_10_3;theta_18_11;gamma_18_5;gamma_16_4;beta_17_6;alpha_17_10;theta_18_7;beta_4_16;theta_17_1;alpha_18_11;delta_11_10;beta_17_5;theta_18_9;beta_14_13;alpha_18_1;alpha_18_7;theta_17_10;gamma_16_14;delta_17_5;alpha_17_1;delta_16_11;delta_18_7;alpha_18_9;delta_3_14;delta_16_10;theta_18_1;delta_12_3;gamma_7_11;beta_17_11;gamma_12_7;beta_9_1;delta_13_10;delta_6_2;beta_18_11;gamma_12_14;delta_11_12;gamma_17_7;delta_15_3;alpha_18_3;delta_15_10;delta_1_14;gamma_11_15;gamma_11_6;delta_17_3;gamma_17_11;delta_17_1;delta_9_10
chb01,chb01_17,60,60,905;282;120;889;599;1211;583;293;888;582;893;179;46;277;295;297;1517;1195;605;1482;189;299;587;1151;1194;601;983;603;911;276;578;1492;909;292;213;907;12;901;1080;1200;1088;884;240;1399;1335;595;264;1407;97;1502;976;1506;290;1417;1423;289;196;1214;29;138,alpha_18_5;delta_17_11;delta_8_2;alpha_17_6;theta_18_5;beta_18_5;theta_17_6;delta_18_5;alpha_17_5;theta_17_5;alpha_17_10;delta_11_10;delta_3_14;delta_17_6;delta_18_7;delta_18_9;gamma_18_5;beta_17_6;theta_18_11;gamma_16_4;delta_12_3;delta_18_11;theta_17_10;beta_14_13;beta_17_5;theta_18_7;beta_4_16;theta_18_9;alpha_18_11;delta_17_5;theta_17_1;gamma_16_14;alpha_18_9;delta_18_4;delta_13_10;alpha_18_7;delta_1_14;alpha_18_1;beta_10_11;beta_17_11;beta_11_1;alpha_17_1;delta_15_3;gamma_11_6;gamma_7_11;theta_18_1;delta_16_10;gamma_11_15;delta_6_14;gamma_17_7;beta_4_9;gamma_17_11;delta_18_2;gamma_12_7;gamma_12_14;delta_18_1;delta_12_10;beta_18_8;delta_2_14;delta_9_3
chb01,chb01_18,40,40,905;1088;583;35;599;889;1211;888;293;179;582;893;299;277;189;1517;1195;297;1116;601;587;1194;605;1482;1231;271;1200;264;276;1492;603;3;240;578;907;265;292;909;1399;911,alpha_18_5;beta_11_1;theta_17_6;delta_3_2;theta_18_5;alpha_17_6;beta_18_5;alpha_17_5;delta_18_5;delta_11_10;theta_17_5;alpha_17_10;delta_18_11;delta_17_6;delta_12_3;gamma_18_5;beta_17_6;delta_18_9;beta_12_13;theta_18_7;theta_17_10;beta_17_5;theta_18_11;gamma_16_4;gamma_1_9;delta_16_18;beta_17_11;delta_16_10;delta_17_5;gamma_16_14;theta_18_9;delta_1_5;delta_15_3;theta_17_1;alpha_18_7;delta_16_11;delta_18_4;alpha_18_9;gamma_11_6;alpha_18_11
chb01,chb01_19,60,60,905;60;583;599;889;1211;1071;888;293;582;179;893;299;277;1517;12;1482;1195;297;189;605;601;587;1194;983;1475;911;276;295;603;578;1099;292;213;909;46;907;1417;884;901;1200;86;240;1492;264;595;1502;97;1080;290;1291;1214;925;271;1506;247;1399;289;1407;29,alpha_18_5;delta_4_11;theta_17_6;theta_18_5;alpha_17_6;beta_18_5;beta_10_1;alpha_17_5;delta_18_5;theta_17_5;delta_11_10;alpha_17_10;delta_18_11;delta_17_6;gamma_18_5;delta_1_14;gamma_16_4;beta_17_6;delta_18_9;delta_12_3;theta_18_11;theta_18_7;theta_17_10;beta_17_5;beta_4_16;gamma_15_14;alpha_18_11;delta_17_5;delta_18_7;theta_18_9;theta_17_1;beta_11_13;delta_18_4;delta_13_10;alpha_18_9;delta_3_14;alpha_18_7;gamma_12_7;alpha_17_1;alpha_18_1;beta_17_11;delta_6_2;delta_15_3;gamma_16_14;delta_16_10;theta_18_1;gamma_17_7;delta_6_14;beta_10_11;delta_18_2;gamma_4_18;beta_18_8;beta_1_9;delta_16_18;gamma_17_11;delta_15_10;gamma_11_6;delta_18_1;gamma_11_15;delta_2_14
chb01,chb01_20,60,60,905;1026;583;599;888;1211;889;293;582;893;299;138;277;1517;12;297;1195;179;601;587;605;1194;1482;1475;276;295;1080;603;52;983;292;911;909;578;1151;901;907;264;1200;46;1088;884;189;1492;595;1417;925;213;1399;1502;97;1423;289;1407;1214;1506;196;240;303;1082,alpha_18_5;beta_7_8;theta_17_6;theta_18_5;alpha_17_5;beta_18_5;alpha_17_6;delta_18_5;theta_17_5;alpha_17_10;delta_18_11;delta_9_3;delta_17_6;gamma_18_5;delta_1_14;delta_18_9;beta_17_6;delta_11_10;theta_18_7;theta_17_10;theta_18_11;beta_17_5;gamma_16_4;gamma_15_14;delta_17_5;delta_18_7;beta_10_11;theta_18_9;delta_4_2;beta_4_16;delta_18_4;alpha_18_11;alpha_18_9;theta_17_1;beta_14_13;alpha_18_1;alpha_18_7;delta_16_10;beta_17_11;delta_3_14;beta_11_1;alpha_17_1;delta_12_3;gamma_16_14;theta_18_1;gamma_12_7;beta_1_9;delta_13_10;gamma_11_6;gamma_17_7;delta_6_14;gamma_12_14;delta_18_1;gamma_11_15;beta_18_8;gamma_17_11;delta_12_10;delta_15_3;delta_18_15;beta_10_13
chb01,chb01_21,20,20,905;1173;583;599;247;889;893;1211;293;299;888;582;46;601;277;587;292;240;605;1195,alpha_18_5;beta_16_1;theta_17_6;theta_18_5;delta_15_10;alpha_17_6;alpha_17_10;beta_18_5;delta_18_5;delta_18_11;alpha_17_5;theta_17_5;delta_3_14;theta_18_7;delta_17_6;theta_17_10;delta_18_4;delta_15_3;theta_18_11;beta_17_6
chb01,chb01_22,60,60,905;1071;583;599;889;1211;888;293;12;582;179;893;299;277;1517;1195;297;240;983;605;1080;601;587;1482;1194;1475;276;295;911;292;603;46;578;213;907;909;1151;901;1200;52;1492;884;976;264;97;595;189;1399;1407;1502;1423;1506;196;29;289;1082;1214;1528;290;1342,alpha_18_5;beta_10_1;theta_17_6;theta_18_5;alpha_17_6;beta_18_5;alpha_17_5;delta_18_5;delta_1_14;theta_17_5;delta_11_10;alpha_17_10;delta_18_11;delta_17_6;gamma_18_5;beta_17_6;delta_18_9;delta_15_3;beta_4_16;theta_18_11;beta_10_11;theta_18_7;theta_17_10;gamma_16_4;beta_17_5;gamma_15_14;delta_17_5;delta_18_7;alpha_18_11;delta_18_4;theta_18_9;delta_3_14;theta_17_1;delta_13_10;alpha_18_7;alpha_18_9;beta_14_13;alpha_18_1;beta_17_11;delta_4_2;gamma_16_14;alpha_17_1;beta_4_9;delta_16_10;delta_6_14;theta_18_1;delta_12_3;gamma_11_6;gamma_11_15;gamma_17_7;gamma_12_14;gamma_17_11;delta_12_10;delta_2_14;delta_18_1;beta_10_13;beta_18_8;gamma_18_16;delta_18_2;gamma_7_18
chb01,chb01_23,60,60,905;1088;69;583;599;889;1211;888;293;582;12;893;299;179;277;138;297;1517;1195;983;601;605;587;1194;1482;1475;276;295;292;603;911;1151;901;578;213;907;909;1200;46;1417;595;189;1492;884;264;976;1506;1423;289;97;1214;1502;290;1342;196;1399;1407;240;1176;1082,alpha_18_5;beta_11_1;delta_5_2;theta_17_6;theta_18_5;alpha_17_6;beta_18_5;alpha_17_5;delta_18_5;theta_17_5;delta_1_14;alpha_17_10;delta_18_11;delta_11_10;delta_17_6;delta_9_3;delta_18_9;gamma_18_5;beta_17_6;beta_4_16;theta_18_7;theta_18_11;theta_17_10;beta_17_5;gamma_16_4;gamma_15_14;delta_17_5;delta_18_7;delta_18_4;theta_18_9;alpha_18_11;beta_14_13;alpha_18_1;theta_17_1;delta_13_10;alpha_18_7;alpha_18_9;beta_17_11;delta_3_14;gamma_12_7;theta_18_1;delta_12_3;gamma_16_14;alpha_17_1;delta_16_10;beta_4_9;gamma_17_11;gamma_12_14;delta_18_1;delta_6_14;beta_18_8;gamma_17_7;delta_18_2;gamma_7_18;delta_12_10;gamma_11_6;gamma_11_15;delta_15_3;beta_16_4;beta_10_13
chb01,chb01_24,60,60,905;1223;583;599;230;1211;889;293;888;114;582;893;299;277;1517;1195;297;189;601;983;605;587;1099;1194;1482;276;1475;295;603;1200;179;292;911;909;578;46;907;901;1080;1173;240;595;86;1492;884;1407;12;264;289;1399;1214;1307;1502;1197;138;303;1335;271;1423;97,alpha_18_5;beta_18_17;theta_17_6;theta_18_5;delta_14_10;beta_18_5;alpha_17_6;delta_18_5;alpha_17_5;delta_7_14;theta_17_5;alpha_17_10;delta_18_11;delta_17_6;gamma_18_5;beta_17_6;delta_18_9;delta_12_3;theta_18_7;beta_4_16;theta_18_11;theta_17_10;beta_11_13;beta_17_5;gamma_16_4;delta_17_5;gamma_15_14;delta_18_7;theta_18_9;beta_17_11;delta_11_10;delta_18_4;alpha_18_11;alpha_18_9;theta_17_1;delta_3_14;alpha_18_7;alpha_18_1;beta_10_11;beta_16_1;delta_15_3;theta_18_1;delta_6_2;gamma_16_14;alpha_17_1;gamma_11_15;delta_1_14;delta_16_10;delta_18_1;gamma_11_6;beta_18_8;gamma_5_17;gamma_17_7;beta_17_8;delta_9_3;delta_18_15;gamma_7_11;delta_16_18;gamma_12_14;delta_6_14
chb01,chb01_25,60,60,905;1289;583;599;889;1211;80;293;888;582;893;299;277;179;297;189;1195;1517;601;1475;605;587;1482;1194;295;276;1151;911;603;292;901;264;907;909;46;578;1417;1139;1200;52;595;1492;240;976;213;884;1017;1399;12;1502;180;1407;303;289;1423;1214;196;1342;1528;290,alpha_18_5;gamma_4_16;theta_17_6;theta_18_5;alpha_17_6;beta_18_5;delta_5_14;delta_18_5;alpha_17_5;theta_17_5;alpha_17_10;delta_18_11;delta_17_6;delta_11_10;delta_18_9;delta_12_3;beta_17_6;gamma_18_5;theta_18_7;gamma_15_14;theta_18_11;theta_17_10;gamma_16_4;beta_17_5;delta_18_7;delta_17_5;beta_14_13;alpha_18_11;theta_18_9;delta_18_4;alpha_18_1;delta_16_10;alpha_18_7;alpha_18_9;delta_3_14;theta_17_1;gamma_12_7;beta_14_1;beta_17_11;delta_4_2;theta_18_1;gamma_16_14;delta_15_3;beta_4_9;delta_13_10;alpha_17_1;beta_6_16;gamma_11_6;delta_1_14;gamma_17_7;delta_11_12;gamma_11_15;delta_18_15;delta_18_1;gamma_12_14;beta_18_8;delta_12_10;gamma_7_18;gamma_18_16;delta_18_2
chb01,chb01_26,40,40,905;282;1051;889;599;1211;583;97;293;893;888;179;582;295;277;299;1517;138;587;1195;605;1176;1101;601;169;297;89;292;1475;911;46;264;1194;909;907;276;985;52;603;12,alpha_18_5;delta_17_11;beta_8_16;alpha_17_6;theta_18_5;beta_18_5;theta_17_6;delta_6_14;delta_18_5;alpha_17_10;alpha_17_5;delta_11_10;theta_17_5;delta_18_7;delta_17_6;delta_18_11;gamma_18_5;delta_9_3;theta_17_10;beta_17_6;theta_18_11;beta_16_4;beta_11_15;theta_18_7;delta_10_18;delta_18_9;delta_6_5;delta_18_4;gamma_15_14;alpha_18_11;delta_3_14;delta_16_10;beta_17_5;alpha_18_9;alpha_18_7;delta_17_5;beta_4_18;delta_4_2;theta_18_9;delta_1_14
chb01,chb01_27,60,60,905;26;583;599;889;1211;888;293;582;893;1482;299;277;179;1517;297;1195;12;605;601;587;983;189;1099;1194;295;276;1492;911;603;292;909;578;907;1080;213;901;46;1200;52;884;976;595;1173;264;1417;1423;240;1502;97;1335;290;1407;1176;1506;271;289;1214;196;1291,alpha_18_5;delta_2_11;theta_17_6;theta_18_5;alpha_17_6;beta_18_5;alpha_17_5;delta_18_5;theta_17_5;alpha_17_10;gamma_16_4;delta_18_11;delta_17_6;delta_11_10;gamma_18_5;delta_18_9;beta_17_6;delta_1_14;theta_18_11;theta_18_7;theta_17_10;beta_4_16;delta_12_3;beta_11_13;beta_17_5;delta_18_7;delta_17_5;gamma_16_14;alpha_18_11;theta_18_9;delta_18_4;alpha_18_9;theta_17_1;alpha_18_7;beta_10_11;delta_13_10;alpha_18_1;delta_3_14;beta_17_11;delta_4_2;alpha_17_1;beta_4_9;theta_18_1;beta_16_1;delta_16_10;gamma_12_7;gamma_12_14;delta_15_3;gamma_17_7;delta_6_14;gamma_7_11;delta_18_2;gamma_11_15;beta_16_4;gamma_17_11;delta_16_18;delta_18_1;beta_18_8;delta_12_10;gamma_4_18
chb01,chb01_29,60,60,905;86;282;889;599;1211;583;293;888;582;12;179;893;277;295;1517;1195;299;297;189;983;605;1482;587;1194;601;1475;276;603;1151;911;292;1417;909;578;213;907;46;1200;901;271;1492;1088;240;595;266;884;976;264;1407;1399;289;1506;97;1214;1423;1502;1176;196;1342,alpha_18_5;delta_6_2;delta_17_11;alpha_17_6;theta_18_5;beta_18_5;theta_17_6;delta_18_5;alpha_17_5;theta_17_5;delta_1_14;delta_11_10;alpha_17_10;delta_17_6;delta_18_7;gamma_18_5;beta_17_6;delta_18_11;delta_18_9;delta_12_3;beta_4_16;theta_18_11;gamma_16_4;theta_17_10;beta_17_5;theta_18_7;gamma_15_14;delta_17_5;theta_18_9;beta_14_13;alpha_18_11;delta_18_4;gamma_12_7;alpha_18_9;theta_17_1;delta_13_10;alpha_18_7;delta_3_14;beta_17_11;alpha_18_1;delta_16_18;gamma_16_14;beta_11_1;delta_15_3;theta_18_1;delta_16_12;alpha_17_1;beta_4_9;delta_16_10;gamma_11_15;gamma_11_6;delta_18_1;gamma_17_11;delta_6_14;beta_18_8;gamma_12_14;gamma_17_7;beta_16_4;delta_12_10;gamma_7_18
chb01,chb01_30,60,60,905;282;1088;889;599;12;1211;583;293;888;582;213;893;277;295;1195;1517;299;297;240;983;605;587;1482;601;1194;1475;179;276;35;292;1151;603;976;911;1200;907;909;901;46;578;1080;264;595;189;1492;884;1399;290;1407;97;1502;196;1342;1176;289;303;1423;1506;1214,alpha_18_5;delta_17_11;beta_11_1;alpha_17_6;theta_18_5;delta_1_14;beta_18_5;theta_17_6;delta_18_5;alpha_17_5;theta_17_5;delta_13_10;alpha_17_10;delta_17_6;delta_18_7;beta_17_6;gamma_18_5;delta_18_11;delta_18_9;delta_15_3;beta_4_16;theta_18_11;theta_17_10;gamma_16_4;theta_18_7;beta_17_5;gamma_15_14;delta_11_10;delta_17_5;delta_3_2;delta_18_4;beta_14_13;theta_18_9;beta_4_9;alpha_18_11;beta_17_11;alpha_18_7;alpha_18_9;alpha_18_1;delta_3_14;theta_17_1;beta_10_11;delta_16_10;theta_18_1;delta_12_3;gamma_16_14;alpha_17_1;gamma_11_6;delta_18_2;gamma_11_15;delta_6_14;gamma_17_7;delta_12_10;gamma_7_18;beta_16_4;delta_18_1;delta_18_15;gamma_12_14;gamma_17_11;beta_18_8
chb01,chb01_31,60,60,905;52;583;599;189;889;1211;888;293;12;582;295;893;277;179;299;1517;1195;297;983;605;587;601;1099;1194;1482;276;603;292;1475;911;901;46;907;909;578;1080;213;240;1200;595;884;1492;97;303;1088;264;976;290;289;1407;1502;985;1423;138;29;1399;1214;1342;196,alpha_18_5;delta_4_2;theta_17_6;theta_18_5;delta_12_3;alpha_17_6;beta_18_5;alpha_17_5;delta_18_5;delta_1_14;theta_17_5;delta_18_7;alpha_17_10;delta_17_6;delta_11_10;delta_18_11;gamma_18_5;beta_17_6;delta_18_9;beta_4_16;theta_18_11;theta_17_10;theta_18_7;beta_11_13;beta_17_5;gamma_16_4;delta_17_5;theta_18_9;delta_18_4;gamma_15_14;alpha_18_11;alpha_18_1;delta_3_14;alpha_18_7;alpha_18_9;theta_17_1;beta_10_11;delta_13_10;delta_15_3;beta_17_11;theta_18_1;alpha_17_1;gamma_16_14;delta_6_14;delta_18_15;beta_11_1;delta_16_10;beta_4_9;delta_18_2;delta_18_1;gamma_11_15;gamma_17_7;beta_4_18;gamma_12_14;delta_9_3;delta_2_14;gamma_11_6;beta_18_8;gamma_7_18;delta_12_10
chb01,chb01_32,60,60,905;1088;583;599;46;889;1211;888;293;893;582;213;299;277;1517;601;1195;297;983;605;587;240;1475;1194;295;1482;276;603;911;179;292;909;1151;578;907;12;1200;901;52;265;1417;884;1492;264;1399;595;1407;925;97;1423;1342;1502;290;1214;196;189;1506;1082;289;131,alpha_18_5;beta_11_1;theta_17_6;theta_18_5;delta_3_14;alpha_17_6;beta_18_5;alpha_17_5;delta_18_5;alpha_17_10;theta_17_5;delta_13_10;delta_18_11;delta_17_6;gamma_18_5;theta_18_7;beta_17_6;delta_18_9;beta_4_16;theta_18_11;theta_17_10;delta_15_3;gamma_15_14;beta_17_5;delta_18_7;gamma_16_4;delta_17_5;theta_18_9;alpha_18_11;delta_11_10;delta_18_4;alpha_18_9;beta_14_13;theta_17_1;alpha_18_7;delta_1_14;beta_17_11;alpha_18_1;delta_4_2;delta_16_11;gamma_12_7;alpha_17_1;gamma_16_14;delta_16_10;gamma_11_6;theta_18_1;gamma_11_15;beta_1_9;delta_6_14;gamma_12_14;gamma_7_18;gamma_17_7;delta_18_2;beta_18_8;delta_12_10;delta_12_3;gamma_17_11;beta_10_13;delta_18_1;delta_8_14
chb01,chb01_33,60,60,905;610;583;599;264;889;1211;888;293;582;12;893;299;277;240;297;1195;1517;983;601;605;587;1176;1194;1151;276;295;1475;603;35;911;179;292;578;909;46;907;1080;901;1200;189;884;1492;595;1088;97;1407;213;1423;1502;1214;289;1291;1197;1482;29;303;138;1082;1506,alpha_18_5;theta_18_16;theta_17_6;theta_18_5;delta_16_10;alpha_17_6;beta_18_5;alpha_17_5;delta_18_5;theta_17_5;delta_1_14;alpha_17_10;delta_18_11;delta_17_6;delta_15_3;delta_18_9;beta_17_6;gamma_18_5;beta_4_16;theta_18_7;theta_18_11;theta_17_10;beta_16_4;beta_17_5;beta_14_13;delta_17_5;delta_18_7;gamma_15_14;theta_18_9;delta_3_2;alpha_18_11;delta_11_10;delta_18_4;theta_17_1;alpha_18_9;delta_3_14;alpha_18_7;beta_10_11;alpha_18_1;beta_17_11;delta_12_3;alpha_17_1;gamma_16_14;theta_18_1;beta_11_1;delta_6_14;gamma_11_15;delta_13_10;gamma_12_14;gamma_17_7;beta_18_8;delta_18_1;gamma_4_18;beta_17_8;gamma_16_4;delta_2_14;delta_18_15;delta_9_3;beta_10_13;gamma_17_11
chb01,chb01_34,60,60,905;1425;583;599;1211;889;888;293;12;582;299;893;179;277;1517;297;1195;605;601;189;587;983;1194;1482;295;276;911;603;1492;1088;909;1200;292;907;264;46;578;901;1151;86;1417;884;595;213;1399;97;1407;1197;1528;240;1423;1502;26;289;196;303;1214;1506;1080;29,alpha_18_5;gamma_12_16;theta_17_6;theta_18_5;beta_18_5;alpha_17_6;alpha_17_5;delta_18_5;delta_1_14;theta_17_5;delta_18_11;alpha_17_10;delta_11_10;delta_17_6;gamma_18_5;delta_18_9;beta_17_6;theta_18_11;theta_18_7;delta_12_3;theta_17_10;beta_4_16;beta_17_5;gamma_16_4;delta_18_7;delta_17_5;alpha_18_11;theta_18_9;gamma_16_14;beta_11_1;alpha_18_9;beta_17_11;delta_18_4;alpha_18_7;delta_16_10;delta_3_14;theta_17_1;alpha_18_1;beta_14_13;delta_6_2;gamma_12_7;alpha_17_1;theta_18_1;delta_13_10;gamma_11_6;delta_6_14;gamma_11_15;beta_17_8;gamma_18_16;delta_15_3;gamma_12_14;gamma_17_7;delta_2_11;delta_18_1;delta_12_10;delta_18_15;beta_18_8;gamma_17_11;beta_10_11;delta_2_14
chb01,chb01_36,60,60,905;1408;583;599;889;1211;888;293;114;582;179;295;893;277;299;1517;1482;1195;297;605;240;601;587;1194;983;1151;276;52;911;603;907;46;264;292;1088;901;1492;909;578;1200;266;595;1080;884;213;12;189;290;1407;1506;976;303;1399;196;1528;289;1423;26;1214;97,alpha_18_5;gamma_11_16;theta_17_6;theta_18_5;alpha_17_6;beta_18_5;alpha_17_5;delta_18_5;delta_7_14;theta_17_5;delta_11_10;delta_18_7;alpha_17_10;delta_17_6;delta_18_11;gamma_18_5;gamma_16_4;beta_17_6;delta_18_9;theta_18_11;delta_15_3;theta_18_7;theta_17_10;beta_17_5;beta_4_16;beta_14_13;delta_17_5;delta_4_2;alpha_18_11;theta_18_9;alpha_18_7;delta_3_14;delta_16_10;delta_18_4;beta_11_1;alpha_18_1;gamma_16_14;alpha_18_9;theta_17_1;beta_17_11;delta_16_12;theta_18_1;beta_10_11;alpha_17_1;delta_13_10;delta_1_14;delta_12_3;delta_18_2;gamma_11_15;gamma_17_11;beta_4_9;delta_18_15;gamma_11_6;delta_12_10;gamma_18_16;delta_18_1;gamma_12_14;delta_2_11;beta_18_8;delta_6_14
chb01,chb01_37,60,60,905;120;583;599;889;1211;888;293;582;295;893;179;277;299;12;1482;1195;1517;297;605;1080;587;601;189;1194;983;276;911;603;292;1151;907;1492;909;578;1200;264;901;46;1088;976;1407;884;595;213;1399;240;290;1291;1423;1506;97;1502;1214;303;196;1176;1528;289;1082,alpha_18_5;delta_8_2;theta_17_6;theta_18_5;alpha_17_6;beta_18_5;alpha_17_5;delta_18_5;theta_17_5;delta_18_7;alpha_17_10;delta_11_10;delta_17_6;delta_18_11;delta_1_14;gamma_16_4;beta_17_6;gamma_18_5;delta_18_9;theta_18_11;beta_10_11;theta_17_10;theta_18_7;delta_12_3;beta_17_5;beta_4_16;delta_17_5;alpha_18_11;theta_18_9;delta_18_4;beta_14_13;alpha_18_7;gamma_16_14;alpha_18_9;theta_17_1;beta_17_11;delta_16_10;alpha_18_1;delta_3_14;beta_11_1;beta_4_9;gamma_11_15;alpha_17_1;theta_18_1;delta_13_10;gamma_11_6;delta_15_3;delta_18_2;gamma_4_18;gamma_12_14;gamma_17_11;delta_6_14;gamma_17_7;beta_18_8;delta_18_15;delta_12_10;beta_16_4;gamma_18_16;delta_18_1;beta_10_13
chb01,chb01_38,60,60,905;26;583;599;889;1211;888;293;893;582;299;277;179;1517;46;295;1195;297;240;983;605;1482;587;1194;601;1151;276;603;911;1492;909;292;578;907;52;901;264;12;1200;303;1417;189;1173;595;884;265;976;1399;213;97;1407;1423;1502;289;1506;1197;196;138;29;1528,alpha_18_5;delta_2_11;theta_17_6;theta_18_5;alpha_17_6;beta_18_5;alpha_17_5;delta_18_5;alpha_17_10;theta_17_5;delta_18_11;delta_17_6;delta_11_10;gamma_18_5;delta_3_14;delta_18_7;beta_17_6;delta_18_9;delta_15_3;beta_4_16;theta_18_11;gamma_16_4;theta_17_10;beta_17_5;theta_18_7;beta_14_13;delta_17_5;theta_18_9;alpha_18_11;gamma_16_14;alpha_18_9;delta_18_4;theta_17_1;alpha_18_7;delta_4_2;alpha_18_1;delta_16_10;delta_1_14;beta_17_11;delta_18_15;gamma_12_7;delta_12_3;beta_16_1;theta_18_1;alpha_17_1;delta_16_11;beta_4_9;gamma_11_6;delta_13_10;delta_6_14;gamma_11_15;gamma_12_14;gamma_17_7;delta_18_1;gamma_17_11;beta_17_8;delta_12_10;delta_9_3;delta_2_14;gamma_18_16
chb01,chb01_39,60,60,905;0;583;599;889;1211;888;293;582;893;299;179;277;12;1517;295;1195;297;605;189;983;587;1169;601;1194;1176;276;603;911;292;1080;909;907;578;213;901;1151;1200;46;976;1492;240;595;1417;884;1173;264;985;303;1407;1399;1502;97;1197;289;1423;196;1506;1335;1528,alpha_18_5;delta_1_2;theta_17_6;theta_18_5;alpha_17_6;beta_18_5;alpha_17_5;delta_18_5;theta_17_5;alpha_17_10;delta_18_11;delta_11_10;delta_17_6;delta_1_14;gamma_18_5;delta_18_7;beta_17_6;delta_18_9;theta_18_11;delta_12_3;beta_4_16;theta_17_10;beta_15_14;theta_18_7;beta_17_5;beta_16_4;delta_17_5;theta_18_9;alpha_18_11;delta_18_4;beta_10_11;alpha_18_9;alpha_18_7;theta_17_1;delta_13_10;alpha_18_1;beta_14_13;beta_17_11;delta_3_14;beta_4_9;gamma_16_14;delta_15_3;theta_18_1;gamma_12_7;alpha_17_1;beta_16_1;delta_16_10;beta_4_18;delta_18_15;gamma_11_15;gamma_11_6;gamma_17_7;delta_6_14;beta_17_8;delta_18_1;gamma_12_14;delta_12_10;gamma_17_11;gamma_7_11;gamma_18_16
chb01,chb01_40,60,60,905;1222;583;599;196;889;1211;293;888;12;582;299;893;277;983;297;1195;1517;601;605;240;587;1194;1151;1482;295;292;603;276;911;179;1492;909;46;1200;907;578;901;985;1088;52;1417;189;595;976;884;264;1080;97;290;1484;1423;1506;303;213;1502;1407;289;266;29,alpha_18_5;beta_18_16;theta_17_6;theta_18_5;delta_12_10;alpha_17_6;beta_18_5;delta_18_5;alpha_17_5;delta_1_14;theta_17_5;delta_18_11;alpha_17_10;delta_17_6;beta_4_16;delta_18_9;beta_17_6;gamma_18_5;theta_18_7;theta_18_11;delta_15_3;theta_17_10;beta_17_5;beta_14_13;gamma_16_4;delta_18_7;delta_18_4;theta_18_9;delta_17_5;alpha_18_11;delta_11_10;gamma_16_14;alpha_18_9;delta_3_14;beta_17_11;alpha_18_7;theta_17_1;alpha_18_1;beta_4_18;beta_11_1;delta_4_2;gamma_12_7;delta_12_3;theta_18_1;beta_4_9;alpha_17_1;delta_16_10;beta_10_11;delta_6_14;delta_18_2;gamma_16_6;gamma_12_14;gamma_17_11;delta_18_15;delta_13_10;gamma_17_7;gamma_11_15;delta_18_1;delta_16_12;delta_2_14
chb01,chb01_41,60,60,905;120;583;599;889;1211;888;293;582;299;893;179;12;277;295;983;1517;1195;297;605;1194;189;1482;587;601;1492;292;603;276;911;1080;909;213;907;46;578;1200;901;1151;976;264;884;1139;240;595;1407;1335;97;266;1423;1502;303;196;1484;1197;289;131;1506;290;271,alpha_18_5;delta_8_2;theta_17_6;theta_18_5;alpha_17_6;beta_18_5;alpha_17_5;delta_18_5;theta_17_5;delta_18_11;alpha_17_10;delta_11_10;delta_1_14;delta_17_6;delta_18_7;beta_4_16;gamma_18_5;beta_17_6;delta_18_9;theta_18_11;beta_17_5;delta_12_3;gamma_16_4;theta_17_10;theta_18_7;gamma_16_14;delta_18_4;theta_18_9;delta_17_5;alpha_18_11;beta_10_11;alpha_18_9;delta_13_10;alpha_18_7;delta_3_14;theta_17_1;beta_17_11;alpha_18_1;beta_14_13;beta_4_9;delta_16_10;alpha_17_1;beta_14_1;delta_15_3;theta_18_1;gamma_11_15;gamma_7_11;delta_6_14;delta_16_12;gamma_12_14;gamma_17_7;delta_18_15;delta_12_10;gamma_16_6;beta_17_8;delta_18_1;delta_8_14;gamma_17_11;delta_18_2;delta_16_18
chb01,chb01_42,60,60,905;69;583;599;889;1211;888;293;582;295;893;46;277;299;138;179;297;1195;1517;605;1194;587;601;1151;1482;292;603;983;276;1492;911;909;907;265;1200;578;976;12;901;264;1088;1399;1407;240;595;884;985;97;213;1423;1502;1214;180;1082;289;1506;290;1417;29;1342,alpha_18_5;delta_5_2;theta_17_6;theta_18_5;alpha_17_6;beta_18_5;alpha_17_5;delta_18_5;theta_17_5;delta_18_7;alpha_17_10;delta_3_14;delta_17_6;delta_18_11;delta_9_3;delta_11_10;delta_18_9;beta_17_6;gamma_18_5;theta_18_11;beta_17_5;theta_17_10;theta_18_7;beta_14_13;gamma_16_4;delta_18_4;theta_18_9;beta_4_16;delta_17_5;gamma_16_14;alpha_18_11;alpha_18_9;alpha_18_7;delta_16_11;beta_17_11;theta_17_1;beta_4_9;delta_1_14;alpha_18_1;delta_16_10;beta_11_1;gamma_11_6;gamma_11_15;delta_15_3;theta_18_1;alpha_17_1;beta_4_18;delta_6_14;delta_13_10;gamma_12_14;gamma_17_7;beta_18_8;delta_11_12;beta_10_13;delta_18_1;gamma_17_11;delta_18_2;gamma_12_7;delta_2_14;gamma_7_18
chb01,chb01_43,60,60,905;335;583;587;599;889;1211;888;893;293;297;582;281;277;603;179;1517;605;1195;909;1482;295;1194;189;299;983;276;601;1080;578;1492;911;292;1506;901;46;907;1173;884;213;52;1407;1151;595;1526;284;240;12;264;1200;289;1399;1214;1199;1423;1502;985;303;97;1215,alpha_18_5;theta_2_14;theta_17_6;theta_17_10;theta_18_5;alpha_17_6;beta_18_5;alpha_17_5;alpha_17_10;delta_18_5;delta_18_9;theta_17_5;delta_17_10;delta_17_6;theta_18_9;delta_11_10;gamma_18_5;theta_18_11;beta_17_6;alpha_18_9;gamma_16_4;delta_18_7;beta_17_5;delta_12_3;delta_18_11;beta_4_16;delta_17_5;theta_18_7;beta_10_11;theta_17_1;gamma_16_14;alpha_18_11;delta_18_4;gamma_17_11;alpha_18_1;delta_3_14;alpha_18_7;beta_16_1;alpha_17_1;delta_13_10;delta_4_2;gamma_11_15;beta_14_13;theta_18_1;gamma_18_14;delta_17_13;delta_15_3;delta_1_14;delta_16_10;beta_17_11;delta_18_1;gamma_11_6;beta_18_8;beta_17_10;gamma_12_14;gamma_17_7;beta_4_18;delta_18_15;delta_6_14;beta_18_9
chb01,chb01_46,60,60,905;26;583;599;889;1211;888;293;893;582;299;277;179;1482;587;1517;1195;601;12;297;189;605;983;1194;1116;603;292;276;911;1492;295;52;578;909;1200;213;907;1450;901;46;1139;884;1080;240;595;264;1423;97;1506;1335;1502;1407;290;196;1197;281;289;1082;1417;1176,alpha_18_5;delta_2_11;theta_17_6;theta_18_5;alpha_17_6;beta_18_5;alpha_17_5;delta_18_5;alpha_17_10;theta_17_5;delta_18_11;delta_17_6;delta_11_10;gamma_16_4;theta_17_10;gamma_18_5;beta_17_6;theta_18_7;delta_1_14;delta_18_9;delta_12_3;theta_18_11;beta_4_16;beta_17_5;beta_12_13;theta_18_9;delta_18_4;delta_17_5;alpha_18_11;gamma_16_14;delta_18_7;delta_4_2;theta_17_1;alpha_18_9;beta_17_11;delta_13_10;alpha_18_7;gamma_14_6;alpha_18_1;delta_3_14;beta_14_1;alpha_17_1;beta_10_11;delta_15_3;theta_18_1;delta_16_10;gamma_12_14;delta_6_14;gamma_17_11;gamma_7_11;gamma_17_7;gamma_11_15;delta_18_2;delta_12_10;beta_17_8;delta_17_10;delta_18_1;beta_10_13;gamma_12_7;beta_16_4
chb02,chb02_01,100,100,1512;600;705;286;1413;18;809;886;1505;1404;713;295;1204;1326;1523;744;1503;491;1349;1433;435;1328;611;540;587;592;1232;891;75;1501;1489;527;601;1192;665;1307;300;1518;1206;898;734;1197;1378;805;906;1473;602;1278;281;716;1217;439;1507;503;1300;585;1430;438;1342;391;604;1315;407;1524;512;733;1212;1280;814;729;606;877;1351;1022;1387;893;285;908;1416;1386;416;917;518;1123;1347;370;630;1201;1334;1519;791;1298;1447;796;1407;910;381;1239;234;424,gamma_17_18;theta_18_6;alpha_6_10;delta_17_15;gamma_12_3;delta_2_3;alpha_12_11;alpha_17_3;gamma_17_10;gamma_11_12;alpha_6_18;delta_18_7;beta_17_15;gamma_7_1;gamma_18_11;alpha_8_15;gamma_17_8;theta_11_17;gamma_8_7;gamma_13_6;theta_8_12;gamma_7_3;theta_18_17;theta_14_15;theta_17_10;theta_17_15;gamma_1_10;alpha_17_8;delta_5_9;gamma_17_6;gamma_16_11;theta_14_1;theta_18_7;beta_17_3;alpha_4_3;gamma_5_17;delta_18_12;gamma_18_6;beta_17_18;alpha_17_15;alpha_8_4;beta_17_8;gamma_10_2;alpha_12_7;alpha_18_6;gamma_15_12;theta_18_8;gamma_4_5;delta_17_10;alpha_7_3;beta_18_11;theta_8_16;gamma_17_12;theta_12_11;gamma_5_10;theta_17_8;gamma_13_3;theta_8_15;gamma_7_18;theta_6_1;theta_18_10;gamma_6_8;theta_6_18;gamma_18_12;theta_13_3;alpha_8_3;beta_18_6;gamma_4_7;alpha_12_17;alpha_7_17;theta_18_12;alpha_16_11;gamma_8_10;beta_7_3;gamma_10_12;alpha_17_10;delta_17_14;alpha_18_8;gamma_12_6;gamma_10_11;theta_7_10;alpha_18_17;theta_13_9;beta_13_2;gamma_8_5;theta_4_15;alpha_2_3;beta_17_12;gamma_7_10;gamma_18_7;alpha_11_10;gamma_5_8;gamma_14_3;alpha_11_16;gamma_11_15;alpha_18_10;theta_5_9;gamma_1_17;delta_14_15;theta_7_18
chb02,chb02_02,100,100,1512;1249;587;374;359;1404;286;295;1430;99;503;1523;886;727;814;1505;1204;713;1503;442;1349;75;611;906;1315;540;891;898;1518;971;567;1501;1278;1239;1484;601;1489;428;300;1192;722;1206;592;1123;665;809;1197;600;602;1232;1507;604;1387;401;585;1326;1379;1342;1212;716;438;791;1217;281;407;1524;1280;1298;877;1328;86;661;908;797;512;1334;606;893;733;109;1464;1386;917;285;798;1473;1351;518;370;734;1201;1519;305;459;1347;296;630;1433;439;863,gamma_17_18;gamma_2_10;theta_17_10;theta_5_1;theta_4_3;gamma_11_12;delta_17_15;delta_18_7;gamma_13_3;delta_6_16;theta_12_11;gamma_18_11;alpha_17_3;alpha_7_15;alpha_12_17;gamma_17_10;beta_17_15;alpha_6_18;gamma_17_8;theta_9_1;gamma_8_7;delta_5_9;theta_18_17;alpha_18_6;gamma_6_8;theta_14_15;alpha_17_8;alpha_17_15;gamma_18_6;beta_4_3;theta_16_7;gamma_17_6;gamma_4_5;gamma_1_17;gamma_16_6;theta_18_7;gamma_16_11;theta_8_4;delta_18_12;beta_17_3;alpha_7_10;beta_17_18;theta_17_15;beta_13_2;alpha_4_3;alpha_12_11;beta_17_8;theta_18_6;theta_18_8;gamma_1_10;gamma_17_12;theta_18_10;gamma_10_12;theta_6_12;theta_17_8;gamma_7_1;gamma_10_3;gamma_7_18;beta_18_6;alpha_7_3;theta_8_15;alpha_11_10;beta_18_11;delta_17_10;theta_6_18;gamma_18_12;gamma_4_7;gamma_5_8;alpha_16_11;gamma_7_3;delta_6_2;alpha_3_17;alpha_18_8;alpha_11_17;theta_13_3;gamma_7_10;theta_18_12;alpha_17_10;alpha_8_3;delta_7_9;gamma_15_3;gamma_10_11;alpha_18_17;delta_17_14;alpha_11_18;gamma_15_12;gamma_8_10;theta_13_9;theta_4_15;alpha_8_4;beta_17_12;gamma_18_7;delta_18_17;theta_10_1;gamma_8_5;delta_18_8;alpha_2_3;gamma_13_6;theta_8_16;alpha_15_14
chb02,chb02_03,100,100,1512;722;600;898;1447;665;129;809;1505;1349;295;1404;1523;713;886;797;286;1503;438;1309;611;540;527;1239;587;891;1204;1416;1518;381;1501;1232;1192;300;1315;873;716;601;1489;592;1206;1429;1197;906;602;495;1328;439;1217;1387;281;503;1278;1507;1342;1266;733;585;1280;1430;1212;791;370;407;1524;604;1386;416;285;908;630;814;734;877;1473;1351;893;917;1022;1519;661;606;1379;75;1334;1298;1201;535;1484;305;1347;86;1199;234;1123;798;1229;296;613;421,gamma_17_18;alpha_7_10;theta_18_6;alpha_17_15;gamma_14_3;alpha_4_3;delta_8_12;alpha_12_11;gamma_17_10;gamma_8_7;delta_18_7;gamma_11_12;gamma_18_11;alpha_6_18;alpha_17_3;alpha_11_17;delta_17_15;gamma_17_8;theta_8_15;gamma_6_1;theta_18_17;theta_14_15;theta_14_1;gamma_1_17;theta_17_10;alpha_17_8;beta_17_15;gamma_12_6;gamma_18_6;theta_5_9;gamma_17_6;gamma_1_10;beta_17_3;delta_18_12;gamma_6_8;alpha_16_7;alpha_7_3;theta_18_7;gamma_16_11;theta_17_15;beta_17_18;gamma_13_2;beta_17_8;alpha_18_6;theta_18_8;theta_12_3;gamma_7_3;theta_8_16;beta_18_11;gamma_10_12;delta_17_10;theta_12_11;gamma_4_5;gamma_17_12;gamma_7_18;gamma_3_10;alpha_8_3;theta_17_8;gamma_4_7;gamma_13_3;beta_18_6;alpha_11_10;theta_4_15;theta_6_18;gamma_18_12;theta_18_10;gamma_10_11;theta_7_10;delta_17_14;alpha_18_8;alpha_2_3;alpha_12_17;alpha_8_4;alpha_16_11;gamma_15_12;gamma_8_10;alpha_17_10;alpha_18_17;beta_7_3;gamma_18_7;alpha_3_17;theta_18_12;gamma_10_3;delta_5_9;gamma_7_10;gamma_5_8;beta_17_12;theta_14_9;gamma_16_6;delta_18_17;gamma_8_5;delta_6_2;beta_17_10;delta_14_15;beta_13_2;alpha_11_18;gamma_1_7;delta_18_8;alpha_1_3;theta_7_15
chb02,chb02_04,100,100,1512;1413;333;286;600;1326;814;665;1404;1505;421;809;295;1307;1204;1523;441;1503;1192;75;1349;1232;611;1501;442;540;587;300;1416;592;891;873;601;1489;1315;733;1518;416;1206;1429;898;1197;906;1387;602;1278;439;1507;512;1217;281;716;503;661;585;1249;886;1430;438;1342;604;1524;407;1328;1212;797;1386;1473;86;1280;908;734;917;893;606;630;1300;518;629;285;1348;877;1362;791;435;1201;370;1022;1484;305;796;1519;296;381;1298;910;575;1347;722;1514,gamma_17_18;gamma_12_3;theta_2_12;delta_17_15;theta_18_6;gamma_7_1;alpha_12_17;alpha_4_3;gamma_11_12;gamma_17_10;theta_7_15;alpha_12_11;delta_18_7;gamma_5_17;beta_17_15;gamma_18_11;theta_8_18;gamma_17_8;beta_17_3;delta_5_9;gamma_8_7;gamma_1_10;theta_18_17;gamma_17_6;theta_9_1;theta_14_15;theta_17_10;delta_18_12;gamma_12_6;theta_17_15;alpha_17_8;alpha_16_7;theta_18_7;gamma_16_11;gamma_6_8;alpha_8_3;gamma_18_6;theta_7_10;beta_17_18;gamma_13_2;alpha_17_15;beta_17_8;alpha_18_6;gamma_10_12;theta_18_8;gamma_4_5;theta_8_16;gamma_17_12;theta_13_3;beta_18_11;delta_17_10;alpha_7_3;theta_12_11;alpha_3_17;theta_17_8;gamma_2_10;alpha_17_3;gamma_13_3;theta_8_15;gamma_7_18;theta_18_10;gamma_18_12;theta_6_18;gamma_7_3;beta_18_6;alpha_11_17;gamma_10_11;gamma_15_12;delta_6_2;gamma_4_7;alpha_18_8;alpha_8_4;alpha_18_17;alpha_17_10;theta_18_12;alpha_2_3;gamma_5_10;theta_13_9;alpha_2_1;delta_17_14;gamma_8_6;alpha_16_11;gamma_9_3;alpha_11_10;theta_8_12;beta_17_12;theta_4_15;beta_7_3;gamma_16_6;delta_18_17;alpha_11_16;gamma_18_7;delta_18_8;theta_5_9;gamma_5_8;alpha_18_10;theta_16_15;gamma_8_5;alpha_7_10;gamma_18_2
chb02,chb02_05,100,100,1512;1447;384;286;295;1404;647;1349;1505;1249;886;809;1523;676;407;442;1503;906;1204;75;611;665;1416;1326;1501;300;1489;587;1518;814;540;1315;891;592;873;416;601;1192;1206;1307;1123;1387;1328;1197;898;602;600;439;630;1278;1507;1232;503;1430;1212;585;1217;1280;281;438;716;1342;1524;441;1473;604;1386;479;1351;908;1429;381;1298;305;733;606;1484;1519;877;818;791;893;285;1022;729;917;435;629;296;370;1201;722;1362;1348;1115;796;1514;797;424;1347,gamma_17_18;gamma_14_3;theta_5_12;delta_17_15;delta_18_7;gamma_11_12;alpha_3_2;gamma_8_7;gamma_17_10;gamma_2_10;alpha_17_3;alpha_12_11;gamma_18_11;alpha_4_15;theta_6_18;theta_9_1;gamma_17_8;alpha_18_6;beta_17_15;delta_5_9;theta_18_17;alpha_4_3;gamma_12_6;gamma_7_1;gamma_17_6;delta_18_12;gamma_16_11;theta_17_10;gamma_18_6;alpha_12_17;theta_14_15;gamma_6_8;alpha_17_8;theta_17_15;alpha_16_7;theta_7_10;theta_18_7;beta_17_3;beta_17_18;gamma_5_17;beta_13_2;gamma_10_12;gamma_7_3;beta_17_8;alpha_17_15;theta_18_8;theta_18_6;theta_8_16;alpha_2_3;gamma_4_5;gamma_17_12;gamma_1_10;theta_12_11;gamma_13_3;beta_18_6;theta_17_8;beta_18_11;gamma_4_7;delta_17_10;theta_8_15;alpha_7_3;gamma_7_18;gamma_18_12;theta_8_18;gamma_15_12;theta_18_10;gamma_10_11;theta_11_4;gamma_8_10;alpha_18_8;gamma_13_2;theta_5_9;gamma_5_8;delta_18_17;alpha_8_3;theta_18_12;gamma_16_6;gamma_18_7;alpha_16_11;alpha_13_3;alpha_11_10;alpha_17_10;delta_17_14;beta_7_3;alpha_7_17;alpha_18_17;theta_8_12;alpha_2_1;delta_18_8;theta_4_15;beta_17_12;alpha_7_10;gamma_9_3;gamma_8_6;beta_12_11;alpha_11_16;gamma_18_2;alpha_11_17;theta_7_18;gamma_8_5
chb02,chb02_06,100,100,1512;399;286;295;665;1404;1429;503;1523;886;763;1249;1505;1204;1280;439;1326;1503;906;727;75;611;713;300;587;898;1416;1518;1489;1501;1307;540;891;1447;867;601;733;592;1206;1192;873;1315;1197;809;1328;602;600;1232;1387;1507;1278;281;435;585;512;1217;630;438;1342;1430;1212;1524;323;518;1349;1022;722;407;1386;304;814;908;604;428;305;1473;1351;716;1519;606;893;877;746;1379;1298;796;109;917;370;1229;1484;296;1334;1201;86;1347;971;791;1407;1115,gamma_17_18;theta_6_10;delta_17_15;delta_18_7;alpha_4_3;gamma_11_12;gamma_13_2;theta_12_11;gamma_18_11;alpha_17_3;alpha_9_17;gamma_2_10;gamma_17_10;beta_17_15;gamma_4_7;theta_8_16;gamma_7_1;gamma_17_8;alpha_18_6;alpha_7_15;delta_5_9;theta_18_17;alpha_6_18;delta_18_12;theta_17_10;alpha_17_15;gamma_12_6;gamma_18_6;gamma_16_11;gamma_17_6;gamma_5_17;theta_14_15;alpha_17_8;gamma_14_3;alpha_16_1;theta_18_7;alpha_8_3;theta_17_15;beta_17_18;beta_17_3;alpha_16_7;gamma_6_8;beta_17_8;alpha_12_11;gamma_7_3;theta_18_8;theta_18_6;gamma_1_10;gamma_10_12;gamma_17_12;gamma_4_5;delta_17_10;theta_8_12;theta_17_8;theta_13_3;beta_18_11;alpha_2_3;theta_8_15;gamma_7_18;gamma_13_3;beta_18_6;gamma_18_12;theta_2_1;theta_13_9;gamma_8_7;beta_7_3;alpha_7_10;theta_6_18;gamma_10_11;delta_18_16;alpha_12_17;alpha_18_8;theta_18_10;theta_8_4;delta_18_17;gamma_15_12;gamma_8_10;alpha_7_3;gamma_18_7;theta_18_12;alpha_17_10;alpha_16_11;alpha_8_17;gamma_10_3;gamma_5_8;alpha_11_16;delta_7_9;alpha_18_17;theta_4_15;gamma_1_7;gamma_16_6;delta_18_8;gamma_7_10;beta_17_12;delta_6_2;gamma_8_5;beta_4_3;alpha_11_10;gamma_11_15;beta_12_11
chb02,chb02_07,100,100,1512;421;816;600;286;1430;1326;503;359;1232;1523;886;356;295;1505;1204;1404;415;1503;1349;611;422;661;587;1328;1484;300;1518;592;891;873;1501;814;1315;1489;601;540;1192;665;1206;898;1123;416;809;1197;906;585;1278;1358;602;281;518;428;1266;1524;1387;1217;716;495;1280;1507;727;1212;435;796;1464;1342;604;1022;877;75;908;1239;917;285;1298;1300;893;606;713;733;1433;1473;1386;1519;296;1480;438;797;1229;1201;305;1351;1347;234;971;439;1514;798;910,gamma_17_18;theta_7_15;alpha_13_1;theta_18_6;delta_17_15;gamma_13_3;gamma_7_1;theta_12_11;theta_4_3;gamma_1_10;gamma_18_11;alpha_17_3;theta_3_18;delta_18_7;gamma_17_10;beta_17_15;gamma_11_12;theta_7_9;gamma_17_8;gamma_8_7;theta_18_17;theta_7_16;alpha_3_17;theta_17_10;gamma_7_3;gamma_16_6;delta_18_12;gamma_18_6;theta_17_15;alpha_17_8;alpha_16_7;gamma_17_6;alpha_12_17;gamma_6_8;gamma_16_11;theta_18_7;theta_14_15;beta_17_3;alpha_4_3;beta_17_18;alpha_17_15;beta_13_2;theta_7_10;alpha_12_11;beta_17_8;alpha_18_6;theta_17_8;gamma_4_5;gamma_8_17;theta_18_8;delta_17_10;theta_13_9;theta_8_4;gamma_3_10;gamma_18_12;gamma_10_12;beta_18_11;alpha_7_3;theta_12_3;gamma_4_7;gamma_17_12;alpha_7_15;beta_18_6;theta_8_12;alpha_11_16;gamma_15_3;gamma_7_18;theta_18_10;beta_7_3;alpha_16_11;delta_5_9;alpha_18_8;gamma_1_17;alpha_18_17;delta_17_14;gamma_5_8;gamma_5_10;alpha_17_10;theta_18_12;alpha_6_18;alpha_8_3;gamma_13_6;gamma_15_12;gamma_10_11;gamma_18_7;delta_18_8;gamma_16_2;theta_8_15;alpha_11_17;gamma_1_7;beta_17_12;delta_18_17;gamma_8_10;gamma_8_5;delta_14_15;beta_4_3;theta_8_16;gamma_18_2;alpha_11_18;alpha_18_10
chb02,chb02_08,100,100,1512;600;856;381;898;711;1404;665;1505;1430;1349;295;441;1232;809;1523;286;300;611;727;1192;459;1503;797;587;1315;540;1204;891;1518;314;1328;1416;629;601;1501;1489;1239;592;1206;733;602;1123;906;1278;1197;1387;503;1217;1507;281;1351;435;716;585;1413;438;604;1280;1524;518;734;1342;1212;814;407;1334;877;1022;908;495;1298;893;1473;416;606;630;1386;75;285;917;729;1429;796;1519;304;873;1347;744;296;1199;1300;613;305;439;1201;527;1379;886;1229,gamma_17_18;theta_18_6;alpha_15_7;theta_5_9;alpha_17_15;alpha_6_16;gamma_11_12;alpha_4_3;gamma_17_10;gamma_13_3;gamma_8_7;delta_18_7;theta_8_18;gamma_1_10;alpha_12_11;gamma_18_11;delta_17_15;delta_18_12;theta_18_17;alpha_7_15;beta_17_3;theta_10_1;gamma_17_8;alpha_11_17;theta_17_10;gamma_6_8;theta_14_15;beta_17_15;alpha_17_8;gamma_18_6;theta_1_10;gamma_7_3;gamma_12_6;alpha_2_1;theta_18_7;gamma_17_6;gamma_16_11;gamma_1_17;theta_17_15;beta_17_18;alpha_8_3;theta_18_8;beta_13_2;alpha_18_6;gamma_4_5;beta_17_8;gamma_10_12;theta_12_11;beta_18_11;gamma_17_12;delta_17_10;gamma_8_10;theta_8_12;alpha_7_3;theta_17_8;gamma_12_3;theta_8_15;theta_18_10;gamma_4_7;gamma_18_12;theta_13_9;alpha_8_4;gamma_7_18;beta_18_6;alpha_12_17;theta_6_18;gamma_7_10;alpha_16_11;beta_7_3;alpha_18_8;theta_12_3;gamma_5_8;alpha_17_10;gamma_15_12;theta_7_10;theta_18_12;alpha_2_3;gamma_10_11;delta_5_9;delta_17_14;alpha_18_17;alpha_7_17;gamma_13_2;alpha_11_16;gamma_18_7;delta_18_16;alpha_16_7;gamma_8_5;alpha_8_15;delta_18_8;beta_17_10;gamma_5_10;alpha_1_3;delta_18_17;theta_8_16;beta_17_12;theta_14_1;gamma_10_3;alpha_17_3;gamma_1_7
chb02,chb02_09,100,100,1512;705;1430;600;286;665;809;99;1505;295;1204;1404;1523;1278;1484;491;1503;1349;421;886;611;407;540;587;300;1232;442;1315;1501;873;898;1489;601;971;75;1518;891;1239;1206;592;734;1192;1197;906;1123;602;733;503;281;1387;1217;1351;1507;746;585;1447;401;1280;1328;438;604;552;1342;86;1524;1212;791;1309;416;716;1386;441;591;814;1334;606;512;1473;1298;893;917;1416;877;1022;908;439;796;305;1464;1347;1348;1199;630;370;1300;296;1519;1201;805;1229,gamma_17_18;alpha_6_10;gamma_13_3;theta_18_6;delta_17_15;alpha_4_3;alpha_12_11;delta_6_16;gamma_17_10;delta_18_7;beta_17_15;gamma_11_12;gamma_18_11;gamma_4_5;gamma_16_6;theta_11_17;gamma_17_8;gamma_8_7;theta_7_15;alpha_17_3;theta_18_17;theta_6_18;theta_14_15;theta_17_10;delta_18_12;gamma_1_10;theta_9_1;gamma_6_8;gamma_17_6;alpha_16_7;alpha_17_15;gamma_16_11;theta_18_7;beta_4_3;delta_5_9;gamma_18_6;alpha_17_8;gamma_1_17;beta_17_18;theta_17_15;alpha_8_4;beta_17_3;beta_17_8;alpha_18_6;beta_13_2;theta_18_8;alpha_8_3;theta_12_11;delta_17_10;gamma_10_12;beta_18_11;gamma_8_10;gamma_17_12;alpha_8_17;theta_17_8;gamma_14_3;theta_6_12;gamma_4_7;gamma_7_3;theta_8_15;theta_18_10;theta_15_9;gamma_7_18;delta_6_2;gamma_18_12;beta_18_6;alpha_11_10;gamma_6_1;theta_7_10;alpha_7_3;gamma_10_11;theta_8_18;theta_17_14;alpha_12_17;gamma_7_10;theta_18_12;theta_13_3;gamma_15_12;gamma_5_8;alpha_17_10;alpha_18_17;gamma_12_6;alpha_16_11;beta_7_3;alpha_18_8;theta_8_16;alpha_11_16;delta_18_17;gamma_15_3;gamma_8_5;gamma_8_6;beta_17_10;alpha_2_3;theta_4_15;gamma_5_10;delta_18_8;gamma_18_7;beta_17_12;alpha_12_7;gamma_1_7
chb02,chb02_10,100,100,1512;1464;426;295;286;1249;809;422;1505;1404;1204;727;1349;1523;1022;75;848;1503;906;886;407;611;540;442;300;587;898;1326;1501;1239;1315;601;1489;665;891;1518;1416;416;592;1206;1123;1192;1197;873;585;604;1232;503;716;1217;1473;1430;744;602;1212;401;1280;1278;1507;1342;518;285;281;630;798;1386;1328;1524;600;1334;323;1298;441;814;917;1379;304;877;734;908;676;893;733;1387;109;1351;293;1348;606;305;591;791;495;729;971;439;1429;296;1519;910,gamma_17_18;gamma_15_3;theta_8_2;delta_18_7;delta_17_15;gamma_2_10;alpha_12_11;theta_7_16;gamma_17_10;gamma_11_12;beta_17_15;alpha_7_15;gamma_8_7;gamma_18_11;beta_7_3;delta_5_9;alpha_14_17;gamma_17_8;alpha_18_6;alpha_17_3;theta_6_18;theta_18_17;theta_14_15;theta_9_1;delta_18_12;theta_17_10;alpha_17_15;gamma_7_1;gamma_17_6;gamma_1_17;gamma_6_8;theta_18_7;gamma_16_11;alpha_4_3;alpha_17_8;gamma_18_6;gamma_12_6;theta_7_10;theta_17_15;beta_17_18;beta_13_2;beta_17_3;beta_17_8;alpha_16_7;theta_17_8;theta_18_10;gamma_1_10;theta_12_11;alpha_7_3;beta_18_11;gamma_15_12;gamma_13_3;alpha_8_15;theta_18_8;beta_18_6;theta_6_12;gamma_4_7;gamma_4_5;gamma_17_12;gamma_7_18;theta_13_9;delta_17_14;delta_17_10;alpha_2_3;alpha_11_18;gamma_10_11;gamma_7_3;gamma_18_12;theta_18_6;gamma_7_10;theta_2_1;gamma_5_8;theta_8_18;alpha_12_17;alpha_18_17;gamma_10_3;delta_18_16;alpha_16_11;alpha_8_4;alpha_18_8;alpha_4_15;alpha_17_10;alpha_8_3;gamma_10_12;delta_7_9;gamma_8_10;delta_18_5;gamma_8_6;theta_18_12;delta_18_17;theta_17_14;alpha_11_10;theta_12_3;alpha_7_17;beta_4_3;theta_8_16;gamma_13_2;delta_18_8;gamma_18_7;alpha_18_10
chb02,chb02_11,100,100,1512;688;1365;591;295;1326;324;809;1523;441;286;1404;1505;727;1349;886;1503;1464;1204;906;95;1239;611;867;540;1328;75;1501;814;587;891;1232;1518;1315;592;665;300;873;1192;601;1206;1489;1197;518;1278;898;439;1524;1123;600;503;716;602;1342;438;281;1217;1473;1266;585;407;1430;734;1212;1507;1280;1022;729;604;877;1416;630;917;285;908;1334;512;1298;893;797;1386;606;109;971;370;1387;1519;424;1429;234;305;1201;1351;435;1347;733;796;1348;1115;910,gamma_17_18;alpha_5_10;gamma_9_6;theta_17_14;delta_18_7;gamma_7_1;theta_2_3;alpha_12_11;gamma_18_11;theta_8_18;delta_17_15;gamma_11_12;gamma_17_10;alpha_7_15;gamma_8_7;alpha_17_3;gamma_17_8;gamma_15_3;beta_17_15;alpha_18_6;delta_6_12;gamma_1_17;theta_18_17;alpha_16_1;theta_14_15;gamma_7_3;delta_5_9;gamma_17_6;alpha_12_17;theta_17_10;alpha_17_8;gamma_1_10;gamma_18_6;gamma_6_8;theta_17_15;alpha_4_3;delta_18_12;alpha_16_7;beta_17_3;theta_18_7;beta_17_18;gamma_16_11;beta_17_8;theta_13_9;gamma_4_5;alpha_17_15;theta_8_16;gamma_18_12;beta_13_2;theta_18_6;theta_12_11;alpha_7_3;theta_18_8;gamma_7_18;theta_8_15;delta_17_10;beta_18_11;gamma_15_12;gamma_3_10;theta_17_8;theta_6_18;gamma_13_3;alpha_8_4;beta_18_6;gamma_17_12;gamma_4_7;beta_7_3;alpha_7_17;theta_18_10;alpha_16_11;gamma_12_6;alpha_2_3;alpha_18_17;delta_17_14;alpha_18_8;gamma_7_10;theta_13_3;gamma_5_8;alpha_17_10;alpha_11_17;gamma_10_11;theta_18_12;delta_7_9;beta_4_3;theta_4_15;gamma_10_12;gamma_18_7;theta_7_18;gamma_13_2;delta_14_15;delta_18_17;beta_17_12;gamma_8_10;theta_8_12;gamma_8_5;alpha_8_3;alpha_11_16;gamma_8_6;beta_12_11;alpha_18_10
chb02,chb02_12,100,100,1512;286;662;295;359;1404;1232;503;886;1505;727;1430;1523;109;1204;1280;814;587;1503;611;439;540;1278;1501;1489;1239;442;300;1518;898;971;906;1416;891;1192;1315;416;1206;873;592;601;1197;809;665;1123;281;1524;1387;1217;1334;585;729;1342;600;1328;518;602;697;407;1349;1447;401;716;1507;604;863;1348;1212;438;864;1351;285;734;877;917;75;1473;495;908;733;893;1347;1386;293;1298;797;606;722;1484;1514;1022;791;424;1464;1519;305;1201;910;630;1300,gamma_17_18;delta_17_15;alpha_3_18;delta_18_7;theta_4_3;gamma_11_12;gamma_1_10;theta_12_11;alpha_17_3;gamma_17_10;alpha_7_15;gamma_13_3;gamma_18_11;delta_7_9;beta_17_15;gamma_4_7;alpha_12_17;theta_17_10;gamma_17_8;theta_18_17;theta_8_16;theta_14_15;gamma_4_5;gamma_17_6;gamma_16_11;gamma_1_17;theta_9_1;delta_18_12;gamma_18_6;alpha_17_15;beta_4_3;alpha_18_6;gamma_12_6;alpha_17_8;beta_17_3;gamma_6_8;theta_7_10;beta_17_18;alpha_16_7;theta_17_15;theta_18_7;beta_17_8;alpha_12_11;alpha_4_3;beta_13_2;delta_17_10;gamma_18_12;gamma_10_12;beta_18_11;gamma_7_10;theta_17_8;alpha_7_17;gamma_7_18;theta_18_6;gamma_7_3;theta_13_9;theta_18_8;alpha_6_1;theta_6_18;gamma_8_7;gamma_14_3;theta_6_12;alpha_7_3;gamma_17_12;theta_18_10;alpha_15_14;gamma_8_6;beta_18_6;theta_8_15;alpha_15_16;gamma_8_10;delta_17_14;alpha_8_4;alpha_16_11;alpha_18_17;delta_5_9;gamma_15_12;theta_12_3;alpha_18_8;alpha_8_3;alpha_17_10;gamma_8_5;gamma_10_11;delta_18_5;gamma_5_8;alpha_11_17;theta_18_12;alpha_7_10;gamma_16_6;gamma_18_2;beta_7_3;alpha_11_10;theta_7_18;gamma_15_3;gamma_18_7;delta_18_17;beta_17_12;alpha_18_10;alpha_2_3;gamma_5_10
chb02,chb02_13,100,100,1512;295;421;286;802;665;1266;809;1523;1413;713;381;1505;886;1404;1326;540;1503;1204;906;491;1315;611;435;300;587;1349;1484;1501;561;1489;891;592;416;601;1239;1206;733;1197;1192;1518;898;428;1123;1328;602;600;503;1278;1217;1473;281;1232;585;873;1430;439;1524;716;407;798;1342;370;1507;391;1280;604;729;1115;1348;814;75;1298;1212;908;630;285;917;1351;1387;893;1447;1386;487;1022;606;575;382;1416;293;796;1347;877;1519;296;424;495;1199;1334;438,gamma_17_18;delta_18_7;theta_7_15;delta_17_15;alpha_12_4;alpha_4_3;gamma_3_10;alpha_12_11;gamma_18_11;gamma_12_3;alpha_6_18;theta_5_9;gamma_17_10;alpha_17_3;gamma_11_12;gamma_7_1;theta_14_15;gamma_17_8;beta_17_15;alpha_18_6;theta_11_17;gamma_6_8;theta_18_17;theta_8_12;delta_18_12;theta_17_10;gamma_8_7;gamma_16_6;gamma_17_6;theta_16_1;gamma_16_11;alpha_17_8;theta_17_15;theta_7_10;theta_18_7;gamma_1_17;beta_17_18;alpha_8_3;beta_17_8;beta_17_3;gamma_18_6;alpha_17_15;theta_8_4;beta_13_2;gamma_7_3;theta_18_8;theta_18_6;theta_12_11;gamma_4_5;beta_18_11;gamma_15_12;delta_17_10;gamma_1_10;theta_17_8;alpha_16_7;gamma_13_3;theta_8_16;gamma_18_12;alpha_7_3;theta_6_18;alpha_11_18;gamma_7_18;theta_4_15;gamma_17_12;theta_6_1;gamma_4_7;theta_18_10;alpha_7_17;beta_12_11;gamma_8_6;alpha_12_17;delta_5_9;gamma_5_8;beta_18_6;alpha_18_8;alpha_2_3;delta_17_14;alpha_18_17;gamma_8_10;gamma_10_12;alpha_17_10;gamma_14_3;gamma_10_11;theta_11_13;beta_7_3;theta_18_12;theta_16_15;theta_5_10;gamma_12_6;delta_18_5;alpha_11_16;gamma_8_5;alpha_16_11;gamma_18_7;delta_18_8;theta_7_18;theta_12_3;beta_17_10;gamma_7_10;theta_8_15
chb02,chb02_14,100,100,1512;1413;92;286;295;639;1020;324;1266;1505;886;809;906;1404;1523;1204;407;438;1503;459;1349;814;611;1328;587;1501;592;661;873;300;1416;601;1518;891;1489;540;1192;416;1278;665;1315;898;1206;1197;1429;600;1387;602;1232;512;518;1217;281;503;439;1507;1307;716;585;1212;1342;1430;727;604;1524;424;1280;1022;797;1334;877;734;1473;908;75;893;285;1386;1309;733;917;1519;1298;606;305;1447;314;1433;1358;296;1347;808;910;630;1351;1407;370;713;442;1201,gamma_17_18;gamma_12_3;delta_6_9;delta_17_15;delta_18_7;alpha_2_12;beta_7_1;theta_2_3;gamma_3_10;gamma_17_10;alpha_17_3;alpha_12_11;alpha_18_6;gamma_11_12;gamma_18_11;beta_17_15;theta_6_18;theta_8_15;gamma_17_8;theta_10_1;gamma_8_7;alpha_12_17;theta_18_17;gamma_7_3;theta_17_10;gamma_17_6;theta_17_15;alpha_3_17;alpha_16_7;delta_18_12;gamma_12_6;theta_18_7;gamma_18_6;alpha_17_8;gamma_16_11;theta_14_15;beta_17_3;theta_7_10;gamma_4_5;alpha_4_3;gamma_6_8;alpha_17_15;beta_17_18;beta_17_8;gamma_13_2;theta_18_6;gamma_10_12;theta_18_8;gamma_1_10;theta_13_3;theta_13_9;beta_18_11;delta_17_10;theta_12_11;theta_8_16;gamma_17_12;gamma_5_17;alpha_7_3;theta_17_8;beta_18_6;gamma_7_18;gamma_13_3;alpha_7_15;theta_18_10;gamma_18_12;theta_7_18;gamma_4_7;beta_7_3;alpha_11_17;gamma_7_10;alpha_16_11;alpha_8_4;gamma_15_12;alpha_18_8;delta_5_9;alpha_17_10;delta_17_14;gamma_10_11;gamma_6_1;alpha_8_3;alpha_18_17;gamma_18_7;gamma_5_8;theta_18_12;delta_18_17;gamma_14_3;theta_1_10;gamma_13_6;gamma_8_17;delta_18_8;gamma_8_5;alpha_12_10;alpha_18_10;alpha_2_3;gamma_8_10;gamma_11_15;theta_4_15;alpha_6_18;theta_9_1;beta_17_12
chb02,chb02_15,100,100,1512;722;295;257;898;1404;503;407;587;1039;1523;1430;1326;727;457;1505;1239;286;1192;1503;1349;435;611;540;1416;1518;1501;1489;601;1204;665;891;906;1232;442;300;381;1206;809;592;1315;1197;1429;1217;1507;281;873;602;716;1212;1387;1278;585;439;886;604;1447;1328;1249;744;1342;1524;791;877;416;600;630;441;908;814;1307;1386;893;1473;323;1298;285;917;1022;1484;1280;606;1464;234;1334;305;796;1519;428;1201;438;733;1199;75;1123;757;296;910;1347;798,gamma_17_18;alpha_7_10;delta_18_7;delta_16_3;alpha_17_15;gamma_11_12;theta_12_11;theta_6_18;theta_17_10;beta_8_3;gamma_18_11;gamma_13_3;gamma_7_1;alpha_7_15;theta_9_17;gamma_17_10;gamma_1_17;delta_17_15;beta_17_3;gamma_17_8;gamma_8_7;theta_8_12;theta_18_17;theta_14_15;gamma_12_6;gamma_18_6;gamma_17_6;gamma_16_11;theta_18_7;beta_17_15;alpha_4_3;alpha_17_8;alpha_18_6;gamma_1_10;theta_9_1;delta_18_12;theta_5_9;beta_17_18;alpha_12_11;theta_17_15;gamma_6_8;beta_17_8;gamma_13_2;beta_18_11;gamma_17_12;delta_17_10;alpha_16_7;theta_18_8;alpha_7_3;beta_18_6;gamma_10_12;gamma_4_5;theta_17_8;theta_8_16;alpha_17_3;theta_18_10;gamma_14_3;gamma_7_3;gamma_2_10;alpha_8_15;gamma_7_18;gamma_18_12;alpha_11_10;alpha_16_11;theta_7_10;theta_18_6;alpha_2_3;theta_8_18;alpha_18_8;alpha_12_17;gamma_5_17;gamma_10_11;alpha_17_10;gamma_15_12;theta_2_1;gamma_5_8;delta_17_14;alpha_18_17;beta_7_3;gamma_16_6;gamma_4_7;theta_18_12;gamma_15_3;delta_14_15;gamma_7_10;delta_18_17;alpha_11_16;gamma_18_7;theta_8_4;beta_17_12;theta_8_15;alpha_8_3;beta_17_10;delta_5_9;beta_13_2;alpha_9_11;delta_18_8;alpha_18_10;gamma_8_5;alpha_11_18
chb02,chb02_16,100,100,1512;400;1256;587;540;734;51;733;1286;1404;1518;1523;1505;744;136;601;1120;611;407;839;908;415;809;1348;133;1522;1413;1501;1300;602;910;1022;295;614;49;891;1212;1387;1401;917;282;727;1252;1216;1489;434;1503;495;293;971;300;814;305;428;1228;629;1199;1408;118;221;907;1514;385;1197;438;604;716;1280;1333;585;1307;439;1094;846;366;1328;906;1214;648;1269;1271;1524;75;1115;441;1279;797;1217;665;1473;610;1249;1278;198;683;370;238;1507;697;1039,gamma_17_18;theta_6_11;gamma_2_17;theta_17_10;theta_14_15;alpha_8_4;delta_4_1;alpha_8_3;gamma_4_13;gamma_11_12;gamma_18_6;gamma_18_11;gamma_17_10;alpha_8_15;delta_9_1;theta_18_7;beta_12_17;theta_18_17;theta_6_18;alpha_14_7;alpha_18_8;theta_7_9;alpha_12_11;gamma_8_6;delta_8_16;gamma_18_10;gamma_12_3;gamma_17_6;gamma_5_10;theta_18_8;alpha_18_10;beta_7_3;delta_18_7;alpha_1_4;delta_3_17;alpha_17_8;beta_18_6;gamma_10_12;gamma_11_8;alpha_18_17;delta_17_11;alpha_7_15;gamma_2_13;beta_18_10;gamma_16_11;theta_8_11;gamma_17_8;theta_12_3;delta_18_5;beta_4_3;delta_18_12;alpha_12_17;delta_18_17;theta_8_4;gamma_1_6;alpha_2_1;beta_17_10;gamma_11_16;delta_7_18;delta_14_1;alpha_18_7;gamma_18_2;theta_5_13;beta_17_8;theta_8_15;theta_18_10;alpha_7_3;gamma_4_7;gamma_7_9;theta_17_8;gamma_5_17;theta_8_16;beta_11_7;alpha_14_15;theta_4_11;gamma_7_3;alpha_18_6;beta_18_8;alpha_3_4;gamma_3_13;gamma_3_15;gamma_18_12;delta_5_9;beta_12_11;theta_8_18;gamma_4_6;alpha_11_17;beta_18_11;alpha_4_3;gamma_15_12;theta_18_16;gamma_2_10;gamma_4_5;delta_12_13;alpha_5_4;theta_4_15;delta_15_1;gamma_17_12;alpha_6_1;beta_8_3
chb02,chb02_16+,40,40,286;1430;656;1326;1512;600;886;1300;665;1204;809;799;295;1505;592;1192;791;1206;915;1349;1523;898;713;567;75;1503;1429;722;591;1404;1315;587;578;824;1461;300;787;1342;285;294,delta_17_15;gamma_13_3;alpha_3_12;gamma_7_1;gamma_17_18;theta_18_6;alpha_17_3;gamma_5_10;alpha_4_3;beta_17_15;alpha_12_11;alpha_12_1;delta_18_7;gamma_17_10;theta_17_15;beta_17_3;alpha_11_10;beta_17_18;alpha_18_15;gamma_8_7;gamma_18_11;alpha_17_15;alpha_6_18;theta_16_7;delta_5_9;gamma_17_8;gamma_13_2;alpha_7_10;theta_17_14;gamma_11_12;gamma_6_8;theta_17_10;theta_17_1;alpha_13_9;gamma_14_18;delta_18_12;alpha_11_6;gamma_7_18;delta_17_14;delta_18_6
chb02,chb02_17,100,100,1512;1266;69;286;727;1396;295;809;1505;1349;1404;1345;1204;1523;442;407;1503;587;439;1192;814;611;540;1501;1326;891;906;416;665;1307;898;601;873;300;1315;1489;1206;1433;75;1197;1518;1123;592;602;604;1342;1232;716;877;585;600;401;1278;1430;1217;1507;370;1387;281;886;1280;1524;630;734;661;908;1271;893;713;503;1212;1328;1334;495;606;285;467;1298;305;797;733;722;1429;1386;1199;1473;917;234;293;796;1519;422;1201;1022;1351;1347;438;910;296;1413,gamma_17_18;gamma_3_10;delta_5_2;delta_17_15;alpha_7_15;gamma_11_3;delta_18_7;alpha_12_11;gamma_17_10;gamma_8_7;gamma_11_12;gamma_8_3;beta_17_15;gamma_18_11;theta_9_1;theta_6_18;gamma_17_8;theta_17_10;theta_8_16;beta_17_3;alpha_12_17;theta_18_17;theta_14_15;gamma_17_6;gamma_7_1;alpha_17_8;alpha_18_6;theta_7_10;alpha_4_3;gamma_5_17;alpha_17_15;theta_18_7;alpha_16_7;delta_18_12;gamma_6_8;gamma_16_11;beta_17_18;gamma_13_6;delta_5_9;beta_17_8;gamma_18_6;beta_13_2;theta_17_15;theta_18_8;theta_18_10;gamma_7_18;gamma_1_10;alpha_7_3;alpha_16_11;theta_17_8;theta_18_6;theta_6_12;gamma_4_5;gamma_13_3;beta_18_11;gamma_17_12;theta_4_15;gamma_10_12;delta_17_10;alpha_17_3;gamma_4_7;gamma_18_12;alpha_2_3;alpha_8_4;alpha_3_17;alpha_18_8;gamma_3_15;alpha_17_10;alpha_6_18;theta_12_11;beta_18_6;gamma_7_3;gamma_7_10;theta_12_3;theta_18_12;delta_17_14;theta_10_9;gamma_5_8;delta_18_17;alpha_11_17;alpha_8_3;alpha_7_10;gamma_13_2;gamma_10_11;beta_17_10;gamma_15_12;alpha_18_17;delta_14_15;delta_18_5;alpha_11_16;gamma_18_7;theta_7_16;beta_17_12;beta_7_3;gamma_8_10;gamma_8_5;theta_8_15;alpha_18_10;delta_18_8;gamma_12_3
chb02,chb02_18,100,100,1512;1249;341;13;1447;587;286;1404;295;645;503;1278;1523;1204;1503;1505;405;540;1349;611;491;1192;665;1501;75;1518;300;1416;592;527;1239;891;906;1489;722;601;873;1328;1123;1206;898;1197;1326;809;602;281;716;1217;1315;791;1232;1430;585;600;435;1507;661;1271;604;1342;495;1022;518;886;1524;1212;407;293;1387;1280;908;1351;438;630;814;917;893;1464;285;1115;606;734;234;1348;1298;416;1347;733;1429;296;1334;305;439;1199;785;1473;1386;1484;1201;1519,gamma_17_18;gamma_2_10;theta_3_2;delta_1_15;gamma_14_3;theta_17_10;delta_17_15;gamma_11_12;delta_18_7;alpha_2_18;theta_12_11;gamma_4_5;gamma_18_11;beta_17_15;gamma_17_8;gamma_17_10;theta_6_16;theta_14_15;gamma_8_7;theta_18_17;theta_11_17;beta_17_3;alpha_4_3;gamma_17_6;delta_5_9;gamma_18_6;delta_18_12;gamma_12_6;theta_17_15;theta_14_1;gamma_1_17;alpha_17_8;alpha_18_6;gamma_16_11;alpha_7_10;theta_18_7;alpha_16_7;gamma_7_3;beta_13_2;beta_17_18;alpha_17_15;beta_17_8;gamma_7_1;alpha_12_11;theta_18_8;delta_17_10;alpha_7_3;beta_18_11;gamma_6_8;alpha_11_10;gamma_1_10;gamma_13_3;theta_17_8;theta_18_6;theta_8_12;gamma_17_12;alpha_3_17;gamma_3_15;theta_18_10;gamma_7_18;theta_12_3;beta_7_3;theta_13_9;alpha_17_3;gamma_18_12;beta_18_6;theta_6_18;delta_18_5;gamma_10_12;gamma_4_7;alpha_18_8;gamma_8_10;theta_8_15;alpha_2_3;alpha_12_17;alpha_18_17;alpha_17_10;gamma_15_3;delta_17_14;beta_12_11;theta_18_12;alpha_8_4;delta_14_15;gamma_8_6;gamma_5_8;theta_7_10;gamma_8_5;alpha_8_3;gamma_13_2;delta_18_8;gamma_7_10;delta_18_17;theta_8_16;beta_17_10;alpha_11_4;gamma_15_12;gamma_10_11;gamma_16_6;beta_17_12;gamma_18_7
chb02,chb02_19,100,100,1512;637;600;286;1413;665;1309;809;95;1505;1204;295;1404;713;1523;797;540;891;1382;421;611;1232;1518;300;1192;479;587;1280;592;1328;1501;75;1503;1315;527;601;630;898;585;1429;1239;1278;906;1489;1197;439;512;1206;1217;1473;503;602;1212;733;416;285;1484;1507;1351;873;438;281;428;791;1524;1430;407;716;1304;604;1386;908;1387;1348;814;1342;606;877;893;1349;1334;1326;86;1407;1022;305;405;1378;729;1201;785;1298;1416;370;1519;1199;917;433;234;1347,gamma_17_18;alpha_2_10;theta_18_6;delta_17_15;gamma_12_3;alpha_4_3;gamma_6_1;alpha_12_11;delta_6_12;gamma_17_10;beta_17_15;delta_18_7;gamma_11_12;alpha_6_18;gamma_18_11;alpha_11_17;theta_14_15;alpha_17_8;gamma_10_6;theta_7_15;theta_18_17;gamma_1_10;gamma_18_6;delta_18_12;beta_17_3;theta_11_4;theta_17_10;gamma_4_7;theta_17_15;gamma_7_3;gamma_17_6;delta_5_9;gamma_17_8;gamma_6_8;theta_14_1;theta_18_7;alpha_2_3;alpha_17_15;theta_17_8;gamma_13_2;gamma_1_17;gamma_4_5;alpha_18_6;gamma_16_11;beta_17_8;theta_8_16;theta_13_3;beta_17_18;beta_18_11;gamma_15_12;theta_12_11;theta_18_8;beta_18_6;alpha_8_3;theta_7_10;delta_17_14;gamma_16_6;gamma_17_12;gamma_8_10;alpha_16_7;theta_8_15;delta_17_10;theta_8_4;alpha_11_10;gamma_18_12;gamma_13_3;theta_6_18;alpha_7_3;gamma_5_14;theta_18_10;gamma_10_11;alpha_18_8;gamma_10_12;gamma_8_6;alpha_12_17;gamma_7_18;theta_18_12;alpha_16_11;alpha_17_10;gamma_8_7;gamma_7_10;gamma_7_1;delta_6_2;gamma_11_15;beta_7_3;delta_18_17;theta_6_16;gamma_10_2;alpha_7_17;beta_17_12;alpha_11_4;gamma_5_8;gamma_12_6;theta_4_15;gamma_18_7;beta_17_10;alpha_18_17;theta_8_10;delta_14_15;gamma_8_5
chb02,chb02_20,100,100,1512;18;721;295;1326;286;1404;744;503;1505;1430;1266;1523;435;1204;797;1328;906;1503;1349;442;611;587;407;1192;602;1518;1489;416;601;592;1501;540;1416;665;891;661;1206;873;300;898;604;1315;809;1197;1123;1278;1217;1387;439;1232;585;733;1212;1524;421;552;281;1342;1447;1507;1280;814;1239;908;600;716;1386;864;75;893;886;428;722;1473;606;512;1298;1022;1519;791;1199;877;1334;917;285;323;441;296;438;1413;630;910;1347;798;1348;1201;1351;405;305,gamma_17_18;delta_2_3;alpha_7_9;delta_18_7;gamma_7_1;delta_17_15;gamma_11_12;alpha_8_15;theta_12_11;gamma_17_10;gamma_13_3;gamma_3_10;gamma_18_11;theta_8_12;beta_17_15;alpha_11_17;gamma_7_3;alpha_18_6;gamma_17_8;gamma_8_7;theta_9_1;theta_18_17;theta_17_10;theta_6_18;beta_17_3;theta_18_8;gamma_18_6;gamma_16_11;theta_7_10;theta_18_7;theta_17_15;gamma_17_6;theta_14_15;gamma_12_6;alpha_4_3;alpha_17_8;alpha_3_17;beta_17_18;alpha_16_7;delta_18_12;alpha_17_15;theta_18_10;gamma_6_8;alpha_12_11;beta_17_8;beta_13_2;gamma_4_5;beta_18_11;gamma_10_12;theta_8_16;gamma_1_10;theta_17_8;alpha_8_3;beta_18_6;gamma_18_12;theta_7_15;theta_15_9;delta_17_10;gamma_7_18;gamma_14_3;gamma_17_12;gamma_4_7;alpha_12_17;gamma_1_17;alpha_18_8;theta_18_6;alpha_7_3;gamma_10_11;alpha_15_16;delta_5_9;alpha_17_10;alpha_17_3;theta_8_4;alpha_7_10;gamma_15_12;theta_18_12;theta_13_3;gamma_5_8;beta_7_3;gamma_18_7;alpha_11_10;beta_17_10;alpha_16_11;gamma_7_10;alpha_18_17;delta_17_14;theta_2_1;theta_8_18;delta_18_8;theta_8_15;gamma_12_3;alpha_2_3;alpha_18_10;gamma_8_5;alpha_11_18;gamma_8_6;beta_17_12;gamma_8_10;theta_6_16;delta_18_17
chb02,chb02_21,100,100,1512;744;295;79;898;665;809;1300;1505;1430;1404;906;401;1349;1523;407;1503;286;611;1192;799;1501;540;697;814;1315;1204;587;891;1239;1416;601;416;971;1518;300;873;1206;1123;592;1197;1489;602;1232;604;1278;86;585;503;1217;281;716;439;1507;1212;1342;1379;75;1387;886;1280;1328;438;1351;1524;600;908;495;734;797;893;733;877;713;1298;917;661;606;1429;1519;1334;575;1326;1022;1199;1473;1484;296;442;305;1386;796;630;910;1201;382;1447;1229;798;435,gamma_17_18;alpha_8_15;delta_18_7;delta_5_13;alpha_17_15;alpha_4_3;alpha_12_11;gamma_5_10;gamma_17_10;gamma_13_3;gamma_11_12;alpha_18_6;theta_6_12;gamma_8_7;gamma_18_11;theta_6_18;gamma_17_8;delta_17_15;theta_18_17;beta_17_3;alpha_12_1;gamma_17_6;theta_14_15;alpha_6_1;alpha_12_17;gamma_6_8;beta_17_15;theta_17_10;alpha_17_8;gamma_1_17;gamma_12_6;theta_18_7;theta_7_10;beta_4_3;gamma_18_6;delta_18_12;alpha_16_7;beta_17_18;beta_13_2;theta_17_15;beta_17_8;gamma_16_11;theta_18_8;gamma_1_10;theta_18_10;gamma_4_5;delta_6_2;theta_17_8;theta_12_11;beta_18_11;delta_17_10;alpha_7_3;theta_8_16;gamma_17_12;beta_18_6;gamma_7_18;gamma_10_3;delta_5_9;gamma_10_12;alpha_17_3;gamma_4_7;gamma_7_3;theta_8_15;gamma_8_10;gamma_18_12;theta_18_6;alpha_18_8;theta_12_3;alpha_8_4;alpha_11_17;alpha_17_10;alpha_8_3;alpha_16_11;alpha_6_18;gamma_5_8;alpha_18_17;alpha_3_17;theta_18_12;gamma_13_2;gamma_18_7;gamma_7_10;theta_16_15;gamma_7_1;beta_7_3;beta_17_10;gamma_15_12;gamma_16_6;delta_18_8;theta_9_1;delta_18_17;gamma_10_11;alpha_11_16;alpha_2_3;alpha_18_10;beta_17_12;theta_5_10;gamma_14_3;gamma_1_7;alpha_11_18;theta_8_12
chb02,chb02_22,100,100,1512;587;1175;120;467;1232;286;1404;711;295;503;1523;1204;1328;1505;1349;441;611;540;1192;1416;300;727;1503;906;665;491;1489;1501;592;416;1278;601;891;1315;1206;1430;442;75;1239;898;1518;1197;809;602;629;604;716;1473;401;1217;1266;585;1429;873;281;886;1507;1342;600;791;733;1280;1524;407;421;293;1212;796;908;814;1386;734;893;234;1351;1387;1022;1362;606;1309;877;382;285;917;439;630;1348;296;1519;1484;305;1334;1298;1123;1201;910;1347;410;746,gamma_17_18;theta_17_10;beta_16_3;delta_8_2;theta_10_9;gamma_1_10;delta_17_15;gamma_11_12;alpha_6_16;delta_18_7;theta_12_11;gamma_18_11;beta_17_15;gamma_7_3;gamma_17_10;gamma_8_7;theta_8_18;theta_18_17;theta_14_15;beta_17_3;gamma_12_6;delta_18_12;alpha_7_15;gamma_17_8;alpha_18_6;alpha_4_3;theta_11_17;gamma_16_11;gamma_17_6;theta_17_15;theta_7_10;gamma_4_5;theta_18_7;alpha_17_8;gamma_6_8;beta_17_18;gamma_13_3;theta_9_1;delta_5_9;gamma_1_17;alpha_17_15;gamma_18_6;beta_17_8;alpha_12_11;theta_18_8;alpha_2_1;theta_18_10;alpha_7_3;gamma_15_12;theta_6_12;beta_18_11;gamma_3_10;theta_17_8;gamma_13_2;alpha_16_7;delta_17_10;alpha_17_3;gamma_17_12;gamma_7_18;theta_18_6;alpha_11_10;alpha_8_3;gamma_4_7;gamma_18_12;theta_6_18;theta_7_15;delta_18_5;beta_18_6;alpha_11_16;alpha_18_8;alpha_12_17;gamma_10_11;alpha_8_4;alpha_17_10;delta_14_15;gamma_8_10;gamma_10_12;beta_7_3;gamma_9_3;theta_18_12;gamma_6_1;alpha_16_11;theta_5_10;delta_17_14;alpha_18_17;theta_8_16;alpha_2_3;gamma_8_6;delta_18_8;gamma_18_7;gamma_16_6;delta_18_17;gamma_7_10;gamma_5_8;beta_13_2;beta_17_12;alpha_18_10;gamma_8_5;theta_7_3;alpha_8_17
chb02,chb02_23,100,100,1512;671;600;286;665;1404;886;713;1505;809;295;1326;1362;1523;438;1204;1503;442;1349;611;540;75;491;1239;300;587;1518;873;898;891;1484;1232;1206;1022;1123;1501;601;439;1489;1192;592;1315;1197;906;630;864;1524;585;487;503;1387;1217;1334;281;602;1278;495;1507;734;716;1212;727;407;1342;1464;661;1351;604;877;1328;1280;435;1407;814;917;86;1298;908;416;285;1386;305;1473;1519;733;606;1429;893;798;1348;791;109;1201;629;1300;1416;971;370;1199;1115,gamma_17_18;alpha_4_10;theta_18_6;delta_17_15;alpha_4_3;gamma_11_12;alpha_17_3;alpha_6_18;gamma_17_10;alpha_12_11;delta_18_7;gamma_7_1;gamma_9_3;gamma_18_11;theta_8_15;beta_17_15;gamma_17_8;theta_9_1;gamma_8_7;theta_18_17;theta_14_15;delta_5_9;theta_11_17;gamma_1_17;delta_18_12;theta_17_10;gamma_18_6;alpha_16_7;alpha_17_15;alpha_17_8;gamma_16_6;gamma_1_10;beta_17_18;beta_7_3;beta_13_2;gamma_17_6;theta_18_7;theta_8_16;gamma_16_11;beta_17_3;theta_17_15;gamma_6_8;beta_17_8;alpha_18_6;alpha_2_3;alpha_15_16;gamma_18_12;theta_17_8;theta_11_13;theta_12_11;gamma_10_12;beta_18_11;gamma_7_10;delta_17_10;theta_18_8;gamma_4_5;theta_12_3;gamma_17_12;alpha_8_4;alpha_7_3;beta_18_6;alpha_7_15;theta_6_18;gamma_7_18;gamma_15_3;alpha_3_17;gamma_8_10;theta_18_10;alpha_16_11;gamma_7_3;gamma_4_7;theta_8_12;gamma_11_15;alpha_12_17;alpha_18_17;delta_6_2;gamma_5_8;alpha_18_8;theta_7_10;delta_17_14;gamma_10_11;delta_18_17;gamma_15_12;gamma_18_7;alpha_8_3;theta_18_12;gamma_13_2;alpha_17_10;alpha_11_18;gamma_8_6;alpha_11_10;delta_7_9;beta_17_12;alpha_2_1;gamma_5_10;gamma_12_6;beta_4_3;theta_4_15;beta_17_10;beta_12_11
chb02,chb02_24,100,100,1512;295;416;1450;898;665;1489;356;1523;567;1326;1505;540;1232;1404;727;286;1192;1332;906;611;435;1503;1378;809;442;1349;300;1204;587;381;891;814;1518;1307;1501;601;1022;592;1206;1430;602;1524;733;1217;281;1278;1197;1266;877;600;1315;585;512;886;1387;439;1342;438;1507;1280;86;791;661;1212;1386;407;716;604;1413;908;1334;293;1328;75;796;917;503;734;797;1351;606;893;630;1519;1473;1484;1298;722;234;285;1348;1429;873;370;1201;1309;296;1438;305,gamma_17_18;delta_18_7;theta_7_10;gamma_14_6;alpha_17_15;alpha_4_3;gamma_16_11;theta_3_18;gamma_18_11;theta_16_7;gamma_7_1;gamma_17_10;theta_14_15;gamma_1_10;gamma_11_12;alpha_7_15;delta_17_15;beta_17_3;gamma_7_8;alpha_18_6;theta_18_17;theta_8_12;gamma_17_8;gamma_10_2;alpha_12_11;theta_9_1;gamma_8_7;delta_18_12;beta_17_15;theta_17_10;theta_5_9;alpha_17_8;alpha_12_17;gamma_18_6;gamma_5_17;gamma_17_6;theta_18_7;beta_7_3;theta_17_15;beta_17_18;gamma_13_3;theta_18_8;gamma_18_12;alpha_8_3;beta_18_11;delta_17_10;gamma_4_5;beta_17_8;gamma_3_10;alpha_16_11;theta_18_6;gamma_6_8;theta_17_8;theta_13_3;alpha_17_3;gamma_10_12;theta_8_16;gamma_7_18;theta_8_15;gamma_17_12;gamma_4_7;delta_6_2;alpha_11_10;alpha_3_17;beta_18_6;gamma_10_11;theta_6_18;alpha_7_3;theta_18_10;gamma_12_3;alpha_18_8;gamma_7_10;delta_18_5;gamma_7_3;delta_5_9;alpha_11_16;alpha_18_17;theta_12_11;alpha_8_4;alpha_11_17;gamma_8_10;theta_18_12;alpha_17_10;alpha_2_3;gamma_18_7;gamma_15_12;gamma_16_6;gamma_5_8;alpha_7_10;delta_14_15;delta_17_14;gamma_8_6;gamma_13_2;alpha_16_7;theta_4_15;beta_17_12;gamma_6_1;delta_18_8;gamma_13_11;delta_18_17
chb02,chb02_25,100,100,1512;600;711;286;1232;809;665;1481;1505;295;1404;442;1204;1523;1326;814;407;300;727;611;1192;1280;416;1501;540;1503;587;1518;1484;592;891;1489;601;733;75;1206;1315;805;1429;1328;898;1197;906;746;602;552;1278;1387;1334;877;585;435;604;716;1430;1507;1217;438;1342;1212;886;281;428;1524;285;1351;797;1386;630;1349;908;503;1473;818;1022;893;382;606;713;791;1348;439;1519;796;1239;1379;305;1298;1347;1199;744;798;1201;613;1300;917;1123;234;296;1229,gamma_17_18;theta_18_6;alpha_6_16;delta_17_15;gamma_1_10;alpha_12_11;alpha_4_3;gamma_16_3;gamma_17_10;delta_18_7;gamma_11_12;theta_9_1;beta_17_15;gamma_18_11;gamma_7_1;alpha_12_17;theta_6_18;delta_18_12;alpha_7_15;theta_18_17;beta_17_3;gamma_4_7;theta_7_10;gamma_17_6;theta_14_15;gamma_17_8;theta_17_10;gamma_18_6;gamma_16_6;theta_17_15;alpha_17_8;gamma_16_11;theta_18_7;alpha_8_3;delta_5_9;beta_17_18;gamma_6_8;alpha_12_7;gamma_13_2;gamma_7_3;alpha_17_15;beta_17_8;alpha_18_6;alpha_8_17;theta_18_8;theta_15_9;gamma_4_5;gamma_10_12;gamma_7_10;alpha_16_11;theta_17_8;theta_8_12;theta_18_10;alpha_7_3;gamma_13_3;gamma_17_12;beta_18_11;theta_8_15;gamma_7_18;beta_18_6;alpha_17_3;delta_17_10;theta_8_4;gamma_18_12;delta_17_14;gamma_8_10;alpha_11_17;gamma_10_11;alpha_2_3;gamma_8_7;alpha_18_8;theta_12_11;gamma_15_12;alpha_13_3;beta_7_3;alpha_17_10;theta_5_10;theta_18_12;alpha_6_18;alpha_11_10;gamma_8_6;theta_8_16;gamma_18_7;alpha_11_16;gamma_1_17;gamma_10_3;delta_18_17;gamma_5_8;gamma_8_5;beta_17_10;alpha_8_15;alpha_11_18;beta_17_12;alpha_1_3;gamma_5_10;alpha_18_17;beta_13_2;delta_14_15;delta_18_8;gamma_1_7
chb02,chb02_26,100,100,1512;600;1072;286;665;1266;886;809;387;713;1505;1404;295;1523;1433;1326;1503;1204;814;439;41;611;1349;540;587;891;527;1501;1430;416;1315;592;971;1518;300;1307;1489;1206;805;601;1197;1192;1278;906;898;1387;1232;716;1524;501;602;1217;281;585;877;727;1447;1342;1212;733;1507;407;1280;401;796;1328;604;797;1351;746;1298;1416;285;917;908;1386;75;512;893;1473;630;798;791;1334;734;1429;606;1519;503;1022;744;1347;305;722;1201;1199;1348;234;1379;86,gamma_17_18;theta_18_6;beta_10_2;delta_17_15;alpha_4_3;gamma_3_10;alpha_17_3;alpha_12_11;theta_5_15;alpha_6_18;gamma_17_10;gamma_11_12;delta_18_7;gamma_18_11;gamma_13_6;gamma_7_1;gamma_17_8;beta_17_15;alpha_12_17;theta_8_16;delta_3_9;theta_18_17;gamma_8_7;theta_14_15;theta_17_10;alpha_17_8;theta_14_1;gamma_17_6;gamma_13_3;theta_7_10;gamma_6_8;theta_17_15;beta_4_3;gamma_18_6;delta_18_12;gamma_5_17;gamma_16_11;beta_17_18;alpha_12_7;theta_18_7;beta_17_8;beta_17_3;gamma_4_5;alpha_18_6;alpha_17_15;gamma_10_12;gamma_1_10;alpha_7_3;gamma_18_12;theta_12_9;theta_18_8;beta_18_11;delta_17_10;theta_17_8;alpha_16_11;alpha_7_15;gamma_14_3;gamma_7_18;beta_18_6;alpha_8_3;gamma_17_12;theta_6_18;gamma_4_7;theta_6_12;alpha_11_16;gamma_7_3;theta_18_10;alpha_11_17;gamma_8_10;alpha_8_17;gamma_5_8;gamma_12_6;delta_17_14;alpha_18_17;alpha_18_8;gamma_10_11;delta_5_9;theta_13_3;alpha_17_10;gamma_15_12;alpha_2_3;alpha_11_18;alpha_11_10;gamma_7_10;alpha_8_4;gamma_13_2;theta_18_12;gamma_18_7;theta_12_11;beta_7_3;alpha_8_15;gamma_8_5;delta_18_17;alpha_7_10;beta_17_12;beta_17_10;gamma_8_6;delta_14_15;gamma_10_3;delta_6_2
chb02,chb02_27,100,100,1512;115;690;600;1266;1480;898;809;665;1505;1404;407;295;1523;286;886;1503;797;1307;442;611;1349;540;587;300;873;1204;1326;416;1501;1416;1328;1518;891;1430;1192;1315;592;1206;601;630;1489;1197;75;906;1232;512;439;1387;602;734;1217;503;281;1278;1507;727;733;791;1342;1280;585;661;604;1351;1524;1447;1212;713;716;814;1386;908;1473;893;1298;1334;438;1022;435;877;305;606;1433;1239;1519;796;917;1429;382;805;86;1347;285;1271;1199;296;575;1229;1201,gamma_17_18;delta_7_15;alpha_5_12;theta_18_6;gamma_3_10;gamma_16_2;alpha_17_15;alpha_12_11;alpha_4_3;gamma_17_10;gamma_11_12;theta_6_18;delta_18_7;gamma_18_11;delta_17_15;alpha_17_3;gamma_17_8;alpha_11_17;gamma_5_17;theta_9_1;theta_18_17;gamma_8_7;theta_14_15;theta_17_10;delta_18_12;alpha_16_7;beta_17_15;gamma_7_1;theta_7_10;gamma_17_6;gamma_12_6;gamma_7_3;gamma_18_6;alpha_17_8;gamma_13_3;beta_17_3;gamma_6_8;theta_17_15;beta_17_18;theta_18_7;alpha_2_3;gamma_16_11;beta_17_8;delta_5_9;alpha_18_6;gamma_1_10;theta_13_3;theta_8_16;gamma_10_12;theta_18_8;alpha_8_4;beta_18_11;theta_12_11;delta_17_10;gamma_4_5;gamma_17_12;alpha_7_15;alpha_8_3;alpha_11_10;gamma_7_18;gamma_4_7;theta_17_8;alpha_3_17;theta_18_10;gamma_8_10;gamma_18_12;gamma_14_3;beta_18_6;alpha_6_18;alpha_7_3;alpha_12_17;gamma_10_11;alpha_18_8;gamma_15_12;alpha_17_10;gamma_5_8;gamma_7_10;theta_8_15;beta_7_3;theta_8_12;alpha_16_11;delta_18_17;theta_18_12;gamma_13_6;gamma_1_17;gamma_18_7;alpha_11_16;alpha_18_17;gamma_13_2;theta_5_10;alpha_12_7;delta_6_2;gamma_8_5;delta_17_14;gamma_3_15;beta_17_10;delta_18_8;theta_16_15;gamma_1_7;beta_17_12
chb02,chb02_28,100,100,1512;1379;319;773;295;286;886;665;1404;1232;1505;713;75;906;809;1204;611;1523;300;1484;439;1280;540;1328;1503;587;898;814;1315;1501;891;873;1123;1192;416;601;1489;592;1278;630;1518;1307;1206;867;1197;585;281;1387;1217;1430;401;716;1266;600;602;629;503;1342;438;1524;1212;285;1349;1022;407;604;1386;734;1507;1298;1334;1480;864;733;917;1433;908;109;797;893;729;495;1115;1473;234;1348;293;1351;86;1347;304;606;1447;1519;382;971;370;877;305;1229,gamma_17_18;gamma_10_3;theta_1_15;alpha_10_9;delta_18_7;delta_17_15;alpha_17_3;alpha_4_3;gamma_11_12;gamma_1_10;gamma_17_10;alpha_6_18;delta_5_9;alpha_18_6;alpha_12_11;beta_17_15;theta_18_17;gamma_18_11;delta_18_12;gamma_16_6;theta_8_16;gamma_4_7;theta_14_15;gamma_7_3;gamma_17_8;theta_17_10;alpha_17_15;alpha_12_17;gamma_6_8;gamma_17_6;alpha_17_8;alpha_16_7;beta_13_2;beta_17_3;theta_7_10;theta_18_7;gamma_16_11;theta_17_15;gamma_4_5;alpha_2_3;gamma_18_6;gamma_5_17;beta_17_18;alpha_16_1;beta_17_8;theta_17_8;delta_17_10;gamma_10_12;beta_18_11;gamma_13_3;theta_6_12;alpha_7_3;gamma_3_10;theta_18_6;theta_18_8;alpha_2_1;theta_12_11;gamma_7_18;theta_8_15;gamma_18_12;beta_18_6;delta_17_14;gamma_8_7;beta_7_3;theta_6_18;theta_18_10;gamma_10_11;alpha_8_4;gamma_17_12;gamma_5_8;gamma_7_10;gamma_16_2;alpha_15_16;alpha_8_3;alpha_18_17;gamma_13_6;alpha_18_8;delta_7_9;alpha_11_17;alpha_17_10;alpha_7_17;theta_12_3;beta_12_11;gamma_15_12;delta_14_15;gamma_8_6;delta_18_5;gamma_8_10;delta_6_2;gamma_8_5;delta_18_16;theta_18_12;gamma_14_3;gamma_18_7;theta_5_10;beta_4_3;theta_4_15;alpha_16_11;delta_18_17;gamma_1_7
chb02,chb02_29,100,100,1512;388;591;1396;600;665;809;1239;1404;1505;433;898;295;1523;491;713;1326;744;1503;286;1192;1416;1349;611;1232;1501;748;300;587;75;1204;1315;891;873;733;1518;1489;601;540;1206;592;1123;1473;1278;1197;906;1328;1334;602;503;1430;281;1217;630;1342;95;729;1507;604;585;407;438;1524;1212;886;814;716;734;1386;416;1387;1351;1280;391;818;908;439;877;1484;893;1348;501;1022;1519;1447;606;1271;1347;1298;305;1307;92;796;86;424;910;917;613;1300;1429,gamma_17_18;theta_5_16;theta_17_14;gamma_11_3;theta_18_6;alpha_4_3;alpha_12_11;gamma_1_17;gamma_11_12;gamma_17_10;theta_8_10;alpha_17_15;delta_18_7;gamma_18_11;theta_11_17;alpha_6_18;gamma_7_1;alpha_8_15;gamma_17_8;delta_17_15;beta_17_3;gamma_12_6;gamma_8_7;theta_18_17;gamma_1_10;gamma_17_6;alpha_9_1;delta_18_12;theta_17_10;delta_5_9;beta_17_15;gamma_6_8;alpha_17_8;alpha_16_7;alpha_8_3;gamma_18_6;gamma_16_11;theta_18_7;theta_14_15;beta_17_18;theta_17_15;beta_13_2;gamma_15_12;gamma_4_5;beta_17_8;alpha_18_6;gamma_7_3;gamma_7_10;theta_18_8;theta_12_11;gamma_13_3;delta_17_10;beta_18_11;alpha_2_3;gamma_7_18;delta_6_12;alpha_7_17;gamma_17_12;theta_18_10;theta_17_8;theta_6_18;theta_8_15;gamma_18_12;beta_18_6;alpha_17_3;alpha_12_17;alpha_7_3;alpha_8_4;gamma_10_11;theta_7_10;gamma_10_12;gamma_8_10;gamma_4_7;theta_6_1;alpha_13_3;alpha_18_8;theta_8_16;alpha_16_11;gamma_16_6;alpha_17_10;gamma_8_6;theta_12_9;beta_7_3;gamma_18_7;gamma_14_3;theta_18_12;gamma_3_15;gamma_8_5;gamma_5_8;delta_18_17;gamma_5_17;delta_6_9;alpha_11_16;delta_6_2;theta_7_18;alpha_18_10;alpha_18_17;alpha_1_3;gamma_5_10;gamma_13_2
chb02,chb02_30,100,100,1512;1362;116;587;575;1266;286;295;665;886;814;1349;1523;1404;503;1503;1204;407;1505;381;1326;727;611;1416;906;1501;1239;1489;300;601;527;898;1315;1206;416;1328;1192;891;1123;1518;630;809;592;1197;873;600;401;602;281;1217;1387;1232;1507;1280;733;323;585;1430;518;604;1342;421;734;1212;293;1524;540;661;1386;797;1278;716;713;908;1433;722;877;305;893;818;1348;285;1298;1473;75;1022;1334;1429;796;1519;606;439;917;1351;798;1229;910;1201;613;438,gamma_17_18;gamma_9_3;delta_7_16;theta_17_10;theta_16_15;gamma_3_10;delta_17_15;delta_18_7;alpha_4_3;alpha_17_3;alpha_12_17;gamma_8_7;gamma_18_11;gamma_11_12;theta_12_11;gamma_17_8;beta_17_15;theta_6_18;gamma_17_10;theta_5_9;gamma_7_1;alpha_7_15;theta_18_17;gamma_12_6;alpha_18_6;gamma_17_6;gamma_1_17;gamma_16_11;delta_18_12;theta_18_7;theta_14_1;alpha_17_15;gamma_6_8;beta_17_18;theta_7_10;gamma_7_3;beta_17_3;alpha_17_8;beta_13_2;gamma_18_6;alpha_2_3;alpha_12_11;theta_17_15;beta_17_8;alpha_16_7;theta_18_6;theta_6_12;theta_18_8;delta_17_10;beta_18_11;gamma_10_12;gamma_1_10;gamma_17_12;gamma_4_7;alpha_8_3;theta_2_1;theta_17_8;gamma_13_3;theta_13_9;theta_18_10;gamma_7_18;theta_7_15;alpha_8_4;beta_18_6;delta_18_5;gamma_18_12;theta_14_15;alpha_3_17;gamma_10_11;alpha_11_17;gamma_4_5;alpha_7_3;alpha_6_18;alpha_18_8;gamma_13_6;alpha_7_10;alpha_16_11;delta_18_17;alpha_17_10;alpha_13_3;gamma_8_6;delta_17_14;gamma_5_8;gamma_15_12;delta_5_9;beta_7_3;gamma_7_10;gamma_13_2;alpha_11_16;gamma_18_7;theta_18_12;theta_8_16;alpha_18_17;gamma_8_10;alpha_11_18;gamma_1_7;alpha_18_10;beta_17_12;alpha_1_3;theta_8_15
chb02,chb02_31,100,100,1512;950;1430;524;898;295;809;359;1505;1404;1349;441;1523;727;1232;1326;797;286;1192;906;611;1328;75;1503;439;587;1416;1501;873;1204;891;433;1518;1315;601;1489;540;665;748;592;1206;300;1123;1334;1197;600;1387;602;281;877;1217;733;1507;1278;1351;1379;1280;1212;585;421;1342;886;401;697;1524;604;407;716;814;416;1239;1433;285;1298;503;1022;893;734;1386;461;1473;908;1300;917;86;1413;1348;109;1229;1519;606;305;791;630;1199;370;1115;1407;1201;1429,gamma_17_18;beta_2_17;gamma_13_3;theta_13_16;alpha_17_15;delta_18_7;alpha_12_11;theta_4_3;gamma_17_10;gamma_11_12;gamma_8_7;theta_8_18;gamma_18_11;alpha_7_15;gamma_1_10;gamma_7_1;alpha_11_17;delta_17_15;beta_17_3;alpha_18_6;theta_18_17;gamma_7_3;delta_5_9;gamma_17_8;theta_8_16;theta_17_10;gamma_12_6;gamma_17_6;alpha_16_7;beta_17_15;alpha_17_8;theta_8_10;gamma_18_6;gamma_6_8;theta_18_7;gamma_16_11;theta_14_15;alpha_4_3;alpha_9_1;theta_17_15;beta_17_18;delta_18_12;beta_13_2;gamma_7_10;beta_17_8;theta_18_6;gamma_10_12;theta_18_8;delta_17_10;alpha_16_11;beta_18_11;alpha_8_3;gamma_17_12;gamma_4_5;gamma_8_10;gamma_10_3;gamma_4_7;beta_18_6;theta_17_8;theta_7_15;gamma_7_18;alpha_17_3;theta_6_12;alpha_6_1;gamma_18_12;theta_18_10;theta_6_18;alpha_7_3;alpha_12_17;theta_7_10;gamma_1_17;gamma_13_6;delta_17_14;gamma_5_8;theta_12_11;beta_7_3;alpha_17_10;alpha_8_4;gamma_10_11;theta_10_3;gamma_15_12;alpha_18_8;gamma_5_10;alpha_18_17;delta_6_2;gamma_12_3;gamma_8_6;delta_7_9;gamma_1_7;gamma_18_7;theta_18_12;delta_18_17;alpha_11_10;alpha_2_3;beta_17_10;theta_4_15;beta_12_11;gamma_11_15;beta_17_12;gamma_13_2
chb02,chb02_32,100,100,1512;600;1209;1447;286;1266;809;665;662;1404;1505;438;295;527;1523;1326;1204;797;1503;401;75;611;1315;587;1416;1192;300;592;873;416;1328;1349;601;1489;540;1501;1206;1123;661;891;898;733;906;1518;1197;439;1232;1524;1387;1217;877;1278;727;602;281;1430;716;734;585;1212;391;1239;1507;518;1342;864;604;1280;285;1386;1022;407;814;1300;917;293;503;630;1464;382;908;893;886;370;1298;1473;1519;606;1433;791;971;1334;305;1072;435;1199;234;1347;798;296,gamma_17_18;theta_18_6;beta_18_3;gamma_14_3;delta_17_15;gamma_3_10;alpha_12_11;alpha_4_3;alpha_3_18;gamma_11_12;gamma_17_10;theta_8_15;delta_18_7;theta_14_1;gamma_18_11;gamma_7_1;beta_17_15;alpha_11_17;gamma_17_8;theta_6_12;delta_5_9;theta_18_17;gamma_6_8;theta_17_10;gamma_12_6;beta_17_3;delta_18_12;theta_17_15;alpha_16_7;theta_7_10;gamma_7_3;gamma_8_7;theta_18_7;gamma_16_11;theta_14_15;gamma_17_6;beta_17_18;beta_13_2;alpha_3_17;alpha_17_8;alpha_17_15;alpha_8_3;alpha_18_6;gamma_18_6;beta_17_8;theta_8_16;gamma_1_10;gamma_18_12;gamma_10_12;beta_18_11;alpha_16_11;gamma_4_5;alpha_7_15;theta_18_8;delta_17_10;gamma_13_3;alpha_7_3;alpha_8_4;theta_17_8;beta_18_6;theta_6_1;gamma_1_17;gamma_17_12;theta_13_9;gamma_7_18;alpha_15_16;theta_18_10;gamma_4_7;delta_17_14;gamma_10_11;beta_7_3;theta_6_18;alpha_12_17;gamma_5_10;alpha_18_17;delta_18_5;theta_12_11;alpha_2_3;gamma_15_3;theta_5_10;alpha_18_8;alpha_17_10;alpha_17_3;theta_4_15;gamma_5_8;gamma_15_12;gamma_18_7;theta_18_12;gamma_13_6;alpha_11_10;beta_4_3;gamma_7_10;delta_18_17;beta_10_2;theta_8_12;beta_17_10;delta_14_15;gamma_8_5;alpha_11_18;delta_18_8
chb02,chb02_33,100,100,1512;600;415;286;1266;665;873;1484;1505;1349;676;809;1192;295;1523;1326;1503;1204;1404;407;1429;540;611;814;439;1307;587;300;1518;891;898;1501;527;971;416;601;1206;1447;1315;1197;906;592;1489;864;1232;602;733;1278;1217;503;281;585;727;1387;401;1212;1328;495;1507;1280;518;1342;604;716;1430;1351;1524;729;791;1386;75;908;305;734;893;1416;441;575;1334;1022;877;797;285;606;438;1519;1473;1239;886;382;630;1123;296;917;1199;1298;1347;1348;1379;1201,gamma_17_18;theta_18_6;theta_7_9;delta_17_15;gamma_3_10;alpha_4_3;alpha_16_7;gamma_16_6;gamma_17_10;gamma_8_7;alpha_4_15;alpha_12_11;beta_17_3;delta_18_7;gamma_18_11;gamma_7_1;gamma_17_8;beta_17_15;gamma_11_12;theta_6_18;gamma_13_2;theta_14_15;theta_18_17;alpha_12_17;theta_8_16;gamma_5_17;theta_17_10;delta_18_12;gamma_18_6;alpha_17_8;alpha_17_15;gamma_17_6;theta_14_1;beta_4_3;theta_7_10;theta_18_7;beta_17_18;gamma_14_3;gamma_6_8;beta_17_8;alpha_18_6;theta_17_15;gamma_16_11;alpha_15_16;gamma_1_10;theta_18_8;alpha_8_3;gamma_4_5;beta_18_11;theta_12_11;delta_17_10;theta_17_8;alpha_7_15;gamma_10_12;theta_6_12;beta_18_6;gamma_7_3;theta_12_3;gamma_17_12;gamma_4_7;theta_13_9;gamma_7_18;theta_18_10;alpha_7_3;gamma_13_3;gamma_8_10;gamma_18_12;alpha_7_17;alpha_11_10;gamma_10_11;delta_5_9;alpha_18_8;delta_18_17;alpha_8_4;alpha_17_10;gamma_12_6;theta_8_18;theta_16_15;gamma_7_10;beta_7_3;alpha_16_11;alpha_11_17;delta_17_14;theta_18_12;theta_8_15;gamma_18_7;gamma_15_12;gamma_1_17;alpha_17_3;theta_5_10;alpha_2_3;beta_13_2;delta_18_8;alpha_18_17;beta_17_10;gamma_5_8;gamma_8_5;gamma_8_6;gamma_10_3;beta_17_12
chb02,chb02_34,100,100,1512;1379;600;8;286;714;665;696;809;886;1505;295;442;1404;1266;1204;1523;439;1503;1349;814;421;611;540;587;1501;1433;300;898;873;1328;1518;75;891;1239;1489;601;1278;592;733;1192;1197;906;1123;1206;1473;435;1315;602;1232;503;1217;281;585;716;1212;1430;1342;1507;1309;501;407;370;729;604;1524;495;1334;1115;630;1387;797;1280;293;1416;908;893;1022;234;305;405;798;606;877;1519;1351;109;1429;285;734;1298;808;917;86;1386;1348;1199;785;296;438,gamma_17_18;gamma_10_3;theta_18_6;delta_1_10;delta_17_15;alpha_7_1;alpha_4_3;alpha_5_18;alpha_12_11;alpha_17_3;gamma_17_10;delta_18_7;theta_9_1;gamma_11_12;gamma_3_10;beta_17_15;gamma_18_11;theta_8_16;gamma_17_8;gamma_8_7;alpha_12_17;theta_7_15;theta_18_17;theta_14_15;theta_17_10;gamma_17_6;gamma_13_6;delta_18_12;alpha_17_15;alpha_16_7;gamma_7_3;gamma_18_6;delta_5_9;alpha_17_8;gamma_1_17;gamma_16_11;theta_18_7;gamma_4_5;theta_17_15;alpha_8_3;beta_17_3;beta_17_8;alpha_18_6;beta_13_2;beta_17_18;gamma_15_12;theta_8_12;gamma_6_8;theta_18_8;gamma_1_10;theta_12_11;beta_18_11;delta_17_10;theta_17_8;alpha_7_3;beta_18_6;gamma_13_3;gamma_7_18;gamma_17_12;gamma_6_1;theta_12_9;theta_6_18;theta_4_15;alpha_7_17;theta_18_10;gamma_18_12;theta_12_3;gamma_7_10;beta_12_11;alpha_2_3;gamma_10_12;alpha_11_17;gamma_4_7;delta_18_5;gamma_12_6;alpha_18_8;alpha_17_10;beta_7_3;delta_14_15;delta_18_17;theta_6_16;alpha_11_18;theta_18_12;alpha_16_11;gamma_18_7;gamma_8_10;delta_7_9;gamma_13_2;delta_17_14;alpha_8_4;gamma_5_8;alpha_12_10;alpha_18_17;delta_6_2;gamma_10_11;gamma_8_6;beta_17_10;alpha_11_4;delta_18_8;theta_8_15
chb02,chb02_35,100,100,1512;1124;398;587;356;286;18;1404;295;1351;886;503;1523;711;1328;1204;1505;1349;744;611;442;1503;1416;1518;1489;300;906;416;1278;1239;592;1501;814;891;665;1192;1315;1429;601;540;1206;873;898;1334;1197;809;281;1473;435;1217;585;518;733;600;1447;602;713;1232;1524;727;1342;1212;661;1022;1507;604;1280;629;1386;1298;285;716;1387;314;893;908;1519;1464;428;917;877;606;1300;797;1286;630;439;1347;296;305;1480;791;75;438;1199;407;1307;798;971;1201,gamma_17_18;beta_13_3;theta_6_9;theta_17_10;theta_3_18;delta_17_15;delta_2_3;gamma_11_12;delta_18_7;gamma_8_10;alpha_17_3;theta_12_11;gamma_18_11;alpha_6_16;gamma_7_3;beta_17_15;gamma_17_10;gamma_8_7;alpha_8_15;theta_18_17;theta_9_1;gamma_17_8;gamma_12_6;gamma_18_6;gamma_16_11;delta_18_12;alpha_18_6;theta_7_10;gamma_4_5;gamma_1_17;theta_17_15;gamma_17_6;alpha_12_17;alpha_17_8;alpha_4_3;beta_17_3;gamma_6_8;gamma_13_2;theta_18_7;theta_14_15;beta_17_18;alpha_16_7;alpha_17_15;gamma_7_10;beta_17_8;alpha_12_11;delta_17_10;gamma_15_12;theta_8_12;beta_18_11;theta_17_8;theta_13_9;alpha_8_3;theta_18_6;gamma_14_3;theta_18_8;alpha_6_18;gamma_1_10;gamma_18_12;alpha_7_15;gamma_7_18;beta_18_6;alpha_3_17;beta_7_3;gamma_17_12;theta_18_10;gamma_4_7;alpha_2_1;gamma_10_11;gamma_5_8;delta_17_14;alpha_7_3;gamma_10_12;theta_1_10;alpha_17_10;alpha_18_8;gamma_18_7;gamma_15_3;theta_8_4;alpha_18_17;alpha_16_11;theta_18_12;gamma_5_10;alpha_11_17;gamma_4_13;alpha_2_3;theta_8_16;gamma_8_5;delta_18_8;delta_18_17;gamma_16_2;alpha_11_10;delta_5_9;theta_8_15;beta_17_10;theta_6_18;gamma_5_17;alpha_11_18;beta_4_3;beta_17_12
chb03,chb03_01,100,100,286;275;1519;1449;905;718;1508;1280;285;1049;274;759;647;602;1493;592;297;599;1408;1478;993;1214;1123;293;1046;1079;1501;863;281;752;1313;1357;278;1122;1218;1102;698;1043;1387;898;1269;935;580;908;1032;1114;1405;1024;1186;1496;1520;1505;273;1229;1425;1502;265;1105;715;1407;287;1130;1029;930;1524;1212;1041;1401;1328;296;1349;1109;1044;1427;1100;1099;1037;1525;681;923;912;1283;1424;981;1088;291;1113;1442;1081;1352;1007;1097;1314;1169;591;1058;1410;1222;1286;267,delta_17_15;delta_17_4;gamma_18_7;gamma_14_5;alpha_18_5;alpha_7_5;gamma_17_13;gamma_4_7;delta_17_14;beta_8_14;delta_17_3;alpha_9_13;alpha_3_2;theta_18_8;gamma_16_15;theta_17_15;delta_18_9;theta_18_5;gamma_11_16;gamma_15_18;beta_5_9;beta_18_8;beta_13_2;delta_18_5;beta_8_11;beta_10_9;gamma_17_6;alpha_15_14;delta_17_10;alpha_9_5;gamma_6_5;gamma_8_16;delta_17_7;beta_13_1;beta_18_12;beta_11_16;alpha_6_2;beta_8_7;gamma_10_12;alpha_17_15;gamma_3_13;beta_2_1;theta_17_3;alpha_18_8;beta_7_14;beta_12_10;gamma_11_13;beta_7_5;beta_16_14;gamma_17_1;gamma_18_8;gamma_17_10;delta_17_2;gamma_1_7;gamma_12_16;gamma_17_7;delta_16_11;beta_12_1;alpha_7_2;gamma_11_15;delta_17_16;beta_13_9;beta_7_11;beta_1_14;gamma_18_12;beta_18_6;beta_8_5;gamma_11_8;gamma_7_3;delta_18_8;gamma_8_7;beta_12_5;beta_8_9;gamma_12_18;beta_11_14;beta_11_13;beta_8_1;gamma_18_13;alpha_5_2;beta_1_7;alpha_18_12;gamma_4_10;gamma_12_15;beta_4_14;beta_11_1;delta_18_3;beta_12_9;gamma_13_16;beta_10_12;gamma_8_11;beta_6_5;beta_11_10;gamma_6_7;beta_15_14;theta_17_14;beta_9_5;gamma_11_18;beta_18_16;gamma_4_13;delta_16_13
chb03,chb03_02,80,80,286;905;1115;1269;406;1508;557;274;1214;1466;1289;715;1049;1079;1280;1501;592;1493;1410;816;278;293;1408;1313;1208;1090;1519;275;1405;961;602;281;752;1218;1427;599;993;698;580;1212;1358;930;1496;116;1043;285;1502;1186;1105;718;267;287;1407;908;1130;1340;1045;1415;186;1114;1229;898;1505;1123;1520;984;1401;1425;1032;1220;681;1024;1088;1042;1099;1393;1390;296;1029;1524,delta_17_15;alpha_18_5;beta_12_11;gamma_3_13;theta_6_17;gamma_17_13;theta_15_14;delta_17_3;beta_18_8;gamma_15_5;gamma_4_16;alpha_7_2;beta_8_14;beta_10_9;gamma_4_7;gamma_17_6;theta_17_15;gamma_16_15;gamma_11_18;alpha_13_1;delta_17_7;delta_18_5;gamma_11_16;gamma_6_5;beta_18_2;beta_11_3;gamma_18_7;delta_17_4;gamma_11_13;beta_3_11;theta_18_8;delta_17_10;alpha_9_5;beta_18_12;gamma_12_18;theta_18_5;beta_5_9;alpha_6_2;theta_17_3;beta_18_6;gamma_8_17;beta_1_14;gamma_17_1;delta_7_16;beta_8_7;delta_17_14;gamma_17_7;beta_16_14;beta_12_1;alpha_7_5;delta_16_13;delta_17_16;gamma_11_15;alpha_18_8;beta_13_9;gamma_7_16;beta_8_10;gamma_12_5;delta_11_18;beta_12_10;gamma_1_7;alpha_17_15;gamma_17_10;beta_13_2;gamma_18_8;beta_4_17;gamma_11_8;gamma_12_16;beta_7_14;beta_18_14;alpha_5_2;beta_7_5;beta_11_1;beta_8_6;beta_11_13;gamma_10_18;gamma_10_15;delta_18_8;beta_7_11;gamma_18_12
chb03,chb03_03,60,60,286;1420;437;453;274;602;1462;1313;681;1280;1519;275;804;1011;1493;1501;592;1508;297;1342;687;1214;752;1238;1408;1186;580;718;1032;285;801;1218;1212;1079;509;1043;1337;908;1496;287;888;1401;978;291;1035;1040;698;1424;1088;1229;1502;1049;1024;1425;894;1415;1191;1045;1505;1048,delta_17_15;gamma_12_10;theta_8_14;theta_9_13;delta_17_3;theta_18_8;gamma_15_1;gamma_6_5;alpha_5_2;gamma_4_7;gamma_18_7;delta_17_4;alpha_12_6;beta_6_10;gamma_16_15;gamma_17_6;theta_17_15;gamma_17_13;delta_18_9;gamma_7_18;alpha_5_9;beta_18_8;alpha_9_5;gamma_1_16;gamma_11_16;beta_16_14;theta_17_3;alpha_7_5;beta_7_14;delta_17_14;alpha_12_3;beta_18_12;beta_18_6;beta_10_9;theta_12_18;beta_8_7;gamma_7_13;alpha_18_8;gamma_17_1;delta_17_16;alpha_17_5;gamma_11_8;beta_4_11;delta_18_3;beta_7_17;beta_8_4;alpha_6_2;gamma_12_15;beta_11_1;gamma_1_7;gamma_17_7;beta_8_14;beta_7_5;gamma_12_16;alpha_17_11;gamma_12_5;beta_17_2;beta_8_10;gamma_17_10;beta_8_13
chb03,chb03_04,20,20,286;957;797;1520;274;743;1286;1425;293;715;1501;164;1508;285;1122;602;1427;275;592;1313,delta_17_15;beta_3_7;alpha_11_17;gamma_18_8;delta_17_3;alpha_8_14;gamma_4_13;gamma_12_16;delta_18_5;alpha_7_2;gamma_17_6;delta_10_13;gamma_17_13;delta_17_14;beta_13_1;theta_18_8;gamma_12_18;delta_17_4;theta_17_15;gamma_6_5
chb03,chb03_05,80,80,286;275;641;1519;905;681;577;1280;1508;1130;602;1425;1313;274;285;752;293;592;1501;978;863;281;1214;718;1122;1357;1458;1337;1408;599;1032;1099;1043;791;1218;1415;297;698;908;1478;993;1496;1502;1407;1049;1024;1229;291;1212;894;1079;1088;1401;1035;287;1114;1520;1100;1029;715;898;1102;1349;930;296;1505;580;573;1191;1123;935;1410;1058;1524;1004;1314;734;1105;1424;1041,delta_17_15;delta_17_4;alpha_2_14;gamma_18_7;alpha_18_5;alpha_5_2;theta_16_18;gamma_4_7;gamma_17_13;beta_13_9;theta_18_8;gamma_12_16;gamma_6_5;delta_17_3;delta_17_14;alpha_9_5;delta_18_5;theta_17_15;gamma_17_6;beta_4_11;alpha_15_14;delta_17_10;beta_18_8;alpha_7_5;beta_13_1;gamma_8_16;gamma_14_15;gamma_7_13;gamma_11_16;theta_18_5;beta_7_14;beta_11_13;beta_8_7;alpha_11_10;beta_18_12;gamma_12_5;delta_18_9;alpha_6_2;alpha_18_8;gamma_15_18;beta_5_9;gamma_17_1;gamma_17_7;gamma_11_15;beta_8_14;beta_7_5;gamma_1_7;delta_18_3;beta_18_6;alpha_17_11;beta_10_9;beta_11_1;gamma_11_8;beta_7_17;delta_17_16;beta_12_10;gamma_18_8;beta_11_14;beta_7_11;alpha_7_2;alpha_17_15;beta_11_16;gamma_8_7;beta_1_14;delta_18_8;gamma_17_10;theta_17_3;theta_16_13;beta_17_2;beta_13_2;beta_2_1;gamma_11_18;beta_9_5;gamma_18_12;beta_6_2;gamma_6_7;alpha_8_4;beta_12_1;gamma_12_15;beta_8_5
chb03,chb03_06,80,80,286;1519;1354;293;233;930;274;1280;698;1445;602;1425;905;285;1478;275;718;1508;1405;592;1501;281;1214;752;863;1340;1313;599;1079;1046;1408;1049;1390;297;908;1043;1496;1097;715;1122;1218;993;1123;278;1229;1045;1415;1032;1421;580;1505;1520;186;1024;898;1357;1186;1407;1105;1212;697;1410;1502;681;1102;1314;296;1099;1191;1328;1035;1401;912;981;1130;291;1114;446;1029;1349,delta_17_15;gamma_18_7;gamma_8_13;delta_18_5;delta_14_13;beta_1_14;delta_17_3;gamma_4_7;alpha_6_2;gamma_14_1;theta_18_8;gamma_12_16;alpha_18_5;delta_17_14;gamma_15_18;delta_17_4;alpha_7_5;gamma_17_13;gamma_11_13;theta_17_15;gamma_17_6;delta_17_10;beta_18_8;alpha_9_5;alpha_15_14;gamma_7_16;gamma_6_5;theta_18_5;beta_10_9;beta_8_11;gamma_11_16;beta_8_14;gamma_10_15;delta_18_9;alpha_18_8;beta_8_7;gamma_17_1;beta_11_10;alpha_7_2;beta_13_1;beta_18_12;beta_5_9;beta_13_2;delta_17_7;gamma_1_7;beta_8_10;gamma_12_5;beta_7_14;gamma_12_11;theta_17_3;gamma_17_10;gamma_18_8;delta_11_18;beta_7_5;alpha_17_15;gamma_8_16;beta_16_14;gamma_11_15;beta_12_1;beta_18_6;alpha_6_1;gamma_11_18;gamma_17_7;alpha_5_2;beta_11_16;gamma_6_7;delta_18_8;beta_11_13;beta_17_2;gamma_7_3;beta_7_17;gamma_11_8;alpha_18_12;beta_4_14;beta_13_9;delta_18_3;beta_12_10;theta_9_5;beta_7_11;gamma_8_7
chb03,chb03_07,80,80,286;1101;916;341;905;1508;1032;274;1109;1519;1314;718;285;1425;275;592;293;1501;1478;1354;1214;1079;281;927;1088;602;863;1035;599;1408;1405;1306;1280;698;1313;1114;297;908;1049;752;1496;734;1505;993;1218;1043;278;267;1520;1407;1105;291;1421;1024;898;1186;1401;1212;715;930;273;1029;935;186;1229;1130;1502;1102;1415;1191;1357;1427;1524;1122;580;1004;1387;852;296;1349,delta_17_15;beta_11_15;alpha_18_16;theta_3_2;alpha_18_5;gamma_17_13;beta_7_14;delta_17_3;beta_12_5;gamma_18_7;gamma_6_7;alpha_7_5;delta_17_14;gamma_12_16;delta_17_4;theta_17_15;delta_18_5;gamma_17_6;gamma_15_18;gamma_8_13;beta_18_8;beta_10_9;delta_17_10;beta_1_11;beta_11_1;theta_18_8;alpha_15_14;beta_7_17;theta_18_5;gamma_11_16;gamma_11_13;gamma_5_16;gamma_4_7;alpha_6_2;gamma_6_5;beta_12_10;delta_18_9;alpha_18_8;beta_8_14;alpha_9_5;gamma_17_1;alpha_8_4;gamma_17_10;beta_5_9;beta_18_12;beta_8_7;delta_17_7;delta_16_13;gamma_18_8;gamma_11_15;beta_12_1;delta_18_3;gamma_12_11;beta_7_5;alpha_17_15;beta_16_14;gamma_11_8;beta_18_6;alpha_7_2;beta_1_14;delta_17_2;beta_7_11;beta_2_1;delta_11_18;gamma_1_7;beta_13_9;gamma_17_7;beta_11_16;gamma_12_5;beta_17_2;gamma_8_16;gamma_12_18;gamma_18_12;beta_13_1;theta_17_3;beta_6_2;gamma_10_12;alpha_15_3;delta_18_8;gamma_8_7
chb03,chb03_08,80,80,286;1407;1508;1415;905;981;392;274;1043;602;1337;285;1408;1478;275;1099;293;1035;592;1519;718;281;752;1501;1214;1280;599;1079;863;1357;1097;978;1313;297;698;908;1088;1032;278;1425;1218;993;1421;1496;1229;1502;1123;291;1505;1049;1024;1520;1401;1390;898;715;1212;492;1126;935;580;1102;734;287;1349;1045;1130;1191;1071;1029;1114;1186;930;1524;1405;1004;296;1410;1314;267,delta_17_15;gamma_11_15;gamma_17_13;gamma_12_5;alpha_18_5;beta_4_14;theta_6_2;delta_17_3;beta_8_7;theta_18_8;gamma_7_13;delta_17_14;gamma_11_16;gamma_15_18;delta_17_4;beta_11_13;delta_18_5;beta_7_17;theta_17_15;gamma_18_7;alpha_7_5;delta_17_10;alpha_9_5;gamma_17_6;beta_18_8;gamma_4_7;theta_18_5;beta_10_9;alpha_15_14;gamma_8_16;beta_11_10;beta_4_11;gamma_6_5;delta_18_9;alpha_6_2;alpha_18_8;beta_11_1;beta_7_14;delta_17_7;gamma_12_16;beta_18_12;beta_5_9;gamma_12_11;gamma_17_1;gamma_1_7;gamma_17_7;beta_13_2;delta_18_3;gamma_17_10;beta_8_14;beta_7_5;gamma_18_8;gamma_11_8;gamma_10_15;alpha_17_15;alpha_7_2;beta_18_6;theta_11_18;beta_13_5;beta_2_1;theta_17_3;beta_11_16;alpha_8_4;delta_17_16;gamma_8_7;beta_8_10;beta_13_9;beta_17_2;beta_10_1;beta_7_11;beta_12_10;beta_16_14;beta_1_14;gamma_18_12;gamma_11_13;beta_6_2;delta_18_8;gamma_11_18;gamma_6_7;delta_16_13
chb03,chb03_09,80,80,286;293;1352;726;1347;274;1519;698;446;1280;602;281;905;1425;1079;285;275;592;1337;1501;1122;1214;1478;718;1508;863;297;1357;1405;1408;599;1236;1390;1035;1218;1043;1415;1097;715;908;993;1123;1401;1502;273;1105;1049;1029;1496;898;1212;267;1024;894;1229;1387;291;1003;1520;681;752;1407;278;1102;734;883;1032;1349;1313;1114;912;1130;1186;580;1088;1505;1191;1340;296;1004,delta_17_15;delta_18_5;gamma_8_11;alpha_7_14;gamma_8_5;delta_17_3;gamma_18_7;alpha_6_2;theta_9_5;gamma_4_7;theta_18_8;delta_17_10;alpha_18_5;gamma_12_16;beta_10_9;delta_17_14;delta_17_4;theta_17_15;gamma_7_13;gamma_17_6;beta_13_1;beta_18_8;gamma_15_18;alpha_7_5;gamma_17_13;alpha_15_14;delta_18_9;gamma_8_16;gamma_11_13;gamma_11_16;theta_18_5;gamma_1_14;gamma_10_15;beta_7_17;beta_18_12;beta_8_7;gamma_12_5;beta_11_10;alpha_7_2;alpha_18_8;beta_5_9;beta_13_2;gamma_11_8;gamma_17_7;delta_17_2;beta_12_1;beta_8_14;beta_7_11;gamma_17_1;alpha_17_15;beta_18_6;delta_16_13;beta_7_5;alpha_17_11;gamma_1_7;gamma_10_12;delta_18_3;beta_6_1;gamma_18_8;alpha_5_2;alpha_9_5;gamma_11_15;delta_17_7;beta_11_16;alpha_8_4;alpha_16_18;beta_7_14;gamma_8_7;gamma_6_5;beta_12_10;alpha_18_12;beta_13_9;beta_16_14;theta_17_3;beta_11_1;gamma_17_10;beta_17_2;gamma_7_16;delta_18_8;beta_6_2
chb03,chb03_10,80,80,286;991;147;1519;687;905;275;1415;1508;1461;285;1049;715;602;274;1313;592;1408;293;863;1306;1501;281;1214;1122;927;1079;297;1390;1269;599;718;752;1280;1405;908;698;1114;1032;817;1505;1035;291;1496;1218;1425;1349;898;883;1502;1401;1212;1024;1520;1088;1407;930;935;681;1102;1100;1130;894;1043;1357;580;296;1029;1427;1328;116;1222;1347;1058;1229;993;278;1099;1410;287,delta_17_15;beta_5_7;delta_9_13;gamma_18_7;alpha_5_9;alpha_18_5;delta_17_4;gamma_12_5;gamma_17_13;gamma_14_18;delta_17_14;beta_8_14;alpha_7_2;theta_18_8;delta_17_3;gamma_6_5;theta_17_15;gamma_11_16;delta_18_5;alpha_15_14;gamma_5_16;gamma_17_6;delta_17_10;beta_18_8;beta_13_1;beta_1_11;beta_10_9;delta_18_9;gamma_10_15;gamma_3_13;theta_18_5;alpha_7_5;alpha_9_5;gamma_4_7;gamma_11_13;alpha_18_8;alpha_6_2;beta_12_10;beta_7_14;alpha_13_2;gamma_17_10;beta_7_17;delta_18_3;gamma_17_1;beta_18_12;gamma_12_16;gamma_8_7;alpha_17_15;alpha_16_18;gamma_17_7;gamma_11_8;beta_18_6;beta_7_5;gamma_18_8;beta_11_1;gamma_11_15;beta_1_14;beta_2_1;alpha_5_2;beta_11_16;beta_11_14;beta_13_9;alpha_17_11;beta_8_7;gamma_8_16;theta_17_3;delta_18_8;beta_7_11;gamma_12_18;gamma_7_3;delta_7_16;beta_18_16;gamma_8_5;beta_9_5;gamma_1_7;beta_5_9;delta_17_7;beta_11_13;gamma_11_18;delta_17_16
chb03,chb03_11,80,80,286;275;697;1381;905;1505;1236;1520;715;168;1314;274;1493;602;293;285;993;793;1501;592;297;718;1123;1214;1425;978;1508;863;1079;599;1495;1337;1357;1032;1139;1280;281;1408;698;908;1313;1519;1114;752;1496;1043;1218;580;1035;1049;1191;1407;1502;1024;1405;278;1229;1088;681;1186;1410;1212;1029;1401;296;734;1102;898;1415;930;1524;1349;1328;1097;1048;894;1130;287;1041;1390,delta_17_15;delta_17_4;alpha_6_1;gamma_10_5;alpha_18_5;gamma_17_10;gamma_1_14;gamma_18_8;alpha_7_2;delta_10_17;gamma_6_7;delta_17_3;gamma_16_15;theta_18_8;delta_18_5;delta_17_14;beta_5_9;alpha_11_13;gamma_17_6;theta_17_15;delta_18_9;alpha_7_5;beta_13_2;beta_18_8;gamma_12_16;beta_4_11;gamma_17_13;alpha_15_14;beta_10_9;theta_18_5;gamma_16_18;gamma_7_13;gamma_8_16;beta_7_14;beta_14_1;gamma_4_7;delta_17_10;gamma_11_16;alpha_6_2;alpha_18_8;gamma_6_5;gamma_18_7;beta_12_10;alpha_9_5;gamma_17_1;beta_8_7;beta_18_12;theta_17_3;beta_7_17;beta_8_14;beta_17_2;gamma_11_15;gamma_17_7;beta_7_5;gamma_11_13;delta_17_7;gamma_1_7;beta_11_1;alpha_5_2;beta_16_14;gamma_11_18;beta_18_6;beta_7_11;gamma_11_8;delta_18_8;alpha_8_4;beta_11_16;alpha_17_15;gamma_12_5;beta_1_14;gamma_18_12;gamma_8_7;gamma_7_3;beta_11_10;beta_8_13;alpha_17_11;beta_13_9;delta_17_16;beta_8_5;gamma_10_15
chb03,chb03_12,80,80,286;905;984;1483;1508;274;1520;698;1493;1501;930;267;285;1280;275;293;1478;718;592;602;1320;752;281;1408;1046;863;1214;1079;1123;297;1088;1313;1097;599;1357;1043;1496;908;1032;1405;1401;715;1519;1505;580;993;1218;1191;1425;697;1229;1407;1502;1049;1105;291;1024;577;1186;1420;1029;898;1212;681;1126;296;1410;1113;1349;894;1342;1102;1524;1099;1007;287;1004;1427;923;1058,delta_17_15;alpha_18_5;beta_4_17;gamma_16_5;gamma_17_13;delta_17_3;gamma_18_8;alpha_6_2;gamma_16_15;gamma_17_6;beta_1_14;delta_16_13;delta_17_14;gamma_4_7;delta_17_4;delta_18_5;gamma_15_18;alpha_7_5;theta_17_15;theta_18_8;gamma_6_13;alpha_9_5;delta_17_10;gamma_11_16;beta_8_11;alpha_15_14;beta_18_8;beta_10_9;beta_13_2;delta_18_9;beta_11_1;gamma_6_5;beta_11_10;theta_18_5;gamma_8_16;beta_8_7;gamma_17_1;alpha_18_8;beta_7_14;gamma_11_13;gamma_11_8;alpha_7_2;gamma_18_7;gamma_17_10;theta_17_3;beta_5_9;beta_18_12;beta_17_2;gamma_12_16;alpha_6_1;gamma_1_7;gamma_11_15;gamma_17_7;beta_8_14;beta_12_1;delta_18_3;beta_7_5;theta_16_18;beta_16_14;gamma_12_10;beta_7_11;alpha_17_15;beta_18_6;alpha_5_2;beta_13_5;delta_18_8;gamma_11_18;beta_12_9;gamma_8_7;alpha_17_11;gamma_7_18;beta_11_16;gamma_18_12;beta_11_13;beta_6_5;delta_17_16;beta_6_2;gamma_12_18;beta_1_7;beta_9_5
chb03,chb03_13,80,80,286;1181;420;293;737;1508;1519;274;698;1313;285;905;1461;1501;752;592;275;602;1280;1425;1252;1377;297;1214;863;1236;718;1357;599;1046;1408;281;1099;1390;935;908;715;1421;1496;1415;993;1229;898;1049;1218;291;1114;1502;1105;1079;1505;1191;1024;1349;1401;1520;1407;681;1032;580;474;894;1186;1035;1410;446;1212;296;1420;923;1045;1088;1387;1102;1524;1337;1123;1029;1007;1004,delta_17_15;beta_16_9;theta_7_14;delta_18_5;alpha_8_7;gamma_17_13;gamma_18_7;delta_17_3;alpha_6_2;gamma_6_5;delta_17_14;alpha_18_5;gamma_14_18;gamma_17_6;alpha_9_5;theta_17_15;delta_17_4;theta_18_8;gamma_4_7;gamma_12_16;gamma_2_13;gamma_10_1;delta_18_9;beta_18_8;alpha_15_14;gamma_1_14;alpha_7_5;gamma_8_16;theta_18_5;beta_8_11;gamma_11_16;delta_17_10;beta_11_13;gamma_10_15;beta_2_1;alpha_18_8;alpha_7_2;gamma_12_11;gamma_17_1;gamma_12_5;beta_5_9;gamma_1_7;alpha_17_15;beta_8_14;beta_18_12;delta_18_3;beta_12_10;gamma_17_7;beta_12_1;beta_10_9;gamma_17_10;beta_17_2;beta_7_5;gamma_8_7;gamma_11_8;gamma_18_8;gamma_11_15;alpha_5_2;beta_7_14;theta_17_3;theta_10_17;alpha_17_11;beta_16_14;beta_7_17;gamma_11_18;theta_9_5;beta_18_6;delta_18_8;gamma_12_10;beta_1_7;beta_8_10;beta_11_1;gamma_10_12;beta_11_16;gamma_18_12;gamma_7_13;beta_13_2;beta_7_11;beta_6_5;beta_6_2
chb03,chb03_14,80,80,286;1182;709;1303;274;905;1099;602;392;1280;1508;1169;1425;285;275;1519;1415;592;293;1501;1478;927;1041;1214;446;281;1408;297;1355;1088;1390;993;599;1043;698;1079;186;908;1357;1496;1032;1218;1123;1502;580;1313;1421;1407;1229;935;1311;1105;1505;1035;1405;1401;1191;863;1212;715;894;752;718;930;898;1102;1520;1427;1349;912;1114;291;1046;1024;1122;1410;1524;1049;1130;287,delta_17_15;beta_16_10;alpha_6_14;gamma_5_13;delta_17_3;alpha_18_5;beta_11_13;theta_18_8;theta_6_2;gamma_4_7;gamma_17_13;beta_15_14;gamma_12_16;delta_17_14;delta_17_4;gamma_18_7;gamma_12_5;theta_17_15;delta_18_5;gamma_17_6;gamma_15_18;beta_1_11;beta_8_5;beta_18_8;theta_9_5;delta_17_10;gamma_11_16;delta_18_9;gamma_8_14;beta_11_1;gamma_10_15;beta_5_9;theta_18_5;beta_8_7;alpha_6_2;beta_10_9;delta_11_18;alpha_18_8;gamma_8_16;gamma_17_1;beta_7_14;beta_18_12;beta_13_2;gamma_17_7;theta_17_3;gamma_6_5;gamma_12_11;gamma_11_15;gamma_1_7;beta_2_1;gamma_6_3;beta_12_1;gamma_17_10;beta_7_17;gamma_11_13;gamma_11_8;beta_17_2;alpha_15_14;beta_18_6;alpha_7_2;alpha_17_11;alpha_9_5;alpha_7_5;beta_1_14;alpha_17_15;beta_11_16;gamma_18_8;gamma_12_18;gamma_8_7;alpha_18_12;beta_12_10;delta_18_3;beta_8_11;beta_7_5;beta_13_1;gamma_11_18;gamma_18_12;beta_8_14;beta_13_9;delta_17_16
chb03,chb03_15,80,80,286;1374;1035;152;1415;274;905;1520;930;1508;681;1501;285;293;1099;275;1314;592;602;1313;1122;281;1390;978;1214;863;1478;599;1079;1408;752;993;1306;1043;297;278;718;1114;1049;1218;698;1519;1401;784;1280;580;908;1337;1496;1407;1105;1421;1032;898;1387;1505;715;935;1349;1502;834;1024;291;1102;1130;1191;1524;1212;1410;446;1029;1357;1186;296;1420;1229;981;1405;1088;894,delta_17_15;gamma_9_16;beta_7_17;delta_9_18;gamma_12_5;delta_17_3;alpha_18_5;gamma_18_8;beta_1_14;gamma_17_13;alpha_5_2;gamma_17_6;delta_17_14;delta_18_5;beta_11_13;delta_17_4;gamma_6_7;theta_17_15;theta_18_8;gamma_6_5;beta_13_1;delta_17_10;gamma_10_15;beta_4_11;beta_18_8;alpha_15_14;gamma_15_18;theta_18_5;beta_10_9;gamma_11_16;alpha_9_5;beta_5_9;gamma_5_16;beta_8_7;delta_18_9;delta_17_7;alpha_7_5;beta_12_10;beta_8_14;beta_18_12;alpha_6_2;gamma_18_7;gamma_11_8;alpha_11_3;gamma_4_7;theta_17_3;alpha_18_8;gamma_7_13;gamma_17_1;gamma_11_15;beta_12_1;gamma_12_11;beta_7_14;alpha_17_15;gamma_10_12;gamma_17_10;alpha_7_2;beta_2_1;gamma_8_7;gamma_17_7;alpha_14_2;beta_7_5;delta_18_3;beta_11_16;beta_13_9;beta_17_2;gamma_18_12;beta_18_6;gamma_11_18;theta_9_5;beta_7_11;gamma_8_16;beta_16_14;delta_18_8;gamma_12_10;gamma_1_7;beta_4_14;gamma_11_13;beta_11_1;alpha_17_11
chb03,chb03_16,80,80,286;606;392;1421;275;905;1428;1519;1032;863;1508;1043;274;752;285;293;993;592;1408;1214;1079;281;1501;1313;927;1405;577;599;602;1493;1280;718;1097;297;1415;1357;1049;698;1218;1337;291;1035;908;1505;1407;1122;1502;1496;1478;1425;1099;580;1191;1229;629;1212;898;1024;1401;930;715;1420;1520;1046;1058;278;1186;1340;1130;1524;1349;1410;734;1105;296;1102;1004;923;981;894,delta_17_15;theta_18_12;theta_6_2;gamma_12_11;delta_17_4;alpha_18_5;gamma_13_1;gamma_18_7;beta_7_14;alpha_15_14;gamma_17_13;beta_8_7;delta_17_3;alpha_9_5;delta_17_14;delta_18_5;beta_5_9;theta_17_15;gamma_11_16;beta_18_8;beta_10_9;delta_17_10;gamma_17_6;gamma_6_5;beta_1_11;gamma_11_13;theta_16_18;theta_18_5;theta_18_8;gamma_16_15;gamma_4_7;alpha_7_5;beta_11_10;delta_18_9;gamma_12_5;gamma_8_16;beta_8_14;alpha_6_2;beta_18_12;gamma_7_13;delta_18_3;beta_7_17;alpha_18_8;gamma_17_10;gamma_11_15;beta_13_1;gamma_17_7;gamma_17_1;gamma_15_18;gamma_12_16;beta_11_13;theta_17_3;beta_17_2;gamma_1_7;alpha_2_1;beta_18_6;alpha_17_15;beta_7_5;gamma_11_8;beta_1_14;alpha_7_2;gamma_12_10;gamma_18_8;beta_8_11;beta_9_5;delta_17_7;beta_16_14;gamma_7_16;beta_13_9;gamma_18_12;gamma_8_7;gamma_11_18;alpha_8_4;beta_12_1;delta_18_8;beta_11_16;beta_6_2;beta_1_7;beta_4_14;alpha_17_11
chb03,chb03_17,80,80,286;1407;1508;831;905;52;274;930;1313;1214;1415;285;1280;275;1421;1501;293;793;592;1408;281;1088;602;927;718;1337;863;599;1519;1357;698;1079;1043;297;908;1032;752;1393;1218;993;1401;1502;1114;1505;1229;1035;1425;1496;1191;1123;1049;1212;715;1186;580;1024;1105;1520;898;912;1349;935;1130;1102;1029;296;1405;1424;734;1004;1314;1427;1524;981;291;1058;1007;1387;894;1328,delta_17_15;gamma_11_15;gamma_17_13;alpha_13_17;alpha_18_5;delta_4_2;delta_17_3;beta_1_14;gamma_6_5;beta_18_8;gamma_12_5;delta_17_14;gamma_4_7;delta_17_4;gamma_12_11;gamma_17_6;delta_18_5;alpha_11_13;theta_17_15;gamma_11_16;delta_17_10;beta_11_1;theta_18_8;beta_1_11;alpha_7_5;gamma_7_13;alpha_15_14;theta_18_5;gamma_18_7;gamma_8_16;alpha_6_2;beta_10_9;beta_8_7;delta_18_9;alpha_18_8;beta_7_14;alpha_9_5;gamma_10_18;beta_18_12;beta_5_9;gamma_11_8;gamma_17_7;beta_12_10;gamma_17_10;gamma_1_7;beta_7_17;gamma_12_16;gamma_17_1;beta_17_2;beta_13_2;beta_8_14;beta_18_6;alpha_7_2;beta_16_14;theta_17_3;beta_7_5;beta_12_1;gamma_18_8;alpha_17_15;alpha_18_12;gamma_8_7;beta_2_1;beta_13_9;beta_11_16;beta_7_11;delta_18_8;gamma_11_13;gamma_12_15;alpha_8_4;beta_6_2;gamma_6_7;gamma_12_18;gamma_18_12;beta_4_14;delta_18_3;beta_9_5;beta_6_5;gamma_10_12;alpha_17_11;gamma_7_3
chb03,chb03_18,80,80,286;606;1109;709;274;1519;905;1337;681;1493;1280;1046;285;275;1508;791;1313;293;592;1501;1079;1214;1478;1408;281;1122;718;599;863;1099;1238;602;1035;1032;698;297;1043;1407;1496;908;752;993;1191;784;1218;1425;1029;935;1502;1229;580;1049;1505;1410;1420;1105;898;1212;715;1024;1520;1186;1401;1328;577;278;1130;273;1424;1349;1357;930;1524;291;1058;1048;1102;1405;923;1007,delta_17_15;theta_18_12;beta_12_5;alpha_6_14;delta_17_3;gamma_18_7;alpha_18_5;gamma_7_13;alpha_5_2;gamma_16_15;gamma_4_7;beta_8_11;delta_17_14;delta_17_4;gamma_17_13;alpha_11_10;gamma_6_5;delta_18_5;theta_17_15;gamma_17_6;beta_10_9;beta_18_8;gamma_15_18;gamma_11_16;delta_17_10;beta_13_1;alpha_7_5;theta_18_5;alpha_15_14;beta_11_13;gamma_1_16;theta_18_8;beta_7_17;beta_7_14;alpha_6_2;delta_18_9;beta_8_7;gamma_11_15;gamma_17_1;alpha_18_8;alpha_9_5;beta_5_9;beta_17_2;alpha_11_3;beta_18_12;gamma_12_16;beta_7_11;beta_2_1;gamma_17_7;gamma_1_7;theta_17_3;beta_8_14;gamma_17_10;gamma_11_18;gamma_12_10;beta_12_1;alpha_17_15;beta_18_6;alpha_7_2;beta_7_5;gamma_18_8;beta_16_14;gamma_11_8;gamma_7_3;theta_16_18;delta_17_7;beta_13_9;delta_17_2;gamma_12_15;gamma_8_7;gamma_8_16;beta_1_14;gamma_18_12;delta_18_3;beta_9_5;beta_8_13;beta_11_16;gamma_11_13;beta_1_7;beta_6_5
chb03,chb03_19,80,80,286;1278;1103;905;1508;274;709;1520;1357;698;793;285;1314;1493;275;592;297;602;1109;993;293;1501;1408;281;1214;961;1122;863;599;935;1043;1393;1236;718;1079;1218;1114;715;1519;1505;1337;898;908;1280;1405;580;1425;1496;1049;1313;1407;752;984;1212;1401;1502;1186;681;912;1105;1029;1328;577;1349;1102;291;1032;1024;296;1191;1229;1123;1222;1410;1415;1420;1048;1099;1023;1424,delta_17_15;gamma_4_5;beta_11_17;alpha_18_5;gamma_17_13;delta_17_3;alpha_6_14;gamma_18_8;gamma_8_16;alpha_6_2;alpha_11_13;delta_17_14;gamma_6_7;gamma_16_15;delta_17_4;theta_17_15;delta_18_9;theta_18_8;beta_12_5;beta_5_9;delta_18_5;gamma_17_6;gamma_11_16;delta_17_10;beta_18_8;beta_3_11;beta_13_1;alpha_15_14;theta_18_5;beta_2_1;beta_8_7;gamma_10_18;gamma_1_14;alpha_7_5;beta_10_9;beta_18_12;beta_12_10;alpha_7_2;gamma_18_7;gamma_17_10;gamma_7_13;alpha_17_15;alpha_18_8;gamma_4_7;gamma_11_13;theta_17_3;gamma_12_16;gamma_17_1;beta_8_14;gamma_6_5;gamma_11_15;alpha_9_5;beta_4_17;beta_18_6;gamma_11_8;gamma_17_7;beta_16_14;alpha_5_2;alpha_18_12;beta_12_1;beta_7_11;gamma_7_3;theta_16_18;gamma_8_7;beta_11_16;delta_18_3;beta_7_14;beta_7_5;delta_18_8;beta_17_2;gamma_1_7;beta_13_2;beta_18_16;gamma_11_18;gamma_12_5;gamma_12_10;beta_8_13;beta_11_13;beta_7_4;gamma_12_15
chb03,chb03_20,80,80,286;1278;900;1188;905;1508;274;964;681;602;1043;863;1425;1357;285;275;1519;293;592;1079;1501;281;1139;993;1214;1493;1280;1410;718;599;1415;1408;927;297;1405;1218;698;752;1337;908;291;1032;1115;1505;1114;1313;1407;1229;935;1212;1496;898;1088;1427;1520;1049;267;1100;1035;715;1401;1024;296;1102;1349;894;1130;1424;1502;1328;580;1524;1046;1126;1191;923;981;1105;912;1420,delta_17_15;gamma_4_5;alpha_17_18;beta_16_17;alpha_18_5;gamma_17_13;delta_17_3;beta_3_14;alpha_5_2;theta_18_8;beta_8_7;alpha_15_14;gamma_12_16;gamma_8_16;delta_17_14;delta_17_4;gamma_18_7;delta_18_5;theta_17_15;beta_10_9;gamma_17_6;delta_17_10;beta_14_1;beta_5_9;beta_18_8;gamma_16_15;gamma_4_7;gamma_11_18;alpha_7_5;theta_18_5;gamma_12_5;gamma_11_16;beta_1_11;delta_18_9;gamma_11_13;beta_18_12;alpha_6_2;alpha_9_5;gamma_7_13;alpha_18_8;delta_18_3;beta_7_14;beta_12_11;gamma_17_10;beta_12_10;gamma_6_5;gamma_11_15;gamma_1_7;beta_2_1;beta_18_6;gamma_17_1;alpha_17_15;beta_11_1;gamma_12_18;gamma_18_8;beta_8_14;delta_16_13;beta_11_14;beta_7_17;alpha_7_2;gamma_11_8;beta_7_5;delta_18_8;beta_11_16;gamma_8_7;alpha_17_11;beta_13_9;gamma_12_15;gamma_17_7;gamma_7_3;theta_17_3;gamma_18_12;beta_8_11;beta_13_5;beta_17_2;beta_1_7;beta_4_14;beta_12_1;alpha_18_12;gamma_12_10
chb03,chb03_21,80,80,286;599;1457;715;1519;274;923;1049;1425;1505;285;752;905;602;1313;275;592;863;1508;1172;1214;1079;297;993;293;1501;978;718;1408;1122;1390;1280;281;698;1357;1032;908;1114;1415;1496;1218;1502;573;734;1123;580;1387;1286;1349;935;898;1520;1024;1105;1407;930;1102;681;1212;1401;894;1035;1191;1410;296;1186;1229;291;1046;446;1130;287;912;1099;1420;981;162;1004;1524;1427,delta_17_15;theta_18_5;gamma_14_13;alpha_7_2;gamma_18_7;delta_17_3;beta_1_7;beta_8_14;gamma_12_16;gamma_17_10;delta_17_14;alpha_9_5;alpha_18_5;theta_18_8;gamma_6_5;delta_17_4;theta_17_15;alpha_15_14;gamma_17_13;beta_15_18;beta_18_8;beta_10_9;delta_18_9;beta_5_9;delta_18_5;gamma_17_6;beta_4_11;alpha_7_5;gamma_11_16;beta_13_1;gamma_10_15;gamma_4_7;delta_17_10;alpha_6_2;gamma_8_16;beta_7_14;alpha_18_8;beta_12_10;gamma_12_5;gamma_17_1;beta_18_12;gamma_17_7;theta_16_13;alpha_8_4;beta_13_2;theta_17_3;gamma_10_12;gamma_4_13;gamma_8_7;beta_2_1;alpha_17_15;gamma_18_8;beta_7_5;beta_12_1;gamma_11_15;beta_1_14;beta_11_16;alpha_5_2;beta_18_6;gamma_11_8;alpha_17_11;beta_7_17;beta_17_2;gamma_11_18;delta_18_8;beta_16_14;gamma_1_7;delta_18_3;beta_8_11;theta_9_5;beta_13_9;delta_17_16;alpha_18_12;beta_11_13;gamma_12_10;beta_4_14;delta_10_11;beta_6_2;gamma_18_12;gamma_12_18
chb03,chb03_22,80,80,286;599;1444;824;1505;274;715;1286;1214;1032;1425;1377;905;285;1280;1508;718;592;275;863;602;752;293;1501;1519;297;978;1408;1313;1405;1390;1357;698;281;908;1049;1043;1415;1097;1496;1122;1218;1502;993;1123;734;1079;1229;1427;894;1407;580;474;697;1340;1520;930;898;1102;1024;1387;681;1212;1105;1342;1099;912;1401;1349;1191;1186;1029;446;1410;296;1114;981;291;1035;1524,delta_17_15;theta_18_5;gamma_13_18;alpha_13_9;gamma_17_10;delta_17_3;alpha_7_2;gamma_4_13;beta_18_8;beta_7_14;gamma_12_16;gamma_10_1;alpha_18_5;delta_17_14;gamma_4_7;gamma_17_13;alpha_7_5;theta_17_15;delta_17_4;alpha_15_14;theta_18_8;alpha_9_5;delta_18_5;gamma_17_6;gamma_18_7;delta_18_9;beta_4_11;gamma_11_16;gamma_6_5;gamma_11_13;gamma_10_15;gamma_8_16;alpha_6_2;delta_17_10;alpha_18_8;beta_8_14;beta_8_7;gamma_12_5;beta_11_10;gamma_17_1;beta_13_1;beta_18_12;gamma_17_7;beta_5_9;beta_13_2;alpha_8_4;beta_10_9;gamma_1_7;gamma_12_18;alpha_17_11;gamma_11_15;theta_17_3;theta_10_17;alpha_6_1;gamma_7_16;gamma_18_8;beta_1_14;alpha_17_15;beta_11_16;beta_7_5;gamma_10_12;alpha_5_2;beta_18_6;beta_12_1;gamma_7_18;beta_11_13;alpha_18_12;gamma_11_8;gamma_8_7;beta_17_2;beta_16_14;beta_7_11;theta_9_5;gamma_11_18;delta_18_8;beta_12_10;beta_4_14;delta_18_3;beta_7_17;gamma_18_12
chb03,chb03_23,80,80,286;991;1478;752;1508;905;116;274;1520;1049;681;1493;1501;285;1313;275;592;293;1079;602;863;1252;1408;281;1088;1214;927;718;297;1405;599;1035;1280;1505;1415;1097;908;930;698;1401;1519;1306;1407;1123;1218;993;1043;1102;1496;898;1387;580;1024;267;1502;1032;1122;1420;1186;1229;715;894;935;1113;287;1410;1212;1352;1058;912;1191;291;1425;474;1349;981;296;1357;1115;1041,delta_17_15;beta_5_7;gamma_15_18;alpha_9_5;gamma_17_13;alpha_18_5;delta_7_16;delta_17_3;gamma_18_8;beta_8_14;alpha_5_2;gamma_16_15;gamma_17_6;delta_17_14;gamma_6_5;delta_17_4;theta_17_15;delta_18_5;beta_10_9;theta_18_8;alpha_15_14;gamma_2_13;gamma_11_16;delta_17_10;beta_11_1;beta_18_8;beta_1_11;alpha_7_5;delta_18_9;gamma_11_13;theta_18_5;beta_7_17;gamma_4_7;gamma_17_10;gamma_12_5;beta_11_10;alpha_18_8;beta_1_14;alpha_6_2;gamma_11_8;gamma_18_7;gamma_5_16;gamma_11_15;beta_13_2;beta_18_12;beta_5_9;beta_8_7;beta_11_16;gamma_17_1;alpha_17_15;gamma_10_12;theta_17_3;beta_7_5;delta_16_13;gamma_17_7;beta_7_14;beta_13_1;gamma_12_10;beta_16_14;gamma_1_7;alpha_7_2;alpha_17_11;beta_2_1;beta_12_9;delta_17_16;gamma_11_18;beta_18_6;gamma_8_11;beta_9_5;alpha_18_12;beta_17_2;delta_18_3;gamma_12_16;theta_10_17;gamma_8_7;beta_4_14;delta_18_8;gamma_8_16;beta_12_11;beta_8_5
chb03,chb03_24,80,80,286;1455;820;293;274;726;1519;1280;698;1508;1313;602;905;285;275;1425;1079;1046;592;1501;863;281;1478;1214;1088;599;993;1357;1405;1408;1407;1049;718;297;1043;1218;1415;681;1502;1097;908;1496;1410;1269;1191;1229;267;1035;1520;1032;1123;1505;752;898;1493;1024;291;1186;1029;715;1212;1401;1222;1122;1420;894;1349;296;1387;1102;580;935;930;1424;1524;1130;1314;734;1427;1058,delta_17_15;gamma_14_11;alpha_13_5;delta_18_5;delta_17_3;alpha_7_14;gamma_18_7;gamma_4_7;alpha_6_2;gamma_17_13;gamma_6_5;theta_18_8;alpha_18_5;delta_17_14;delta_17_4;gamma_12_16;beta_10_9;beta_8_11;theta_17_15;gamma_17_6;alpha_15_14;delta_17_10;gamma_15_18;beta_18_8;beta_11_1;theta_18_5;beta_5_9;gamma_8_16;gamma_11_13;gamma_11_16;gamma_11_15;beta_8_14;alpha_7_5;delta_18_9;beta_8_7;beta_18_12;gamma_12_5;alpha_5_2;gamma_17_7;beta_11_10;alpha_18_8;gamma_17_1;gamma_11_18;gamma_3_13;beta_17_2;gamma_1_7;delta_16_13;beta_7_17;gamma_18_8;beta_7_14;beta_13_2;gamma_17_10;alpha_9_5;alpha_17_15;gamma_16_15;beta_7_5;delta_18_3;beta_16_14;beta_7_11;alpha_7_2;beta_18_6;gamma_11_8;beta_18_16;beta_13_1;gamma_12_10;alpha_17_11;gamma_8_7;delta_18_8;gamma_10_12;beta_11_16;theta_17_3;beta_2_1;beta_1_14;gamma_12_15;gamma_18_12;beta_13_9;gamma_6_7;alpha_8_4;gamma_12_18;beta_9_5
chb03,chb03_25,80,80,286;602;793;647;275;905;1425;1041;1280;1508;947;1519;274;285;293;1126;592;1501;1046;281;1214;1357;863;1337;599;1079;1408;1478;698;1407;1122;1035;1218;297;1043;784;908;993;1405;1502;1114;1032;1496;752;1313;1229;1191;718;894;1401;1186;580;1520;1505;898;715;1387;474;1390;1105;1049;1029;912;1212;1410;1102;1415;296;923;1024;817;1420;291;1048;1328;1222;681;278;1113;1349,delta_17_15;theta_18_8;alpha_11_13;alpha_3_2;delta_17_4;alpha_18_5;gamma_12_16;beta_8_5;gamma_4_7;gamma_17_13;beta_2_14;gamma_18_7;delta_17_3;delta_17_14;delta_18_5;beta_13_5;theta_17_15;gamma_17_6;beta_8_11;delta_17_10;beta_18_8;gamma_8_16;alpha_15_14;gamma_7_13;theta_18_5;beta_10_9;gamma_11_16;gamma_15_18;alpha_6_2;gamma_11_15;beta_13_1;beta_7_17;beta_18_12;delta_18_9;beta_8_7;alpha_11_3;alpha_18_8;beta_5_9;gamma_11_13;gamma_17_7;beta_12_10;beta_7_14;gamma_17_1;alpha_9_5;gamma_6_5;gamma_1_7;beta_17_2;alpha_7_5;alpha_17_11;gamma_11_8;beta_16_14;theta_17_3;gamma_18_8;gamma_17_10;alpha_17_15;alpha_7_2;gamma_10_12;theta_10_17;gamma_10_15;beta_12_1;beta_8_14;beta_7_11;alpha_18_12;beta_18_6;gamma_11_18;beta_11_16;gamma_12_5;delta_18_8;beta_1_7;beta_7_5;alpha_13_2;gamma_12_10;delta_18_3;beta_8_13;gamma_7_3;beta_18_16;alpha_5_2;delta_17_7;beta_12_9;gamma_8_7
chb03,chb03_26,80,80,286;602;275;1444;1027;905;1415;1280;863;392;274;1049;1519;1508;285;293;1501;592;1122;1408;281;1079;718;1214;978;599;1390;752;297;1405;1032;1218;1043;1313;1114;698;1357;908;509;580;1425;1502;1229;1105;1401;1191;1286;1496;1407;984;1123;1520;1024;930;898;573;1115;894;681;1102;1088;1387;1046;116;1314;1212;1524;1186;993;1410;474;278;981;697;1505;1130;912;1058;1424;715,delta_17_15;theta_18_8;delta_17_4;gamma_13_18;beta_7_9;alpha_18_5;gamma_12_5;gamma_4_7;alpha_15_14;theta_6_2;delta_17_3;beta_8_14;gamma_18_7;gamma_17_13;delta_17_14;delta_18_5;gamma_17_6;theta_17_15;beta_13_1;gamma_11_16;delta_17_10;beta_10_9;alpha_7_5;beta_18_8;beta_4_11;theta_18_5;gamma_10_15;alpha_9_5;delta_18_9;gamma_11_13;beta_7_14;beta_18_12;beta_8_7;gamma_6_5;beta_12_10;alpha_6_2;gamma_8_16;alpha_18_8;theta_12_18;theta_17_3;gamma_12_16;gamma_17_7;gamma_1_7;beta_12_1;gamma_11_8;beta_17_2;gamma_4_13;gamma_17_1;gamma_11_15;beta_4_17;beta_13_2;gamma_18_8;beta_7_5;beta_1_14;alpha_17_15;theta_16_13;beta_12_11;alpha_17_11;alpha_5_2;beta_11_16;beta_11_1;gamma_10_12;beta_8_11;delta_7_16;gamma_6_7;beta_18_6;gamma_18_12;beta_16_14;beta_5_9;gamma_11_18;theta_10_17;delta_17_7;beta_4_14;alpha_6_1;gamma_17_10;beta_13_9;alpha_18_12;beta_9_5;gamma_12_15;alpha_7_2
chb03,chb03_27,80,80,286;1473;820;1508;426;905;274;1520;1049;1313;1280;285;1408;1079;602;293;592;275;863;1046;281;1122;1501;729;1214;1269;599;1427;1099;718;1458;1357;297;698;278;1415;1043;1218;1032;1097;1519;908;993;1401;834;1425;752;1229;1502;1407;580;1024;1496;898;715;981;1088;186;1102;1349;296;1186;1420;1505;1212;852;1524;935;1191;1113;291;1029;1004;1314;930;879;912;734;1105;1421,delta_17_15;gamma_15_12;alpha_13_5;gamma_17_13;theta_8_2;alpha_18_5;delta_17_3;gamma_18_8;beta_8_14;gamma_6_5;gamma_4_7;delta_17_14;gamma_11_16;beta_10_9;theta_18_8;delta_18_5;theta_17_15;delta_17_4;alpha_15_14;beta_8_11;delta_17_10;beta_13_1;gamma_17_6;alpha_7_17;beta_18_8;gamma_3_13;theta_18_5;gamma_12_18;beta_11_13;alpha_7_5;gamma_14_15;gamma_8_16;delta_18_9;alpha_6_2;delta_17_7;gamma_12_5;beta_8_7;beta_18_12;beta_7_14;beta_11_10;gamma_18_7;alpha_18_8;beta_5_9;gamma_11_8;alpha_14_2;gamma_12_16;alpha_9_5;gamma_1_7;gamma_17_7;gamma_11_15;theta_17_3;beta_7_5;gamma_17_1;alpha_17_15;alpha_7_2;beta_4_14;beta_11_1;delta_11_18;beta_11_16;gamma_8_7;delta_18_8;beta_16_14;gamma_12_10;gamma_17_10;beta_18_6;alpha_15_3;gamma_18_12;beta_2_1;beta_17_2;beta_12_9;delta_18_3;beta_7_11;beta_6_2;gamma_6_7;beta_1_14;alpha_16_13;alpha_18_12;alpha_8_4;beta_12_1;gamma_12_11
chb03,chb03_28,80,80,286;275;1449;1519;577;905;681;1032;1508;1280;602;863;285;1269;274;718;1408;293;592;1099;1501;281;1214;1088;1046;1313;599;1079;1357;1390;1097;297;1035;1218;752;1043;698;1478;1505;1049;908;993;1123;1425;1502;1496;1024;1229;1520;1401;291;1407;1105;287;1420;935;1212;715;1405;894;930;1340;1191;1186;1029;296;1130;1102;898;1349;1524;1410;580;1415;1004;1122;1387;1041;912;981,delta_17_15;delta_17_4;gamma_14_5;gamma_18_7;theta_16_18;alpha_18_5;alpha_5_2;beta_7_14;gamma_17_13;gamma_4_7;theta_18_8;alpha_15_14;delta_17_14;gamma_3_13;delta_17_3;alpha_7_5;gamma_11_16;delta_18_5;theta_17_15;beta_11_13;gamma_17_6;delta_17_10;beta_18_8;beta_11_1;beta_8_11;gamma_6_5;theta_18_5;beta_10_9;gamma_8_16;gamma_10_15;beta_11_10;delta_18_9;beta_7_17;beta_18_12;alpha_9_5;beta_8_7;alpha_6_2;gamma_15_18;gamma_17_10;beta_8_14;alpha_18_8;beta_5_9;beta_13_2;gamma_12_16;gamma_17_7;gamma_17_1;beta_7_5;gamma_1_7;gamma_18_8;gamma_11_8;delta_18_3;gamma_11_15;beta_12_1;delta_17_16;gamma_12_10;beta_2_1;beta_18_6;alpha_7_2;gamma_11_13;alpha_17_11;beta_1_14;gamma_7_16;beta_17_2;beta_16_14;beta_7_11;delta_18_8;beta_13_9;beta_11_16;alpha_17_15;gamma_8_7;gamma_18_12;gamma_11_18;theta_17_3;gamma_12_5;beta_6_2;beta_13_1;gamma_10_12;beta_8_5;alpha_18_12;beta_4_14
chb03,chb03_29,80,80,286;602;1466;52;275;905;993;863;1280;1508;1519;1444;1032;285;274;718;293;592;1408;1122;1046;281;1214;1079;1501;1313;599;752;1357;1493;1043;1218;297;698;1097;1099;1049;908;1337;1387;1496;1407;1502;1035;1229;898;1401;1105;1024;1123;1191;1102;1186;1520;580;715;1505;1029;935;930;474;296;1410;734;1415;1114;1349;912;1212;1130;287;1340;681;1088;291;923;1424;1007;1425;1524,delta_17_15;theta_18_8;gamma_15_5;delta_4_2;delta_17_4;alpha_18_5;beta_5_9;alpha_15_14;gamma_4_7;gamma_17_13;gamma_18_7;gamma_13_18;beta_7_14;delta_17_14;delta_17_3;alpha_7_5;delta_18_5;theta_17_15;gamma_11_16;beta_13_1;beta_8_11;delta_17_10;beta_18_8;beta_10_9;gamma_17_6;gamma_6_5;theta_18_5;alpha_9_5;gamma_8_16;gamma_16_15;beta_8_7;beta_18_12;delta_18_9;alpha_6_2;beta_11_10;beta_11_13;beta_8_14;alpha_18_8;gamma_7_13;gamma_10_12;gamma_17_1;gamma_11_15;gamma_17_7;beta_7_17;gamma_1_7;alpha_17_15;gamma_11_8;beta_12_1;beta_7_5;beta_13_2;beta_17_2;beta_11_16;beta_16_14;gamma_18_8;theta_17_3;alpha_7_2;gamma_17_10;beta_7_11;beta_2_1;beta_1_14;theta_10_17;delta_18_8;gamma_11_18;alpha_8_4;gamma_12_5;beta_12_10;gamma_8_7;alpha_18_12;beta_18_6;beta_13_9;delta_17_16;gamma_7_16;alpha_5_2;beta_11_1;delta_18_3;beta_1_7;gamma_12_15;beta_6_5;gamma_12_16;gamma_18_12
chb03,chb03_30,80,80,286;602;820;709;275;905;681;1425;1043;1508;1405;285;274;1313;1519;293;1505;863;592;1079;297;1214;1377;1357;718;1493;1280;1427;1501;599;1337;281;1408;1032;698;927;1218;834;291;1415;1114;1035;908;993;898;1407;752;1401;580;1496;1088;1191;935;1212;1024;1049;267;1502;1229;715;1410;1520;1186;1130;894;734;1102;912;1099;1349;930;1105;1029;1424;273;1524;1097;612;296;1387,delta_17_15;theta_18_8;alpha_13_5;alpha_6_14;delta_17_4;alpha_18_5;alpha_5_2;gamma_12_16;beta_8_7;gamma_17_13;gamma_11_13;delta_17_14;delta_17_3;gamma_6_5;gamma_18_7;delta_18_5;gamma_17_10;alpha_15_14;theta_17_15;beta_10_9;delta_18_9;beta_18_8;gamma_10_1;gamma_8_16;alpha_7_5;gamma_16_15;gamma_4_7;gamma_12_18;gamma_17_6;theta_18_5;gamma_7_13;delta_17_10;gamma_11_16;beta_7_14;alpha_6_2;beta_1_11;beta_18_12;alpha_14_2;delta_18_3;gamma_12_5;beta_12_10;beta_7_17;alpha_18_8;beta_5_9;alpha_17_15;gamma_11_15;alpha_9_5;gamma_11_8;theta_17_3;gamma_17_1;beta_11_1;beta_17_2;beta_2_1;beta_18_6;beta_7_5;beta_8_14;delta_16_13;gamma_17_7;gamma_1_7;alpha_7_2;gamma_11_18;gamma_18_8;beta_16_14;beta_13_9;alpha_17_11;alpha_8_4;beta_11_16;alpha_18_12;beta_11_13;gamma_8_7;beta_1_14;beta_12_1;beta_7_11;gamma_12_15;delta_17_2;gamma_18_12;beta_11_10;alpha_1_2;delta_18_8;gamma_10_12
chb03,chb03_31,80,80,286;1212;1432;619;737;1357;487;905;274;602;1493;681;1508;285;964;1313;1408;592;1214;1393;297;1088;275;1280;863;293;1501;1079;281;718;1519;1029;752;599;1496;1097;908;698;1337;1049;1476;1218;1502;1405;898;852;1505;1043;1401;580;1122;1407;1032;1520;1024;1415;1229;780;1102;1186;1046;296;715;1123;1191;935;291;1114;1035;1524;1105;1130;1427;278;1349;993;1297;1347;930;446,delta_17_15;beta_18_6;gamma_13_5;alpha_1_9;alpha_8_7;gamma_8_16;theta_11_13;alpha_18_5;delta_17_3;theta_18_8;gamma_16_15;alpha_5_2;gamma_17_13;delta_17_14;beta_3_14;gamma_6_5;gamma_11_16;theta_17_15;beta_18_8;gamma_10_18;delta_18_9;beta_11_1;delta_17_4;gamma_4_7;alpha_15_14;delta_18_5;gamma_17_6;beta_10_9;delta_17_10;alpha_7_5;gamma_18_7;beta_7_11;alpha_9_5;theta_18_5;gamma_17_1;beta_11_10;alpha_18_8;alpha_6_2;gamma_7_13;beta_8_14;gamma_15_16;beta_18_12;gamma_17_7;gamma_11_13;alpha_17_15;alpha_15_3;gamma_17_10;beta_8_7;gamma_11_8;theta_17_3;beta_13_1;gamma_11_15;beta_7_14;gamma_18_8;beta_7_5;gamma_12_5;gamma_1_7;alpha_10_17;beta_11_16;beta_16_14;beta_8_11;delta_18_8;alpha_7_2;beta_13_2;beta_17_2;beta_2_1;delta_18_3;beta_12_10;beta_7_17;gamma_18_12;beta_12_1;beta_13_9;gamma_12_18;delta_17_7;gamma_8_7;beta_5_9;gamma_5_7;gamma_8_5;beta_1_14;theta_9_5
chb03,chb03_32,80,80,286;602;358;1479;275;905;1269;1508;1043;1425;1130;285;1501;274;752;293;592;964;1214;1478;718;863;281;1340;1280;1519;599;1405;1408;1313;1218;978;698;297;1390;1035;1496;1097;908;1415;1049;267;993;1502;1115;1357;1122;580;1505;1212;697;898;1024;1229;474;1520;1186;715;1401;1079;1407;1032;734;1524;1191;1058;1349;278;1102;1427;912;1105;1029;681;273;1420;1099;296;1007;930,delta_17_15;theta_18_8;theta_4_2;gamma_16_1;delta_17_4;alpha_18_5;gamma_3_13;gamma_17_13;beta_8_7;gamma_12_16;beta_13_9;delta_17_14;gamma_17_6;delta_17_3;alpha_9_5;delta_18_5;theta_17_15;beta_3_14;beta_18_8;gamma_15_18;alpha_7_5;alpha_15_14;delta_17_10;gamma_7_16;gamma_4_7;gamma_18_7;theta_18_5;gamma_11_13;gamma_11_16;gamma_6_5;beta_18_12;beta_4_11;alpha_6_2;delta_18_9;gamma_10_15;beta_7_17;gamma_17_1;beta_11_10;alpha_18_8;gamma_12_5;beta_8_14;delta_16_13;beta_5_9;gamma_17_7;beta_12_11;gamma_8_16;beta_13_1;theta_17_3;gamma_17_10;beta_18_6;alpha_6_1;alpha_17_15;beta_7_5;gamma_1_7;theta_10_17;gamma_18_8;beta_16_14;alpha_7_2;gamma_11_8;beta_10_9;gamma_11_15;beta_7_14;alpha_8_4;gamma_18_12;beta_17_2;beta_9_5;gamma_8_7;delta_17_7;beta_11_16;gamma_12_18;alpha_18_12;beta_12_1;beta_7_11;alpha_5_2;delta_17_2;gamma_12_10;beta_11_13;delta_18_8;beta_6_5;beta_1_14
chb03,chb03_33,80,80,286;1374;1286;274;392;905;487;1508;1520;1049;1280;285;275;1177;718;293;1478;592;1501;863;1214;281;1079;978;602;1122;297;1357;1035;1390;599;1405;1408;1313;278;698;1496;1114;1043;1032;908;580;752;935;1218;1519;993;287;734;1191;1229;1105;1410;898;681;1186;1212;1401;930;1502;1024;291;1407;295;1130;1425;1524;1029;1097;1349;1415;715;1340;912;883;1505;292;1099;296;1102,delta_17_15;gamma_9_16;gamma_4_13;delta_17_3;theta_6_2;alpha_18_5;theta_11_13;gamma_17_13;gamma_18_8;beta_8_14;gamma_4_7;delta_17_14;delta_17_4;beta_16_5;alpha_7_5;delta_18_5;gamma_15_18;theta_17_15;gamma_17_6;alpha_15_14;beta_18_8;delta_17_10;beta_10_9;beta_4_11;theta_18_8;beta_13_1;delta_18_9;gamma_8_16;beta_7_17;gamma_10_15;theta_18_5;gamma_11_13;gamma_11_16;gamma_6_5;delta_17_7;alpha_6_2;gamma_17_1;beta_12_10;beta_8_7;beta_7_14;alpha_18_8;theta_17_3;alpha_9_5;beta_2_1;beta_18_12;gamma_18_7;beta_5_9;delta_17_16;alpha_8_4;beta_17_2;gamma_1_7;beta_12_1;gamma_11_18;alpha_17_15;alpha_5_2;beta_16_14;beta_18_6;gamma_11_8;beta_1_14;gamma_17_7;beta_7_5;delta_18_3;gamma_11_15;delta_18_7;beta_13_9;gamma_12_16;gamma_18_12;beta_7_11;beta_11_10;gamma_8_7;gamma_12_5;alpha_7_2;gamma_7_16;alpha_18_12;alpha_16_18;gamma_17_10;delta_18_4;beta_11_13;delta_18_8;beta_11_16
chb03,chb03_34,40,40,905;392;285;1115;1508;1049;286;275;1466;1520;1314;297;274;718;293;1501;1079;592;1425;281;602;599;993;863;1105;1097;1214;927;278;1461;1099;1408;1458;698;446;1324;1357;1218;1043;273,alpha_18_5;theta_6_2;delta_17_14;beta_12_11;gamma_17_13;beta_8_14;delta_17_15;delta_17_4;gamma_15_5;gamma_18_8;gamma_6_7;delta_18_9;delta_17_3;alpha_7_5;delta_18_5;gamma_17_6;beta_10_9;theta_17_15;gamma_12_16;delta_17_10;theta_18_8;theta_18_5;beta_5_9;alpha_15_14;beta_12_1;beta_11_10;beta_18_8;beta_1_11;delta_17_7;gamma_14_18;beta_11_13;gamma_11_16;gamma_14_15;alpha_6_2;theta_9_5;gamma_6_17;gamma_8_16;beta_18_12;beta_8_7;delta_17_2
chb03,chb03_35,40,40,905;474;885;286;1447;930;1115;1520;275;297;1041;1425;1457;293;681;601;285;863;281;1122;1357;1043;291;599;1029;602;752;592;1252;1501;1409;1214;734;1408;791;1049;1508;1218;698;1079,alpha_18_5;theta_10_17;alpha_17_2;delta_17_15;gamma_14_3;beta_1_14;beta_12_11;gamma_18_8;delta_17_4;delta_18_9;beta_8_5;gamma_12_16;gamma_14_13;delta_18_5;alpha_5_2;theta_18_7;delta_17_14;alpha_15_14;delta_17_10;beta_13_1;gamma_8_16;beta_8_7;delta_18_3;theta_18_5;beta_7_11;theta_18_8;alpha_9_5;theta_17_15;gamma_2_13;gamma_17_6;gamma_11_17;beta_18_8;alpha_8_4;gamma_11_16;alpha_11_10;beta_8_14;gamma_17_13;beta_18_12;alpha_6_2;beta_10_9
chb03,chb03_36,40,40,286;905;1236;1469;885;681;274;1079;1214;1505;297;293;1041;592;863;275;961;285;1280;1405;599;993;752;1408;278;281;602;1495;1122;1049;1508;176;697;1519;1501;1218;698;1415;1458;1043,delta_17_15;alpha_18_5;gamma_1_14;gamma_15_8;alpha_17_2;alpha_5_2;delta_17_3;beta_10_9;beta_18_8;gamma_17_10;delta_18_9;delta_18_5;beta_8_5;theta_17_15;alpha_15_14;delta_17_4;beta_3_11;delta_17_14;gamma_4_7;gamma_11_13;theta_18_5;beta_5_9;alpha_9_5;gamma_11_16;delta_17_7;delta_17_10;theta_18_8;gamma_16_18;beta_13_1;beta_8_14;gamma_17_13;delta_11_7;alpha_6_1;gamma_18_7;gamma_17_6;beta_18_12;alpha_6_2;gamma_12_5;gamma_14_15;beta_8_7
chb03,chb03_37,80,80,286;275;675;1105;606;905;1421;1337;1519;681;274;863;1280;285;1508;293;1079;592;1501;1493;752;1214;1313;281;1408;978;599;718;560;1357;1405;602;1236;1415;297;698;1218;1043;1496;1502;1407;580;993;1122;1401;1097;908;1049;1229;267;898;1212;1410;1505;715;1425;1520;1123;935;1024;734;1186;1032;1524;1130;291;1191;1029;446;1424;1035;287;1427;1349;1088;278;1328;1102;1099;912,delta_17_15;delta_17_4;alpha_4_14;beta_12_1;theta_18_12;alpha_18_5;gamma_12_11;gamma_7_13;gamma_18_7;alpha_5_2;delta_17_3;alpha_15_14;gamma_4_7;delta_17_14;gamma_17_13;delta_18_5;beta_10_9;theta_17_15;gamma_17_6;gamma_16_15;alpha_9_5;beta_18_8;gamma_6_5;delta_17_10;gamma_11_16;beta_4_11;theta_18_5;alpha_7_5;theta_15_18;gamma_8_16;gamma_11_13;theta_18_8;gamma_1_14;gamma_12_5;delta_18_9;alpha_6_2;beta_18_12;beta_8_7;gamma_17_1;gamma_17_7;gamma_11_15;theta_17_3;beta_5_9;beta_13_1;gamma_11_8;beta_11_10;alpha_18_8;beta_8_14;gamma_1_7;delta_16_13;alpha_17_15;beta_18_6;gamma_11_18;gamma_17_10;alpha_7_2;gamma_12_16;gamma_18_8;beta_13_2;beta_2_1;beta_7_5;alpha_8_4;beta_16_14;beta_7_14;gamma_18_12;beta_13_9;delta_18_3;beta_17_2;beta_7_11;theta_9_5;gamma_12_15;beta_7_17;delta_17_16;gamma_12_18;gamma_8_7;beta_11_1;delta_17_7;gamma_7_3;beta_11_16;beta_11_13;alpha_18_12
chb03,chb03_38,80,80,286;606;1405;1305;275;1519;905;647;1508;1425;1041;274;285;1280;752;592;293;1046;1501;930;1079;863;1214;281;1478;993;599;1408;1122;602;698;1238;1502;1043;1097;1390;297;898;1415;1496;1218;1337;1032;1191;1313;580;1505;1229;908;1123;697;1401;1105;718;1349;278;1407;267;1049;715;1114;1520;1357;1130;287;1421;1102;1186;1212;474;1524;1029;1410;852;734;1024;1126;1314;681;1328,delta_17_15;theta_18_12;gamma_11_13;gamma_5_15;delta_17_4;gamma_18_7;alpha_18_5;alpha_3_2;gamma_17_13;gamma_12_16;beta_8_5;delta_17_3;delta_17_14;gamma_4_7;alpha_9_5;theta_17_15;delta_18_5;beta_8_11;gamma_17_6;beta_1_14;beta_10_9;alpha_15_14;beta_18_8;delta_17_10;gamma_15_18;beta_5_9;theta_18_5;gamma_11_16;beta_13_1;theta_18_8;alpha_6_2;gamma_1_16;gamma_17_7;beta_8_7;beta_11_10;gamma_10_15;delta_18_9;alpha_17_15;gamma_12_5;gamma_17_1;beta_18_12;gamma_7_13;beta_7_14;beta_17_2;gamma_6_5;theta_17_3;gamma_17_10;gamma_1_7;alpha_18_8;beta_13_2;alpha_6_1;gamma_11_8;beta_12_1;alpha_7_5;gamma_8_7;delta_17_7;gamma_11_15;delta_16_13;beta_8_14;alpha_7_2;beta_12_10;gamma_18_8;gamma_8_16;beta_13_9;delta_17_16;gamma_12_11;beta_11_16;beta_16_14;beta_18_6;theta_10_17;gamma_18_12;beta_7_11;gamma_11_18;alpha_15_3;alpha_8_4;beta_7_5;beta_13_5;gamma_6_7;alpha_5_2;gamma_7_3
chb04,chb04_01,100,100,277;909;455;621;1299;212;1512;1196;1416;293;294;649;1215;1049;1409;274;1319;987;1213;1115;280;1105;1025;1320;471;1520;303;756;583;920;1056;579;1317;780;1216;1364;1506;807;364;1256;1518;1326;1524;726;795;1189;1251;1214;1469;1252;1412;719;273;698;875;1477;734;1522;705;908;921;1421;777;1398;599;1285;586;1212;1120;1337;1200;778;1358;692;808;735;1502;1054;1336;1405;1004;501;603;809;907;687;1324;580;1525;489;1040;276;716;1417;1279;1303;1086;165;1206;1090,delta_17_6;alpha_18_9;theta_9_15;alpha_1_11;gamma_5_9;delta_13_9;gamma_17_18;beta_17_7;gamma_12_6;delta_18_5;delta_18_6;alpha_3_5;beta_18_9;beta_8_14;gamma_11_17;delta_17_3;gamma_6_12;beta_5_2;beta_18_7;beta_12_11;delta_17_9;beta_12_1;beta_7_6;gamma_6_13;theta_10_14;gamma_18_8;delta_18_15;alpha_9_10;theta_17_6;beta_1_4;beta_9_3;theta_17_2;gamma_6_10;alpha_10_17;beta_18_10;gamma_9_5;gamma_17_11;alpha_12_9;theta_4_9;gamma_2_17;gamma_18_6;gamma_7_1;gamma_18_12;alpha_7_14;alpha_11_15;beta_16_18;gamma_2_12;beta_18_8;gamma_15_8;gamma_2_13;gamma_12_2;alpha_7_6;delta_17_2;alpha_6_2;alpha_16_9;gamma_15_17;alpha_8_4;gamma_18_10;alpha_6_10;alpha_18_8;beta_1_5;gamma_12_11;alpha_10_14;gamma_11_5;theta_18_5;gamma_4_12;theta_17_9;beta_18_6;beta_12_17;gamma_7_13;beta_17_11;alpha_10_15;gamma_8_17;alpha_5_14;alpha_12_10;alpha_8_5;gamma_17_7;beta_9_1;gamma_7_12;gamma_11_13;beta_6_2;theta_12_9;theta_18_9;alpha_12_11;alpha_18_7;alpha_5_9;gamma_6_17;theta_17_3;gamma_18_13;theta_11_15;beta_8_4;delta_17_5;alpha_7_3;gamma_12_7;gamma_4_6;gamma_5_13;beta_10_17;delta_10_14;beta_17_18;beta_11_3
chb04,chb04_02,100,100,277;812;1215;1001;858;1512;1196;1320;293;294;624;1302;1409;280;681;1522;615;909;303;471;583;1025;1090;1213;1364;273;1040;1317;474;1520;1421;274;687;1405;1506;795;1087;1214;875;1251;1020;1446;1525;1286;998;1524;756;276;719;165;920;705;1054;1216;1518;735;1469;987;1324;1319;807;489;1115;1200;1086;586;1337;908;579;706;1279;1502;603;692;777;1120;1358;734;1353;1212;501;666;599;1232;580;778;698;1252;1336;1398;1521;406;1206;286;907;780;1417;717;574;921,delta_17_6;alpha_12_15;beta_18_9;beta_5_17;alpha_15_9;gamma_17_18;beta_17_7;gamma_6_13;delta_18_5;delta_18_6;alpha_1_14;gamma_5_12;gamma_11_17;delta_17_9;alpha_5_2;gamma_18_10;alpha_1_5;alpha_18_9;delta_18_15;theta_10_14;theta_17_6;beta_7_6;beta_11_3;beta_18_7;gamma_9_5;delta_17_2;beta_8_4;gamma_6_10;theta_10_17;gamma_18_8;gamma_12_11;delta_17_3;alpha_5_9;gamma_11_13;gamma_17_11;alpha_11_15;beta_10_18;beta_18_8;alpha_16_9;gamma_2_12;beta_7_1;gamma_14_2;gamma_18_13;gamma_4_13;beta_5_14;gamma_18_12;alpha_9_10;delta_17_5;alpha_7_6;delta_10_14;beta_1_4;alpha_6_10;beta_9_1;beta_18_10;gamma_18_6;alpha_8_5;gamma_15_8;beta_5_2;gamma_6_17;gamma_6_12;alpha_12_9;theta_11_15;beta_12_11;beta_17_11;beta_10_17;theta_17_9;gamma_7_13;alpha_18_8;theta_17_2;alpha_6_11;gamma_4_6;gamma_17_7;theta_18_9;alpha_5_14;alpha_10_14;beta_12_17;gamma_8_17;alpha_8_4;gamma_8_12;beta_18_6;theta_12_9;alpha_4_5;theta_18_5;gamma_1_10;theta_17_3;alpha_10_15;alpha_6_2;gamma_2_13;gamma_7_12;gamma_11_5;gamma_18_9;theta_6_17;beta_17_18;delta_17_15;alpha_18_7;alpha_10_17;gamma_12_7;alpha_7_4;theta_16_14;beta_1_5
chb04,chb04_03,100,100,277;1215;1080;934;438;1364;1512;293;1285;501;294;735;1196;1320;280;471;909;1025;1216;1477;273;987;1520;795;274;687;303;583;756;1317;1040;1213;692;780;1090;1524;1405;1307;1518;1506;1020;1416;1214;778;1251;875;706;1431;1409;1337;1525;579;666;1054;920;908;1115;165;719;681;1522;599;705;1200;1446;998;1336;1120;580;1358;807;276;603;489;716;1502;1235;1189;1212;1318;586;921;891;1398;808;726;777;1279;1004;734;1469;381;1353;1086;484;907;1324;680;1319;1286,delta_17_6;beta_18_9;beta_10_11;beta_1_18;theta_8_15;gamma_9_5;gamma_17_18;delta_18_5;gamma_4_12;theta_12_9;delta_18_6;alpha_8_5;beta_17_7;gamma_6_13;delta_17_9;theta_10_14;alpha_18_9;beta_7_6;beta_18_10;gamma_15_17;delta_17_2;beta_5_2;gamma_18_8;alpha_11_15;delta_17_3;alpha_5_9;delta_18_15;theta_17_6;alpha_9_10;gamma_6_10;beta_8_4;beta_18_7;alpha_5_14;alpha_10_17;beta_11_3;gamma_18_12;gamma_11_13;gamma_5_17;gamma_18_6;gamma_17_11;beta_7_1;gamma_12_6;beta_18_8;alpha_10_15;gamma_2_12;alpha_16_9;alpha_6_11;gamma_13_4;gamma_11_17;gamma_7_13;gamma_18_13;theta_17_2;alpha_4_5;beta_9_1;beta_1_4;alpha_18_8;beta_12_11;delta_10_14;alpha_7_6;alpha_5_2;gamma_18_10;theta_18_5;alpha_6_10;beta_17_11;gamma_14_2;beta_5_14;gamma_7_12;beta_12_17;theta_17_3;gamma_8_17;alpha_12_9;delta_17_5;theta_18_9;theta_11_15;alpha_7_3;gamma_17_7;gamma_1_13;beta_16_18;beta_18_6;gamma_6_11;theta_17_9;beta_1_5;alpha_17_8;gamma_11_5;alpha_12_10;alpha_7_14;alpha_10_14;gamma_4_6;beta_6_2;alpha_8_4;gamma_15_8;theta_5_9;gamma_8_12;beta_10_17;theta_11_9;alpha_18_7;gamma_6_17;alpha_5_1;gamma_6_12;gamma_4_13
chb04,chb04_04,100,100,277;1483;627;1215;1512;132;760;1302;294;987;1196;293;1320;474;273;1386;1520;909;875;735;280;795;303;1025;998;583;1409;1213;1040;274;1232;1056;1522;706;1405;1214;756;471;687;1358;1189;1285;1364;1506;807;1337;1524;1115;489;680;719;1518;579;1216;726;1324;799;1446;1319;681;1120;908;734;93;777;1502;921;603;501;778;1251;1252;1086;286;1212;1279;580;1525;920;1054;1200;1359;586;1421;666;1218;1307;165;692;698;780;1336;891;858;599;1303;1206;1398;907;1090,delta_17_6;gamma_16_5;alpha_1_17;beta_18_9;gamma_17_18;delta_8_15;alpha_9_14;gamma_5_12;delta_18_6;beta_5_2;beta_17_7;delta_18_5;gamma_6_13;theta_10_17;delta_17_2;gamma_10_11;gamma_18_8;alpha_18_9;alpha_16_9;alpha_8_5;delta_17_9;alpha_11_15;delta_18_15;beta_7_6;beta_5_14;theta_17_6;gamma_11_17;beta_18_7;beta_8_4;delta_17_3;gamma_1_10;beta_9_3;gamma_18_10;alpha_6_11;gamma_11_13;beta_18_8;alpha_9_10;theta_10_14;alpha_5_9;gamma_8_17;beta_16_18;gamma_4_12;gamma_9_5;gamma_17_11;alpha_12_9;gamma_7_13;gamma_18_12;beta_12_11;theta_11_15;alpha_5_1;alpha_7_6;gamma_18_6;theta_17_2;beta_18_10;alpha_7_14;gamma_6_17;alpha_12_1;gamma_14_2;gamma_6_12;alpha_5_2;beta_12_17;alpha_18_8;alpha_8_4;delta_6_10;alpha_10_14;gamma_17_7;beta_1_5;theta_18_9;theta_12_9;alpha_10_15;gamma_2_12;gamma_2_13;beta_10_17;delta_17_15;beta_18_6;gamma_4_6;theta_17_3;gamma_18_13;beta_1_4;beta_9_1;beta_17_11;gamma_8_18;theta_17_9;gamma_12_11;alpha_4_5;beta_18_12;gamma_5_17;delta_10_14;alpha_5_14;alpha_6_2;alpha_10_17;gamma_7_12;alpha_17_8;alpha_15_9;theta_18_5;gamma_5_13;beta_17_18;gamma_11_5;alpha_18_7;beta_11_3
chb04,chb04_05,20,20,277;778;303;1029;1215;1405;1512;420;294;1299;246;293;1115;1326;1196;719;273;1520;681;780,delta_17_6;alpha_10_15;delta_18_15;beta_7_11;beta_18_9;gamma_11_13;gamma_17_18;theta_7_14;delta_18_6;gamma_5_9;delta_15_9;delta_18_5;beta_12_11;gamma_7_1;beta_17_7;alpha_7_6;delta_17_2;gamma_18_8;alpha_5_2;alpha_10_17
chb04,chb04_06,100,100,277;778;1215;1335;415;1409;1196;293;1512;294;987;858;1320;273;1040;909;471;303;1018;280;726;1216;1115;1524;1054;1285;1025;274;583;780;735;1213;1073;1317;1520;1405;795;1518;1020;756;1506;807;1299;1214;1189;705;603;1251;165;1358;681;1364;579;998;1120;920;1414;276;1337;908;921;489;1525;719;1522;599;875;1421;586;1319;1502;777;712;1412;1086;1200;580;1307;1212;716;692;1105;734;1279;687;891;1336;501;1477;1286;698;472;1218;666;1087;1206;1359;1442;1232;1090,delta_17_6;alpha_10_15;beta_18_9;gamma_7_11;theta_7_9;gamma_11_17;beta_17_7;delta_18_5;gamma_17_18;delta_18_6;beta_5_2;alpha_15_9;gamma_6_13;delta_17_2;beta_8_4;alpha_18_9;theta_10_14;delta_18_15;beta_6_17;delta_17_9;alpha_7_14;beta_18_10;beta_12_11;gamma_18_12;beta_9_1;gamma_4_12;beta_7_6;delta_17_3;theta_17_6;alpha_10_17;alpha_8_5;beta_18_7;beta_10_3;gamma_6_10;gamma_18_8;gamma_11_13;alpha_11_15;gamma_18_6;beta_7_1;alpha_9_10;gamma_17_11;alpha_12_9;gamma_5_9;beta_18_8;beta_16_18;alpha_6_10;theta_18_9;gamma_2_12;delta_10_14;gamma_8_17;alpha_5_2;gamma_9_5;theta_17_2;beta_5_14;beta_12_17;beta_1_4;gamma_12_4;delta_17_5;gamma_7_13;alpha_18_8;beta_1_5;theta_11_15;gamma_18_13;alpha_7_6;gamma_18_10;theta_18_5;alpha_16_9;gamma_12_11;theta_17_9;gamma_6_12;gamma_17_7;alpha_10_14;alpha_6_17;gamma_12_2;beta_10_17;beta_17_11;theta_17_3;gamma_5_17;beta_18_6;alpha_7_3;alpha_5_14;beta_12_1;alpha_8_4;gamma_4_6;alpha_5_9;alpha_17_8;gamma_7_12;theta_12_9;gamma_15_17;gamma_4_13;alpha_6_2;theta_10_15;beta_18_12;alpha_4_5;beta_10_18;beta_17_18;gamma_8_18;gamma_13_16;gamma_1_10;beta_11_3
chb04,chb04_07,100,100,277;1215;828;921;1512;1285;693;1196;293;1477;294;1320;280;681;553;1216;909;1307;1173;274;795;1025;807;1520;1421;273;687;583;1040;303;1364;726;1213;1090;780;1524;735;1319;1232;1405;1214;489;987;1416;1506;1257;875;1518;1020;471;712;1189;603;1337;1522;1279;1251;1115;586;998;908;1409;579;1466;778;1525;1358;719;808;580;920;698;1054;1502;474;995;429;1336;599;1446;501;1200;1235;574;1324;692;1120;276;1212;716;891;705;1056;680;1407;1218;472;1398;666;1302,delta_17_6;beta_18_9;alpha_13_14;beta_1_5;gamma_17_18;gamma_4_12;alpha_5_15;beta_17_7;delta_18_5;gamma_15_17;delta_18_6;gamma_6_13;delta_17_9;alpha_5_2;theta_15_10;beta_18_10;alpha_18_9;gamma_5_17;beta_16_1;delta_17_3;alpha_11_15;beta_7_6;alpha_12_9;gamma_18_8;gamma_12_11;delta_17_2;alpha_5_9;theta_17_6;beta_8_4;delta_18_15;gamma_9_5;alpha_7_14;beta_18_7;beta_11_3;alpha_10_17;gamma_18_12;alpha_8_5;gamma_6_12;gamma_1_10;gamma_11_13;beta_18_8;theta_11_15;beta_5_2;gamma_12_6;gamma_17_11;gamma_2_18;alpha_16_9;gamma_18_6;beta_7_1;theta_10_14;alpha_6_17;beta_16_18;theta_18_9;gamma_7_13;gamma_18_10;gamma_4_6;gamma_2_12;beta_12_11;theta_17_9;beta_5_14;alpha_18_8;gamma_11_17;theta_17_2;gamma_15_5;alpha_10_15;gamma_18_13;gamma_8_17;alpha_7_6;alpha_12_10;theta_17_3;beta_1_4;alpha_6_2;beta_9_1;gamma_17_7;theta_10_17;beta_5_11;theta_8_5;gamma_7_12;theta_18_5;gamma_14_2;theta_12_9;beta_17_11;gamma_1_13;theta_16_14;gamma_6_17;alpha_5_14;beta_12_17;delta_17_5;beta_18_6;alpha_7_3;alpha_17_8;alpha_6_10;beta_9_3;alpha_5_1;gamma_11_15;beta_18_12;theta_10_15;gamma_11_5;alpha_4_5;gamma_5_12
chb04,chb04_08,20,20,277;1307;546;586;629;1216;489;1177;303;692;1196;580;294;1251;1189;276;1512;1320;501;987,delta_17_6;gamma_5_17;theta_15_3;theta_17_9;alpha_2_1;beta_18_10;theta_11_15;beta_16_5;delta_18_15;alpha_5_14;beta_17_7;theta_17_3;delta_18_6;gamma_2_12;beta_16_18;delta_17_5;gamma_17_18;gamma_6_13;theta_12_9;beta_5_2
chb04,chb04_09,100,100,277;780;1320;909;413;1512;1196;251;293;1285;294;1215;715;930;875;280;1115;1520;735;274;795;1300;1398;1216;920;583;1090;303;1358;273;1409;1213;706;687;1506;1025;1087;756;1525;471;1214;1020;1251;1405;726;807;712;1414;1252;1054;586;778;1522;1040;1518;1434;1319;1120;1324;1524;599;1446;705;890;666;1521;501;1279;579;1206;489;908;1337;1080;987;603;165;1364;692;1318;1212;1086;1336;719;276;1502;1359;580;734;698;1189;1307;777;808;1303;1466;790;1200;680;1421,delta_17_6;alpha_10_17;gamma_6_13;alpha_18_9;theta_7_6;gamma_17_18;beta_17_7;delta_15_14;delta_18_5;gamma_4_12;delta_18_6;beta_18_9;alpha_7_2;beta_1_14;alpha_16_9;delta_17_9;beta_12_11;gamma_18_8;alpha_8_5;delta_17_3;alpha_11_15;gamma_5_10;gamma_11_5;beta_18_10;beta_1_4;theta_17_6;beta_11_3;delta_18_15;gamma_8_17;delta_17_2;gamma_11_17;beta_18_7;alpha_6_11;alpha_5_9;gamma_17_11;beta_7_6;beta_10_18;alpha_9_10;gamma_18_13;theta_10_14;beta_18_8;beta_7_1;gamma_2_12;gamma_11_13;alpha_7_14;alpha_12_9;alpha_6_17;gamma_12_4;gamma_2_13;beta_9_1;theta_17_9;alpha_10_15;gamma_18_10;beta_8_4;gamma_18_6;gamma_13_7;gamma_6_12;beta_12_17;gamma_6_17;gamma_18_12;theta_18_5;gamma_14_2;alpha_6_10;alpha_17_7;alpha_4_5;gamma_18_9;theta_12_9;gamma_4_6;theta_17_2;beta_17_18;theta_11_15;alpha_18_8;gamma_7_13;beta_10_11;beta_5_2;theta_18_9;delta_10_14;gamma_9_5;alpha_5_14;gamma_6_11;beta_18_6;beta_10_17;gamma_7_12;alpha_7_6;delta_17_5;gamma_17_7;gamma_8_18;theta_17_3;alpha_8_4;alpha_6_2;beta_16_18;gamma_5_17;alpha_10_14;alpha_12_10;gamma_5_13;gamma_15_5;alpha_11_9;beta_17_11;alpha_5_1;gamma_12_11
chb04,chb04_10,100,100,277;1188;683;1215;1352;1512;687;293;1196;165;294;1025;280;875;987;1320;909;303;795;274;1520;1285;1115;1398;735;964;583;1213;273;1446;1358;808;1522;1086;705;1506;1405;1214;1090;1251;1189;489;1518;1054;1524;1252;719;501;1020;1409;1307;471;681;603;1040;1216;726;1525;1319;429;1416;890;908;276;1421;579;778;1317;1206;712;780;1364;1414;1212;1337;807;716;580;1336;1120;998;599;1279;1200;993;574;734;586;1519;666;1417;502;1324;907;1466;698;1502;706;1303;1218,delta_17_6;beta_16_17;alpha_5_4;beta_18_9;gamma_8_11;gamma_17_18;alpha_5_9;delta_18_5;beta_17_7;delta_10_14;delta_18_6;beta_7_6;delta_17_9;alpha_16_9;beta_5_2;gamma_6_13;alpha_18_9;delta_18_15;alpha_11_15;delta_17_3;gamma_18_8;gamma_4_12;beta_12_11;gamma_11_5;alpha_8_5;beta_3_14;theta_17_6;beta_18_7;delta_17_2;gamma_14_2;gamma_8_17;alpha_12_10;gamma_18_10;beta_10_17;alpha_6_10;gamma_17_11;gamma_11_13;beta_18_8;beta_11_3;gamma_2_12;beta_16_18;theta_11_15;gamma_18_6;beta_9_1;gamma_18_12;gamma_2_13;alpha_7_6;theta_12_9;beta_7_1;gamma_11_17;gamma_5_17;theta_10_14;alpha_5_2;theta_18_9;beta_8_4;beta_18_10;alpha_7_14;gamma_18_13;gamma_6_12;theta_8_5;gamma_12_6;alpha_17_7;alpha_18_8;delta_17_5;gamma_12_11;theta_17_2;alpha_10_15;gamma_6_10;beta_17_18;alpha_6_17;alpha_10_17;gamma_9_5;gamma_12_4;beta_18_6;gamma_7_13;alpha_12_9;alpha_7_3;theta_17_3;gamma_7_12;beta_12_17;beta_5_14;theta_18_5;gamma_4_6;beta_17_11;beta_5_9;theta_16_14;alpha_8_4;theta_17_9;gamma_18_7;alpha_4_5;gamma_12_7;theta_12_10;gamma_6_17;alpha_18_7;gamma_15_5;alpha_6_2;gamma_17_7;alpha_6_11;gamma_5_13;beta_18_12
chb04,chb04_11,100,100,277;1188;1215;719;1286;1512;1196;293;273;1302;294;501;471;1434;280;987;909;705;1520;795;1307;274;1364;726;583;1115;1216;735;1213;303;553;1040;1409;687;1524;1090;1012;1320;1214;780;1054;1518;1506;807;489;1251;1020;1416;579;276;1358;1405;1087;1525;165;908;603;930;1522;734;1469;1025;1319;1337;1421;875;1407;1200;1317;681;1086;599;666;1212;1446;1359;580;808;712;1398;1502;586;920;777;1336;692;1299;778;1120;891;1324;484;1360;1252;680;907;1206;1285;286;1056,delta_17_6;beta_16_17;beta_18_9;alpha_7_6;gamma_4_13;gamma_17_18;beta_17_7;delta_18_5;delta_17_2;gamma_5_12;delta_18_6;theta_12_9;theta_10_14;gamma_13_7;delta_17_9;beta_5_2;alpha_18_9;alpha_6_10;gamma_18_8;alpha_11_15;gamma_5_17;delta_17_3;gamma_9_5;alpha_7_14;theta_17_6;beta_12_11;beta_18_10;alpha_8_5;beta_18_7;delta_18_15;theta_15_10;beta_8_4;gamma_11_17;alpha_5_9;gamma_18_12;beta_11_3;beta_6_11;gamma_6_13;beta_18_8;alpha_10_17;beta_9_1;gamma_18_6;gamma_17_11;alpha_12_9;theta_11_15;gamma_2_12;beta_7_1;gamma_12_6;theta_17_2;delta_17_5;gamma_8_17;gamma_11_13;beta_10_18;gamma_18_13;delta_10_14;alpha_18_8;theta_18_9;beta_1_14;gamma_18_10;alpha_8_4;gamma_15_8;beta_7_6;gamma_6_12;gamma_7_13;gamma_12_11;alpha_16_9;gamma_11_15;beta_17_11;gamma_6_10;alpha_5_2;beta_10_17;theta_18_5;alpha_4_5;beta_18_6;gamma_14_2;gamma_8_18;theta_17_3;alpha_12_10;alpha_6_17;gamma_11_5;gamma_17_7;theta_17_9;beta_1_4;alpha_10_14;gamma_7_12;alpha_5_14;gamma_5_9;alpha_10_15;beta_12_17;alpha_17_8;gamma_6_17;theta_11_9;gamma_9_1;gamma_2_13;alpha_5_1;alpha_18_7;beta_17_18;gamma_4_12;delta_17_15;beta_9_3
chb04,chb04_12,100,100,277;909;1025;251;1124;1302;1512;294;1364;658;1215;293;1196;1286;780;303;735;1522;273;875;280;1520;1115;705;274;795;987;1213;583;1409;687;1040;1335;1307;1524;1412;1405;1214;471;1320;799;1251;1518;1020;489;501;1506;1120;1317;406;276;1216;1417;603;930;1525;716;1080;1319;1279;666;908;1398;778;807;586;1502;580;681;1303;815;599;1477;907;920;756;579;1212;1285;165;726;1414;1358;474;891;1416;1336;719;921;1218;1421;1337;1054;1086;698;286;381;1200;858;1407,delta_17_6;alpha_18_9;beta_7_6;delta_15_14;beta_13_3;gamma_5_12;gamma_17_18;delta_18_6;gamma_9_5;alpha_3_14;beta_18_9;delta_18_5;beta_17_7;gamma_4_13;alpha_10_17;delta_18_15;alpha_8_5;gamma_18_10;delta_17_2;alpha_16_9;delta_17_9;gamma_18_8;beta_12_11;alpha_6_10;delta_17_3;alpha_11_15;beta_5_2;beta_18_7;theta_17_6;gamma_11_17;alpha_5_9;beta_8_4;gamma_7_11;gamma_5_17;gamma_18_12;gamma_12_2;gamma_11_13;beta_18_8;theta_10_14;gamma_6_13;alpha_12_1;gamma_2_12;gamma_18_6;beta_7_1;theta_11_15;theta_12_9;gamma_17_11;beta_12_17;gamma_6_10;theta_6_17;delta_17_5;beta_18_10;gamma_12_7;theta_18_9;beta_1_14;gamma_18_13;alpha_7_3;beta_10_11;gamma_6_12;gamma_4_6;alpha_4_5;alpha_18_8;gamma_11_5;alpha_10_15;alpha_12_9;theta_17_9;gamma_17_7;theta_17_3;alpha_5_2;gamma_5_13;alpha_12_18;theta_18_5;gamma_15_17;alpha_18_7;beta_1_4;alpha_9_10;theta_17_2;beta_18_6;gamma_4_12;delta_10_14;alpha_7_14;gamma_12_4;gamma_8_17;theta_10_17;alpha_17_8;gamma_12_6;gamma_7_12;alpha_7_6;beta_1_5;beta_18_12;gamma_12_11;gamma_7_13;beta_9_1;beta_10_17;alpha_6_2;delta_17_15;theta_5_9;beta_17_11;alpha_15_9;gamma_11_15
chb04,chb04_13,100,100,277;875;909;1512;689;1256;29;1196;294;795;1215;735;293;1409;1285;274;1216;1025;1252;987;471;280;1520;1054;1115;273;583;780;1213;1090;1040;687;303;1518;1524;1405;1300;1416;502;1214;1189;981;1506;1364;1251;649;489;807;1525;1320;1446;712;1522;1421;908;276;681;603;165;719;579;1336;1120;1212;1020;1407;705;1502;586;580;1279;1398;726;501;891;1358;1469;920;1319;778;907;921;1337;1004;1080;1105;1086;716;1200;574;1521;756;1206;666;1335;1218;1015;1307;484;599,delta_17_6;alpha_16_9;alpha_18_9;gamma_17_18;alpha_5_11;gamma_2_17;delta_2_14;beta_17_7;delta_18_6;alpha_11_15;beta_18_9;alpha_8_5;delta_18_5;gamma_11_17;gamma_4_12;delta_17_3;beta_18_10;beta_7_6;gamma_2_13;beta_5_2;theta_10_14;delta_17_9;gamma_18_8;beta_9_1;beta_12_11;delta_17_2;theta_17_6;alpha_10_17;beta_18_7;beta_11_3;beta_8_4;alpha_5_9;delta_18_15;gamma_18_6;gamma_18_12;gamma_11_13;gamma_5_10;gamma_12_6;theta_12_10;beta_18_8;beta_16_18;beta_4_14;gamma_17_11;gamma_9_5;gamma_2_12;alpha_3_5;theta_11_15;alpha_12_9;gamma_18_13;gamma_6_13;gamma_14_2;alpha_6_17;gamma_18_10;gamma_12_11;alpha_18_8;delta_17_5;alpha_5_2;theta_18_9;delta_10_14;alpha_7_6;theta_17_2;gamma_7_12;beta_12_17;beta_18_6;beta_7_1;gamma_11_15;alpha_6_10;gamma_17_7;theta_17_9;theta_17_3;gamma_4_6;gamma_11_5;alpha_7_14;theta_12_9;alpha_17_8;gamma_8_17;gamma_15_8;beta_1_4;gamma_6_12;alpha_10_15;alpha_18_7;beta_1_5;gamma_7_13;beta_6_2;beta_10_11;beta_12_1;beta_10_17;alpha_7_3;beta_17_11;theta_16_14;gamma_18_9;alpha_9_10;beta_17_18;alpha_4_5;gamma_7_11;beta_18_12;beta_6_14;gamma_5_17;theta_11_9;theta_18_5
chb04,chb04_14,100,100,277;1215;471;1025;998;1466;1512;293;1196;294;735;1285;780;280;1115;987;909;1320;1216;274;795;807;1520;303;734;583;1232;687;1412;1213;579;756;1307;1409;1524;1405;1518;1054;1020;1318;1214;1090;726;165;719;1506;1251;778;501;1421;698;1303;920;273;603;1364;1522;705;908;1087;921;1120;1358;586;1525;1469;1319;489;907;580;599;502;666;777;1502;951;1360;1279;1337;1212;692;875;1004;276;891;1040;712;1477;1206;1407;1080;1336;1398;1200;474;1317;1324;681;1056;1353,delta_17_6;beta_18_9;theta_10_14;beta_7_6;beta_5_14;gamma_15_5;gamma_17_18;delta_18_5;beta_17_7;delta_18_6;alpha_8_5;gamma_4_12;alpha_10_17;delta_17_9;beta_12_11;beta_5_2;alpha_18_9;gamma_6_13;beta_18_10;delta_17_3;alpha_11_15;alpha_12_9;gamma_18_8;delta_18_15;alpha_8_4;theta_17_6;gamma_1_10;alpha_5_9;gamma_12_2;beta_18_7;theta_17_2;alpha_9_10;gamma_5_17;gamma_11_17;gamma_18_12;gamma_11_13;gamma_18_6;beta_9_1;beta_7_1;gamma_6_11;beta_18_8;beta_11_3;alpha_7_14;delta_10_14;alpha_7_6;gamma_17_11;gamma_2_12;alpha_10_15;theta_12_9;gamma_12_11;alpha_6_2;gamma_5_13;beta_1_4;delta_17_2;theta_18_9;gamma_9_5;gamma_18_10;alpha_6_10;alpha_18_8;beta_10_18;beta_1_5;beta_12_17;gamma_8_17;theta_17_9;gamma_18_13;gamma_15_8;gamma_6_12;theta_11_15;alpha_18_7;theta_17_3;theta_18_5;theta_12_10;alpha_4_5;alpha_10_14;gamma_17_7;beta_2_18;gamma_9_1;gamma_4_6;gamma_7_13;beta_18_6;alpha_5_14;alpha_16_9;beta_6_2;delta_17_5;alpha_17_8;beta_8_4;alpha_6_17;gamma_15_17;beta_17_18;gamma_11_15;beta_10_11;gamma_7_12;gamma_11_5;beta_17_11;theta_10_17;gamma_6_10;gamma_6_17;alpha_5_2;beta_9_3;gamma_8_12
chb04,chb04_15,100,100,277;875;620;1215;1512;1320;1434;1285;293;1196;557;294;680;280;1409;1032;909;1307;274;1216;795;987;1040;1520;1364;719;1115;583;273;474;303;1213;735;1090;1524;687;808;1318;1405;1412;1518;1251;1506;807;1337;1279;471;1214;1189;726;712;1105;489;1522;276;1521;1120;920;579;1319;1358;599;908;1020;501;681;586;1252;1086;1025;1200;778;666;1525;1300;1360;930;1421;1353;1502;777;580;907;1416;756;603;734;1212;1336;921;484;698;1477;1303;1324;165;1087;1218;1469;1015,delta_17_6;alpha_16_9;alpha_1_10;beta_18_9;gamma_17_18;gamma_6_13;gamma_13_7;gamma_4_12;delta_18_5;beta_17_7;theta_15_14;delta_18_6;alpha_5_1;delta_17_9;gamma_11_17;beta_7_14;alpha_18_9;gamma_5_17;delta_17_3;beta_18_10;alpha_11_15;beta_5_2;beta_8_4;gamma_18_8;gamma_9_5;alpha_7_6;beta_12_11;theta_17_6;delta_17_2;theta_10_17;delta_18_15;beta_18_7;alpha_8_5;beta_11_3;gamma_18_12;alpha_5_9;alpha_12_10;gamma_6_11;gamma_11_13;gamma_12_2;gamma_18_6;gamma_2_12;gamma_17_11;alpha_12_9;gamma_7_13;gamma_4_6;theta_10_14;beta_18_8;beta_16_18;alpha_7_14;alpha_6_17;beta_12_1;theta_11_15;gamma_18_10;delta_17_5;gamma_18_9;beta_12_17;beta_1_4;theta_17_2;gamma_6_12;gamma_8_17;theta_18_5;alpha_18_8;beta_7_1;theta_12_9;alpha_5_2;theta_17_9;gamma_2_13;beta_10_17;beta_7_6;beta_17_11;alpha_10_15;alpha_4_5;gamma_18_13;gamma_5_10;gamma_9_1;beta_1_14;gamma_12_11;gamma_8_12;gamma_17_7;alpha_10_14;theta_17_3;alpha_18_7;gamma_12_6;alpha_9_10;theta_18_9;alpha_8_4;beta_18_6;gamma_7_12;beta_1_5;theta_11_9;alpha_6_2;gamma_15_17;gamma_5_13;gamma_6_17;delta_10_14;beta_10_18;beta_18_12;gamma_15_8;beta_6_14
chb04,chb04_16,100,100,277;794;1318;1215;1512;719;1058;294;1434;692;293;1502;921;274;875;1320;1251;909;1216;1409;681;795;583;1307;280;1213;1115;687;920;168;1520;273;1232;303;1405;1214;1446;735;471;808;1200;1469;1518;1336;1025;501;1105;712;987;1196;778;1522;726;1087;580;1337;1524;1090;734;1477;1285;908;579;807;705;1525;165;1358;1506;649;1421;586;489;1359;1120;1212;1319;1360;603;1303;1279;706;276;698;1206;1416;998;1324;907;569;1020;1364;666;1521;777;1317;1040;780;1218;364,delta_17_6;alpha_11_14;gamma_6_11;beta_18_9;gamma_17_18;alpha_7_6;beta_9_5;delta_18_6;gamma_13_7;alpha_5_14;delta_18_5;gamma_17_7;beta_1_5;delta_17_3;alpha_16_9;gamma_6_13;gamma_2_12;alpha_18_9;beta_18_10;gamma_11_17;alpha_5_2;alpha_11_15;theta_17_6;gamma_5_17;delta_17_9;beta_18_7;beta_12_11;alpha_5_9;beta_1_4;delta_10_17;gamma_18_8;delta_17_2;gamma_1_10;delta_18_15;gamma_11_13;beta_18_8;gamma_14_2;alpha_8_5;theta_10_14;alpha_12_10;beta_17_11;gamma_15_8;gamma_18_6;gamma_7_12;beta_7_6;theta_12_9;beta_12_1;alpha_6_17;beta_5_2;beta_17_7;alpha_10_15;gamma_18_10;alpha_7_14;beta_10_18;theta_17_3;gamma_7_13;gamma_18_12;beta_11_3;alpha_8_4;gamma_15_17;gamma_4_12;alpha_18_8;theta_17_2;alpha_12_9;alpha_6_10;gamma_18_13;delta_10_14;gamma_8_17;gamma_17_11;alpha_3_5;gamma_12_11;theta_17_9;theta_11_15;gamma_8_18;beta_12_17;beta_18_6;gamma_6_12;gamma_9_1;theta_18_9;gamma_5_13;gamma_4_6;alpha_6_11;delta_17_5;alpha_6_2;beta_17_18;gamma_12_6;beta_5_14;gamma_6_17;alpha_18_7;theta_16_9;beta_7_1;gamma_9_5;alpha_4_5;gamma_18_9;alpha_10_14;gamma_6_10;beta_8_4;alpha_10_17;beta_18_12;theta_4_9
chb04,chb04_17,100,100,277;909;454;1025;927;1409;1196;1512;501;294;615;293;1215;1090;274;1320;987;1520;1285;280;692;795;1054;1358;1421;583;1522;303;1040;780;1213;687;273;1364;1317;1524;756;1020;1405;1518;1506;489;807;1251;1189;1214;406;471;1115;586;920;735;1120;1337;908;1307;1412;998;1502;1319;719;875;580;681;1216;599;1525;705;778;1466;1279;1086;579;734;1359;1200;1336;165;1212;603;1416;680;907;808;1252;1105;726;1218;666;1080;858;1335;1021;1206;1324;1073;777;891;1477;276,delta_17_6;alpha_18_9;theta_9_14;beta_7_6;beta_1_11;gamma_11_17;beta_17_7;gamma_17_18;theta_12_9;delta_18_6;alpha_1_5;delta_18_5;beta_18_9;beta_11_3;delta_17_3;gamma_6_13;beta_5_2;gamma_18_8;gamma_4_12;delta_17_9;alpha_5_14;alpha_11_15;beta_9_1;gamma_8_17;gamma_12_11;theta_17_6;gamma_18_10;delta_18_15;beta_8_4;alpha_10_17;beta_18_7;alpha_5_9;delta_17_2;gamma_9_5;gamma_6_10;gamma_18_12;alpha_9_10;beta_7_1;gamma_11_13;gamma_18_6;gamma_17_11;theta_11_15;alpha_12_9;gamma_2_12;beta_16_18;beta_18_8;theta_6_17;theta_10_14;beta_12_11;theta_17_9;beta_1_4;alpha_8_5;beta_12_17;gamma_7_13;alpha_18_8;gamma_5_17;gamma_12_2;beta_5_14;gamma_17_7;gamma_6_12;alpha_7_6;alpha_16_9;theta_17_3;alpha_5_2;beta_18_10;theta_18_5;gamma_18_13;alpha_6_10;alpha_10_15;gamma_15_5;gamma_4_6;beta_10_17;theta_17_2;alpha_8_4;gamma_8_18;beta_17_11;gamma_7_12;delta_10_14;beta_18_6;theta_18_9;gamma_12_6;alpha_5_1;alpha_18_7;alpha_12_10;gamma_2_13;beta_12_1;alpha_7_14;beta_18_12;alpha_4_5;beta_10_11;alpha_15_9;gamma_7_11;beta_7_2;beta_17_18;gamma_6_17;beta_10_3;alpha_10_14;alpha_17_8;gamma_15_17;delta_17_5
chb04,chb04_18,100,100,277;1215;812;994;1120;1285;1196;293;1020;1512;294;501;1025;280;909;681;1398;274;1520;1073;1320;471;1213;735;1405;1115;583;692;303;1506;1307;756;1522;1040;780;273;687;1518;1251;795;1054;1214;1416;875;706;1524;603;1087;987;1409;1235;276;719;1414;1216;165;908;580;921;1446;807;1358;734;586;1525;998;1319;489;1200;808;1359;1421;1212;406;1364;777;599;1502;680;579;1086;1337;907;1232;1336;666;778;1521;1279;1417;920;569;698;1360;1324;726;1407;1368;1353;474,delta_17_6;beta_18_9;alpha_12_15;beta_5_10;beta_12_17;gamma_4_12;beta_17_7;delta_18_5;beta_7_1;gamma_17_18;delta_18_6;theta_12_9;beta_7_6;delta_17_9;alpha_18_9;alpha_5_2;gamma_11_5;delta_17_3;gamma_18_8;beta_10_3;gamma_6_13;theta_10_14;beta_18_7;alpha_8_5;gamma_11_13;beta_12_11;theta_17_6;alpha_5_14;delta_18_15;gamma_17_11;gamma_5_17;alpha_9_10;gamma_18_10;beta_8_4;alpha_10_17;delta_17_2;alpha_5_9;gamma_18_6;gamma_2_12;alpha_11_15;beta_9_1;beta_18_8;gamma_12_6;alpha_16_9;alpha_6_11;gamma_18_12;theta_18_9;beta_10_18;beta_5_2;gamma_11_17;gamma_1_13;delta_17_5;alpha_7_6;gamma_12_4;beta_18_10;delta_10_14;alpha_18_8;theta_17_3;beta_1_5;gamma_14_2;alpha_12_9;gamma_8_17;alpha_8_4;theta_17_9;gamma_18_13;beta_5_14;gamma_6_12;theta_11_15;beta_17_11;alpha_12_10;gamma_8_18;gamma_12_11;beta_18_6;theta_6_17;gamma_9_5;alpha_10_14;theta_18_5;gamma_17_7;alpha_5_1;theta_17_2;beta_10_17;gamma_7_13;alpha_18_7;gamma_1_10;gamma_7_12;alpha_4_5;alpha_10_15;gamma_18_9;gamma_4_6;gamma_12_7;beta_1_4;theta_16_9;alpha_6_2;gamma_9_1;gamma_6_17;alpha_7_14;gamma_11_15;gamma_9_10;gamma_8_12;theta_10_17
chb04,chb04_19,100,100,277;909;791;1302;165;1463;1512;100;1196;1252;1409;294;1215;293;1049;1020;1522;1405;274;795;280;1025;501;1213;681;1115;1105;583;1307;1469;474;1214;273;687;1040;303;1364;705;1335;1090;1506;1518;735;1416;1524;1320;1189;471;726;1520;807;1285;1521;489;1477;908;1360;603;719;1232;987;1525;1216;734;921;1120;276;1319;1212;756;951;1337;1417;1279;586;1200;875;998;1407;579;1358;1421;1466;777;716;666;1086;890;1251;599;778;1324;173;1206;602;1099;1336;1412;1303;698,delta_17_6;alpha_18_9;alpha_11_10;gamma_5_12;delta_10_14;gamma_15_2;gamma_17_18;delta_6_17;beta_17_7;gamma_2_13;gamma_11_17;delta_18_6;beta_18_9;delta_18_5;beta_8_14;beta_7_1;gamma_18_10;gamma_11_13;delta_17_3;alpha_11_15;delta_17_9;beta_7_6;theta_12_9;beta_18_7;alpha_5_2;beta_12_11;beta_12_1;theta_17_6;gamma_5_17;gamma_15_8;theta_10_17;beta_18_8;delta_17_2;alpha_5_9;beta_8_4;delta_18_15;gamma_9_5;alpha_6_10;gamma_7_11;beta_11_3;gamma_17_11;gamma_18_6;alpha_8_5;gamma_12_6;gamma_18_12;gamma_6_13;beta_16_18;theta_10_14;alpha_7_14;gamma_18_8;alpha_12_9;gamma_4_12;gamma_18_9;theta_11_15;gamma_15_17;alpha_18_8;gamma_9_1;theta_18_9;alpha_7_6;gamma_1_10;beta_5_2;gamma_18_13;beta_18_10;alpha_8_4;beta_1_5;beta_12_17;delta_17_5;gamma_6_12;beta_18_6;alpha_9_10;beta_2_18;gamma_7_13;gamma_12_7;gamma_4_6;theta_17_9;beta_17_11;alpha_16_9;beta_5_14;gamma_11_15;theta_17_2;gamma_8_17;gamma_12_11;gamma_15_5;alpha_10_14;alpha_7_3;alpha_4_5;beta_10_17;alpha_17_7;gamma_2_12;theta_18_5;alpha_10_15;gamma_6_17;delta_11_4;beta_17_18;theta_18_8;beta_11_13;gamma_7_12;gamma_12_2;gamma_5_13;alpha_6_2
chb04,chb04_21,100,100,277;1215;1080;951;1512;195;735;1196;293;165;294;1299;1443;987;726;1285;795;280;909;1520;274;719;1412;1358;583;1364;303;1213;1320;814;273;1040;1522;1189;1214;399;1326;807;778;1232;1469;1506;1518;1073;687;1251;1115;981;471;908;1105;1307;1409;808;1525;681;1216;1279;603;1337;489;1336;734;666;579;1524;875;1417;780;1212;1405;586;406;891;706;1324;1398;1200;998;599;716;1120;580;1319;777;1446;1025;1502;501;1421;1021;276;921;920;1054;1101;1317;907;1353;1252,delta_17_6;beta_18_9;beta_10_11;beta_2_18;gamma_17_18;delta_12_9;alpha_8_5;beta_17_7;delta_18_5;delta_10_14;delta_18_6;gamma_5_9;gamma_13_17;beta_5_2;alpha_7_14;gamma_4_12;alpha_11_15;delta_17_9;alpha_18_9;gamma_18_8;delta_17_3;alpha_7_6;gamma_12_2;gamma_8_17;theta_17_6;gamma_9_5;delta_18_15;beta_18_7;gamma_6_13;alpha_12_17;delta_17_2;beta_8_4;gamma_18_10;beta_16_18;beta_18_8;theta_6_10;gamma_7_1;alpha_12_9;alpha_10_15;gamma_1_10;gamma_15_8;gamma_17_11;gamma_18_6;beta_10_3;alpha_5_9;gamma_2_12;beta_12_11;beta_4_14;theta_10_14;alpha_18_8;beta_12_1;gamma_5_17;gamma_11_17;alpha_12_10;gamma_18_13;alpha_5_2;beta_18_10;gamma_4_6;theta_18_9;gamma_7_13;theta_11_15;gamma_7_12;alpha_8_4;alpha_4_5;theta_17_2;gamma_18_12;alpha_16_9;gamma_12_7;alpha_10_17;beta_18_6;gamma_11_13;theta_17_9;theta_6_17;alpha_17_8;alpha_6_11;gamma_6_17;gamma_11_5;beta_17_11;beta_5_14;theta_18_5;alpha_7_3;beta_12_17;theta_17_3;gamma_6_12;alpha_10_14;gamma_14_2;beta_7_6;gamma_17_7;theta_12_9;gamma_12_11;beta_7_2;delta_17_5;beta_1_5;beta_1_4;beta_9_1;beta_11_15;gamma_6_10;alpha_18_7;gamma_8_12;gamma_2_13
chb04,chb04_22,100,100,277;1364;1215;364;1341;1512;488;293;987;294;501;1196;719;1285;1115;909;274;1520;778;474;1320;280;726;680;1409;1213;303;583;1040;735;1417;1105;1506;705;808;273;1214;1405;795;951;1525;1216;471;410;1299;807;1319;1326;1073;1518;1025;1421;1477;908;1252;580;1307;489;1251;649;692;1522;875;603;698;1054;920;1524;276;780;165;1212;1412;1317;1502;406;586;1087;599;687;891;1279;1120;921;1414;706;812;1336;907;502;1337;1206;777;579;484;930;1358;1360;1200;734,delta_17_6;gamma_9_5;beta_18_9;theta_4_9;gamma_7_17;gamma_17_18;theta_11_14;delta_18_5;beta_5_2;delta_18_6;theta_12_9;beta_17_7;alpha_7_6;gamma_4_12;beta_12_11;alpha_18_9;delta_17_3;gamma_18_8;alpha_10_15;theta_10_17;gamma_6_13;delta_17_9;alpha_7_14;alpha_5_1;gamma_11_17;beta_18_7;delta_18_15;theta_17_6;beta_8_4;alpha_8_5;gamma_12_7;beta_12_1;gamma_17_11;alpha_6_10;alpha_12_10;delta_17_2;beta_18_8;gamma_11_13;alpha_11_15;beta_2_18;gamma_18_13;beta_18_10;theta_10_14;theta_7_3;gamma_5_9;alpha_12_9;gamma_6_12;gamma_7_1;beta_10_3;gamma_18_6;beta_7_6;gamma_12_11;gamma_15_17;alpha_18_8;gamma_2_13;theta_17_3;gamma_5_17;theta_11_15;gamma_2_12;alpha_3_5;alpha_5_14;gamma_18_10;alpha_16_9;theta_18_9;alpha_6_2;beta_9_1;beta_1_4;gamma_18_12;delta_17_5;alpha_10_17;delta_10_14;beta_18_6;gamma_12_2;gamma_6_10;gamma_17_7;theta_6_17;theta_17_9;beta_10_18;theta_18_5;alpha_5_9;alpha_17_8;gamma_4_6;beta_12_17;beta_1_5;gamma_12_4;alpha_6_11;alpha_12_15;gamma_7_12;alpha_18_7;theta_12_10;gamma_7_13;beta_17_18;alpha_10_14;theta_17_2;theta_11_9;beta_1_14;gamma_8_17;gamma_9_1;beta_17_11;alpha_8_4
chb04,chb04_23,100,100,277;1215;795;933;1512;1082;294;1302;726;756;1196;293;280;735;1409;909;274;1320;1520;987;165;1421;1025;875;583;1213;1446;273;734;780;1522;687;303;1364;1214;1090;1232;1506;778;1251;1525;1087;1020;1120;1358;1524;1252;920;719;471;603;807;1015;908;1115;400;666;1212;276;1416;580;1319;799;1216;586;489;1477;698;891;502;1303;579;1324;1518;1398;692;501;1469;1335;1206;1279;1200;777;429;599;1405;716;1285;705;1407;1040;1086;1337;1080;712;890;1218;1360;808;680,delta_17_6;beta_18_9;alpha_11_15;beta_1_17;gamma_17_18;beta_10_13;delta_18_6;gamma_5_12;alpha_7_14;alpha_9_10;beta_17_7;delta_18_5;delta_17_9;alpha_8_5;gamma_11_17;alpha_18_9;delta_17_3;gamma_6_13;gamma_18_8;beta_5_2;delta_10_14;gamma_12_11;beta_7_6;alpha_16_9;theta_17_6;beta_18_7;gamma_14_2;delta_17_2;alpha_8_4;alpha_10_17;gamma_18_10;alpha_5_9;delta_18_15;gamma_9_5;beta_18_8;beta_11_3;gamma_1_10;gamma_17_11;alpha_10_15;gamma_2_12;gamma_18_13;beta_10_18;beta_7_1;beta_12_17;gamma_8_17;gamma_18_12;gamma_2_13;beta_1_4;alpha_7_6;theta_10_14;theta_18_9;alpha_12_9;beta_6_14;alpha_18_8;beta_12_11;theta_6_11;alpha_4_5;beta_18_6;delta_17_5;gamma_12_6;theta_17_3;gamma_6_12;alpha_12_1;beta_18_10;theta_17_9;theta_11_15;gamma_15_17;alpha_6_2;alpha_17_8;theta_12_10;gamma_5_13;theta_17_2;gamma_6_17;gamma_18_6;gamma_11_5;alpha_5_14;theta_12_9;gamma_15_8;gamma_7_11;beta_17_18;gamma_4_6;beta_17_11;alpha_10_14;theta_8_5;theta_18_5;gamma_11_13;alpha_7_3;gamma_4_12;alpha_6_10;gamma_11_15;beta_8_4;beta_10_17;gamma_7_13;beta_10_11;alpha_6_17;alpha_17_7;beta_18_12;gamma_9_1;alpha_12_10;alpha_5_1
chb04,chb04_24,100,100,277;1215;875;670;1416;1196;1512;293;1285;987;294;489;1025;280;692;1520;909;274;1320;780;1213;1115;735;471;1364;400;273;1256;583;303;1522;1040;680;1054;1214;1232;1073;795;1518;1251;1409;1524;1337;807;712;1506;1189;276;756;726;908;681;165;1469;603;1407;719;1216;579;687;1405;1421;1335;1525;1358;1120;1020;891;1252;501;586;716;778;1336;1212;649;580;777;1360;1200;705;920;1324;981;1417;599;907;1086;1502;1319;1279;698;1398;484;1354;574;666;1080;1442;1197,delta_17_6;beta_18_9;alpha_16_9;alpha_4_9;gamma_12_6;beta_17_7;gamma_17_18;delta_18_5;gamma_4_12;beta_5_2;delta_18_6;theta_11_15;beta_7_6;delta_17_9;alpha_5_14;gamma_18_8;alpha_18_9;delta_17_3;gamma_6_13;alpha_10_17;beta_18_7;beta_12_11;alpha_8_5;theta_10_14;gamma_9_5;theta_6_11;delta_17_2;gamma_2_17;theta_17_6;delta_18_15;gamma_18_10;beta_8_4;alpha_5_1;beta_9_1;beta_18_8;gamma_1_10;beta_10_3;alpha_11_15;gamma_18_6;gamma_2_12;gamma_11_17;gamma_18_12;gamma_7_13;alpha_12_9;alpha_6_17;gamma_17_11;beta_16_18;delta_17_5;alpha_9_10;alpha_7_14;alpha_18_8;alpha_5_2;delta_10_14;gamma_15_8;theta_18_9;gamma_11_15;alpha_7_6;beta_18_10;theta_17_2;alpha_5_9;gamma_11_13;gamma_12_11;gamma_7_11;gamma_18_13;gamma_8_17;beta_12_17;beta_7_1;alpha_17_8;gamma_2_13;theta_12_9;theta_17_9;alpha_7_3;alpha_10_15;gamma_7_12;beta_18_6;alpha_3_5;theta_17_3;alpha_10_14;gamma_9_1;beta_17_11;alpha_6_10;beta_1_4;gamma_6_17;beta_4_14;gamma_12_7;theta_18_5;alpha_18_7;beta_10_17;gamma_17_7;gamma_6_12;gamma_4_6;alpha_6_2;gamma_11_5;theta_11_9;gamma_8_13;theta_16_14;alpha_4_5;beta_10_11;gamma_13_16;beta_17_8
chb04,chb04_25,100,100,277;1025;1215;450;1512;1250;471;303;293;1303;1196;294;1409;715;909;735;743;274;807;1319;795;280;1417;1358;1520;1054;583;1115;1040;273;1216;705;780;1446;1213;1525;687;1405;1324;1090;1285;1518;603;1320;875;1214;1466;1506;1020;719;778;1317;1120;998;987;165;1524;920;666;276;580;1421;1251;586;1522;501;890;1469;908;1087;579;756;1337;712;599;489;1212;716;1364;734;1200;1307;1336;1416;921;726;1086;286;1502;777;1299;790;1353;1080;698;1206;1105;808;1359;1252,delta_17_6;beta_7_6;beta_18_9;theta_9_10;gamma_17_18;gamma_2_11;theta_10_14;delta_18_15;delta_18_5;gamma_5_13;beta_17_7;delta_18_6;gamma_11_17;alpha_7_2;alpha_18_9;alpha_8_5;alpha_8_14;delta_17_3;alpha_12_9;gamma_6_12;alpha_11_15;delta_17_9;gamma_12_7;gamma_8_17;gamma_18_8;beta_9_1;theta_17_6;beta_12_11;beta_8_4;delta_17_2;beta_18_10;alpha_6_10;alpha_10_17;gamma_14_2;beta_18_7;gamma_18_13;alpha_5_9;gamma_11_13;gamma_6_17;beta_11_3;gamma_4_12;gamma_18_6;theta_18_9;gamma_6_13;alpha_16_9;beta_18_8;gamma_15_5;gamma_17_11;beta_7_1;alpha_7_6;alpha_10_15;gamma_6_10;beta_12_17;beta_5_14;beta_5_2;delta_10_14;gamma_18_12;beta_1_4;alpha_4_5;delta_17_5;theta_17_3;gamma_12_11;gamma_2_12;theta_17_9;gamma_18_10;theta_12_9;alpha_17_7;gamma_15_8;alpha_18_8;beta_10_18;theta_17_2;alpha_9_10;gamma_7_13;alpha_6_17;theta_18_5;theta_11_15;beta_18_6;alpha_7_3;gamma_9_5;alpha_8_4;beta_17_11;gamma_5_17;gamma_7_12;gamma_12_6;beta_1_5;alpha_7_14;beta_10_17;delta_17_15;gamma_17_7;alpha_10_14;gamma_5_9;alpha_11_9;gamma_8_12;beta_10_11;alpha_6_2;beta_17_18;beta_12_1;alpha_12_10;gamma_8_18;gamma_2_13
chb04,chb04_26,100,100,277;1215;569;1025;1512;1285;1434;293;1196;743;1409;294;471;987;1235;280;274;909;795;1520;364;1317;474;1115;583;921;1213;1466;303;1318;273;1522;1090;1307;1405;1040;1525;756;1214;93;1251;1054;680;778;1506;1337;807;1518;1524;1416;276;735;1189;1120;1279;1216;981;777;681;890;1319;603;712;1080;908;1446;875;579;706;1320;1086;719;1212;489;1358;1469;920;687;1021;1421;580;891;1300;165;1364;1336;502;599;586;1502;1020;692;1442;501;1521;716;1200;780;1353;1324,delta_17_6;beta_18_9;theta_16_9;beta_7_6;gamma_17_18;gamma_4_12;gamma_13_7;delta_18_5;beta_17_7;alpha_8_14;gamma_11_17;delta_18_6;theta_10_14;beta_5_2;gamma_1_13;delta_17_9;delta_17_3;alpha_18_9;alpha_11_15;gamma_18_8;theta_4_9;gamma_6_10;theta_10_17;beta_12_11;theta_17_6;beta_1_5;beta_18_7;gamma_15_5;delta_18_15;gamma_6_11;delta_17_2;gamma_18_10;beta_11_3;gamma_5_17;gamma_11_13;beta_8_4;gamma_18_13;alpha_9_10;beta_18_8;delta_6_10;gamma_2_12;beta_9_1;alpha_5_1;alpha_10_15;gamma_17_11;gamma_7_13;alpha_12_9;gamma_18_6;gamma_18_12;gamma_12_6;delta_17_5;alpha_8_5;beta_16_18;beta_12_17;gamma_4_6;beta_18_10;beta_4_14;alpha_10_14;alpha_5_2;alpha_17_7;gamma_6_12;theta_18_9;alpha_6_17;beta_10_11;alpha_18_8;gamma_14_2;alpha_16_9;theta_17_2;alpha_6_11;gamma_6_13;beta_10_17;alpha_7_6;beta_18_6;theta_11_15;gamma_8_17;gamma_15_8;beta_1_4;alpha_5_9;beta_7_2;gamma_12_11;theta_17_3;alpha_17_8;gamma_5_10;delta_10_14;gamma_9_5;gamma_7_12;theta_12_10;theta_18_5;theta_17_9;gamma_17_7;beta_7_1;alpha_5_14;gamma_13_16;theta_12_9;gamma_18_9;alpha_7_3;beta_17_11;alpha_10_17;gamma_8_12;gamma_6_17
chb04,chb04_27,100,100,277;875;1215;1019;1438;1251;165;293;719;1196;294;1512;1303;1443;909;987;692;280;1520;921;274;795;1317;1054;583;1073;1213;734;780;687;579;1522;1405;303;1214;1358;706;471;1320;1200;756;1364;1518;735;1115;1285;501;1524;1409;603;93;1015;908;1326;276;778;1416;1025;273;1525;1324;1337;1216;807;920;1120;681;1502;777;1412;1319;1212;1087;680;599;1466;891;586;726;1506;649;1469;1252;489;712;907;484;574;1086;1336;1080;1040;1021;1300;808;993;1206;1279;286;1477,delta_17_6;alpha_16_9;beta_18_9;beta_6_18;gamma_13_11;gamma_2_12;delta_10_14;delta_18_5;alpha_7_6;beta_17_7;delta_18_6;gamma_17_18;gamma_5_13;gamma_13_17;alpha_18_9;beta_5_2;alpha_5_14;delta_17_9;gamma_18_8;beta_1_5;delta_17_3;alpha_11_15;gamma_6_10;beta_9_1;theta_17_6;beta_10_3;beta_18_7;alpha_8_4;alpha_10_17;alpha_5_9;theta_17_2;gamma_18_10;gamma_11_13;delta_18_15;beta_18_8;gamma_8_17;alpha_6_11;theta_10_14;gamma_6_13;beta_17_11;alpha_9_10;gamma_9_5;gamma_18_6;alpha_8_5;beta_12_11;gamma_4_12;theta_12_9;gamma_18_12;gamma_11_17;theta_18_9;delta_6_10;beta_6_14;alpha_18_8;gamma_7_1;delta_17_5;alpha_10_15;gamma_12_6;beta_7_6;delta_17_2;gamma_18_13;gamma_6_17;gamma_7_13;beta_18_10;alpha_12_9;beta_1_4;beta_12_17;alpha_5_2;gamma_17_7;alpha_10_14;gamma_12_2;gamma_6_12;beta_18_6;beta_10_18;alpha_5_1;theta_18_5;gamma_15_5;alpha_17_8;theta_17_9;alpha_7_14;gamma_17_11;alpha_3_5;gamma_15_8;gamma_2_13;theta_11_15;alpha_6_17;alpha_18_7;theta_11_9;theta_16_14;beta_10_17;gamma_7_12;beta_10_11;beta_8_4;beta_7_2;gamma_5_10;alpha_12_10;beta_5_9;beta_17_18;gamma_4_6;delta_17_15;gamma_15_17
chb04,chb04_28,60,60,1215;1460;277;996;286;293;196;909;1512;556;281;735;583;1337;274;795;1279;603;294;1029;1504;1360;1232;1115;1506;885;299;501;687;1368;1521;780;1319;301;557;599;1025;1196;1486;1443;1524;186;734;759;1407;1307;1353;705;579;1494;303;1520;778;1348;987;1303;1522;429;1386;1013,beta_18_9;gamma_14_17;delta_17_6;beta_5_12;delta_17_15;delta_18_5;delta_12_10;alpha_18_9;gamma_17_18;theta_15_13;delta_17_10;alpha_8_5;theta_17_6;gamma_7_13;delta_17_3;alpha_11_15;gamma_4_6;theta_18_9;delta_18_6;beta_7_11;gamma_17_9;gamma_9_1;gamma_1_10;beta_12_11;gamma_17_11;alpha_17_2;delta_18_11;theta_12_9;alpha_5_9;gamma_9_10;gamma_18_9;alpha_10_17;gamma_6_12;delta_18_13;theta_15_14;theta_18_5;beta_7_6;beta_17_7;gamma_16_8;gamma_13_17;gamma_18_12;delta_11_18;alpha_8_4;alpha_9_13;gamma_11_15;gamma_5_17;gamma_8_12;alpha_6_10;theta_17_2;gamma_16_17;delta_18_15;gamma_18_8;alpha_10_15;gamma_8_6;beta_5_2;gamma_5_13;gamma_18_10;theta_8_5;gamma_10_11;beta_6_12
chb04,chb04_29,100,100,277;1215;1239;1364;1512;488;723;293;294;1285;1386;719;1196;569;579;909;930;1522;303;735;1120;1320;583;795;681;280;1520;274;1090;1213;687;1189;1040;1416;502;1317;1405;1506;1214;1173;471;273;1251;807;1025;1086;680;1115;1518;692;778;276;1337;1216;1524;666;603;1319;890;1409;1414;716;586;501;987;734;1525;489;908;1398;705;580;1358;1206;165;1252;780;599;1412;1336;1279;1200;1212;649;1421;726;875;1324;281;1353;1056;1054;1502;920;808;381;698;777;1359;1477,delta_17_6;beta_18_9;gamma_1_17;gamma_9_5;gamma_17_18;theta_11_14;alpha_7_11;delta_18_5;delta_18_6;gamma_4_12;gamma_10_11;alpha_7_6;beta_17_7;theta_16_9;theta_17_2;alpha_18_9;beta_1_14;gamma_18_10;delta_18_15;alpha_8_5;beta_12_17;gamma_6_13;theta_17_6;alpha_11_15;alpha_5_2;delta_17_9;gamma_18_8;delta_17_3;beta_11_3;beta_18_7;alpha_5_9;beta_16_18;beta_8_4;gamma_12_6;theta_12_10;gamma_6_10;gamma_11_13;gamma_17_11;beta_18_8;beta_16_1;theta_10_14;delta_17_2;gamma_2_12;alpha_12_9;beta_7_6;beta_10_17;alpha_5_1;beta_12_11;gamma_18_6;alpha_5_14;alpha_10_15;delta_17_5;gamma_7_13;beta_18_10;gamma_18_12;alpha_4_5;theta_18_9;gamma_6_12;alpha_17_7;gamma_11_17;gamma_12_4;alpha_7_3;theta_17_9;theta_12_9;beta_5_2;alpha_8_4;gamma_18_13;theta_11_15;alpha_18_8;gamma_11_5;alpha_6_10;theta_17_3;gamma_8_17;beta_17_18;delta_10_14;gamma_2_13;alpha_10_17;theta_18_5;gamma_12_2;gamma_7_12;gamma_4_6;beta_17_11;beta_18_6;alpha_3_5;gamma_12_11;alpha_7_14;alpha_16_9;gamma_6_17;delta_17_10;gamma_8_12;beta_9_3;beta_9_1;gamma_17_7;beta_1_4;alpha_12_10;theta_5_9;alpha_6_2;alpha_10_14;gamma_8_18;gamma_15_17
chb04,chb04_30,100,100,277;1215;863;1302;1522;719;195;998;293;1421;1512;294;1364;921;1196;909;274;1286;681;1520;280;795;303;1120;1358;583;705;1213;273;1405;920;687;1073;1524;1020;1189;471;1214;875;1518;1251;1409;1320;1506;489;1025;1414;726;1525;735;1216;586;1115;780;1307;1446;1336;716;579;807;908;1054;603;987;165;1300;1212;1040;580;778;1285;756;907;712;1337;1417;286;1200;276;680;930;1392;1012;891;501;1324;1466;1279;777;666;1319;1502;1416;698;1407;364;1080;1206;1354;1477,delta_17_6;beta_18_9;alpha_15_14;gamma_5_12;gamma_18_10;alpha_7_6;delta_12_9;beta_5_14;delta_18_5;gamma_12_11;gamma_17_18;delta_18_6;gamma_9_5;beta_1_5;beta_17_7;alpha_18_9;delta_17_3;gamma_4_13;alpha_5_2;gamma_18_8;delta_17_9;alpha_11_15;delta_18_15;beta_12_17;gamma_8_17;theta_17_6;alpha_6_10;beta_18_7;delta_17_2;gamma_11_13;beta_1_4;alpha_5_9;beta_10_3;gamma_18_12;beta_7_1;beta_16_18;theta_10_14;beta_18_8;alpha_16_9;gamma_18_6;gamma_2_12;gamma_11_17;gamma_6_13;gamma_17_11;theta_11_15;beta_7_6;gamma_12_4;alpha_7_14;gamma_18_13;alpha_8_5;beta_18_10;theta_17_9;beta_12_11;alpha_10_17;gamma_5_17;gamma_14_2;gamma_7_12;alpha_7_3;theta_17_2;alpha_12_9;alpha_18_8;beta_9_1;theta_18_9;beta_5_2;delta_10_14;gamma_5_10;beta_18_6;beta_8_4;theta_17_3;alpha_10_15;gamma_4_12;alpha_9_10;alpha_18_7;alpha_6_17;gamma_7_13;gamma_12_7;delta_17_15;beta_17_11;delta_17_5;alpha_5_1;beta_1_14;gamma_10_17;beta_6_11;alpha_17_8;theta_12_9;gamma_6_17;gamma_15_5;gamma_4_6;alpha_10_14;alpha_4_5;gamma_6_12;gamma_17_7;gamma_12_6;alpha_6_2;gamma_11_15;theta_4_9;beta_10_11;beta_17_18;gamma_8_13;gamma_15_17
chb04,chb04_31,100,100,277;909;570;1299;1512;981;1196;148;294;615;293;1086;1215;1285;274;1421;1520;501;719;280;795;987;1054;1216;583;1317;303;1337;1213;1073;1040;1409;273;712;1082;1012;1524;489;1518;1506;1087;1364;1307;471;1214;1020;1115;692;807;1025;1251;1120;705;1320;1522;1446;735;908;778;586;681;580;599;687;780;1336;1525;286;1368;890;603;777;875;1358;1417;920;1212;1359;579;716;998;1080;1398;1319;1252;1206;907;666;812;1232;1502;165;698;1405;808;1477;891;276;1324;799,delta_17_6;alpha_18_9;theta_16_10;gamma_5_9;gamma_17_18;beta_4_14;beta_17_7;delta_9_14;delta_18_6;alpha_1_5;delta_18_5;beta_10_17;beta_18_9;gamma_4_12;delta_17_3;gamma_12_11;gamma_18_8;theta_12_9;alpha_7_6;delta_17_9;alpha_11_15;beta_5_2;beta_9_1;beta_18_10;theta_17_6;gamma_6_10;delta_18_15;gamma_7_13;beta_18_7;beta_10_3;beta_8_4;gamma_11_17;delta_17_2;alpha_6_17;beta_10_13;beta_6_11;gamma_18_12;theta_11_15;gamma_18_6;gamma_17_11;beta_10_18;gamma_9_5;gamma_5_17;theta_10_14;beta_18_8;beta_7_1;beta_12_11;alpha_5_14;alpha_12_9;beta_7_6;gamma_2_12;beta_12_17;alpha_6_10;gamma_6_13;gamma_18_10;gamma_14_2;alpha_8_5;alpha_18_8;alpha_10_15;theta_17_9;alpha_5_2;theta_17_3;theta_18_5;alpha_5_9;alpha_10_17;gamma_7_12;gamma_18_13;delta_17_15;gamma_9_10;alpha_17_7;theta_18_9;alpha_10_14;alpha_16_9;gamma_8_17;gamma_12_7;beta_1_4;beta_18_6;gamma_8_18;theta_17_2;alpha_7_3;beta_5_14;beta_10_11;gamma_11_5;gamma_6_12;gamma_2_13;beta_17_18;alpha_18_7;alpha_4_5;alpha_12_15;gamma_1_10;gamma_17_7;delta_10_14;alpha_6_2;gamma_11_13;alpha_12_10;gamma_15_17;alpha_17_8;delta_17_5;gamma_6_17;alpha_12_1
chb04,chb04_32,100,100,277;778;1215;1011;858;1512;1200;1337;293;294;1251;1421;374;1364;909;274;692;1213;1025;1056;280;165;780;734;1520;303;583;921;987;1409;273;1196;687;1522;808;1285;795;1307;1524;799;1189;920;1214;1416;807;406;1015;1115;471;1518;735;1335;1216;1405;1463;1319;1525;1320;586;489;1120;1506;719;908;603;875;1358;698;580;1040;1469;276;1086;726;1353;574;1020;1054;1212;1232;1080;1521;502;1206;1279;1336;1090;599;1324;1252;907;501;666;812;1218;1398;716;579;1434;777,delta_17_6;alpha_10_15;beta_18_9;beta_6_10;alpha_15_9;gamma_17_18;beta_17_11;gamma_7_13;delta_18_5;delta_18_6;gamma_2_12;gamma_12_11;theta_5_1;gamma_9_5;alpha_18_9;delta_17_3;alpha_5_14;beta_18_7;beta_7_6;beta_9_3;delta_17_9;delta_10_14;alpha_10_17;alpha_8_4;gamma_18_8;delta_18_15;theta_17_6;beta_1_5;beta_5_2;gamma_11_17;delta_17_2;beta_17_7;alpha_5_9;gamma_18_10;alpha_12_10;gamma_4_12;alpha_11_15;gamma_5_17;gamma_18_12;alpha_12_1;beta_16_18;beta_1_4;beta_18_8;gamma_12_6;alpha_12_9;theta_6_17;beta_6_14;beta_12_11;theta_10_14;gamma_18_6;alpha_8_5;gamma_7_11;beta_18_10;gamma_11_13;gamma_15_2;gamma_6_12;gamma_18_13;gamma_6_13;theta_17_9;theta_11_15;beta_12_17;gamma_17_11;alpha_7_6;alpha_18_8;theta_18_9;alpha_16_9;gamma_8_17;alpha_6_2;theta_17_3;beta_8_4;gamma_15_8;delta_17_5;beta_10_17;alpha_7_14;gamma_8_12;theta_16_14;beta_7_1;beta_9_1;beta_18_6;gamma_1_10;beta_10_11;gamma_18_9;theta_12_10;beta_17_18;gamma_4_6;gamma_7_12;beta_11_3;theta_18_5;gamma_6_17;gamma_2_13;alpha_18_7;theta_12_9;alpha_4_5;alpha_12_15;beta_18_12;gamma_11_5;alpha_7_3;theta_17_2;gamma_13_7;alpha_10_14
chb04,chb04_33,100,100,277;909;270;1250;1320;681;1512;778;1196;294;666;1215;1409;807;293;726;274;1025;1522;1115;1302;165;280;1520;1364;705;583;1056;273;1358;1040;1213;687;756;1506;1525;303;1416;501;1326;795;1214;1405;1087;987;1303;1319;471;735;1232;1518;1524;1054;981;1120;1216;1279;1251;579;875;908;1446;712;1421;489;780;1337;1502;603;716;921;1212;777;920;276;580;1469;698;719;692;1307;586;1218;1477;808;1285;1200;484;1252;680;251;1090;1407;1398;1336;1080;1004;1317;599;1206,delta_17_6;alpha_18_9;delta_16_17;gamma_2_11;gamma_6_13;alpha_5_2;gamma_17_18;alpha_10_15;beta_17_7;delta_18_6;alpha_4_5;beta_18_9;gamma_11_17;alpha_12_9;delta_18_5;alpha_7_14;delta_17_3;beta_7_6;gamma_18_10;beta_12_11;gamma_5_12;delta_10_14;delta_17_9;gamma_18_8;gamma_9_5;alpha_6_10;theta_17_6;beta_9_3;delta_17_2;gamma_8_17;beta_8_4;beta_18_7;alpha_5_9;alpha_9_10;gamma_17_11;gamma_18_13;delta_18_15;gamma_12_6;theta_12_9;gamma_7_1;alpha_11_15;beta_18_8;gamma_11_13;beta_10_18;beta_5_2;gamma_5_13;gamma_6_12;theta_10_14;alpha_8_5;gamma_1_10;gamma_18_6;gamma_18_12;beta_9_1;beta_4_14;beta_12_17;beta_18_10;gamma_4_6;gamma_2_12;theta_17_2;alpha_16_9;alpha_18_8;gamma_14_2;alpha_6_17;gamma_12_11;theta_11_15;alpha_10_17;gamma_7_13;gamma_17_7;theta_18_9;alpha_7_3;beta_1_5;beta_18_6;alpha_10_14;beta_1_4;delta_17_5;theta_17_3;gamma_15_8;alpha_6_2;alpha_7_6;alpha_5_14;gamma_5_17;theta_17_9;beta_18_12;gamma_15_17;alpha_12_10;gamma_4_12;beta_17_11;theta_11_9;gamma_2_13;alpha_5_1;delta_15_14;beta_11_3;gamma_11_15;gamma_11_5;gamma_7_12;beta_10_11;beta_6_2;gamma_6_10;theta_18_5;beta_17_18
chb04,chb04_34,100,100,277;875;399;909;1289;1512;489;1196;294;1303;1025;1215;1409;293;715;274;471;280;1520;1173;1421;735;303;1318;583;692;756;1213;1405;273;1251;1416;1307;780;1364;1522;687;1040;1090;1200;795;1525;680;1320;1214;1115;501;1336;987;1317;1518;1087;165;1524;1446;1216;1279;400;580;586;1360;1120;666;1502;778;807;726;1337;1319;908;1469;777;712;603;734;1506;579;774;1358;1466;1212;1020;1086;484;1004;1285;1417;719;891;1252;920;557;364;1218;276;814;998;1442;286;921,delta_17_6;alpha_16_9;theta_6_10;alpha_18_9;gamma_4_16;gamma_17_18;theta_11_15;beta_17_7;delta_18_6;gamma_5_13;beta_7_6;beta_18_9;gamma_11_17;delta_18_5;alpha_7_2;delta_17_3;theta_10_14;delta_17_9;gamma_18_8;beta_16_1;gamma_12_11;alpha_8_5;delta_18_15;gamma_6_11;theta_17_6;alpha_5_14;alpha_9_10;beta_18_7;gamma_11_13;delta_17_2;gamma_2_12;gamma_12_6;gamma_5_17;alpha_10_17;gamma_9_5;gamma_18_10;alpha_5_9;beta_8_4;beta_11_3;beta_17_11;alpha_11_15;gamma_18_13;alpha_5_1;gamma_6_13;beta_18_8;beta_12_11;theta_12_9;gamma_7_12;beta_5_2;gamma_6_10;gamma_18_6;beta_10_18;delta_10_14;gamma_18_12;gamma_14_2;beta_18_10;gamma_4_6;theta_6_11;theta_17_3;theta_17_9;gamma_9_1;beta_12_17;alpha_4_5;gamma_17_7;alpha_10_15;alpha_12_9;alpha_7_14;gamma_7_13;gamma_6_12;alpha_18_8;gamma_15_8;alpha_10_14;alpha_6_17;theta_18_9;alpha_8_4;gamma_17_11;theta_17_2;alpha_10_11;gamma_8_17;gamma_15_5;beta_18_6;beta_7_1;beta_10_17;theta_11_9;beta_6_2;gamma_4_12;gamma_12_7;alpha_7_6;alpha_17_8;gamma_2_13;beta_1_4;theta_15_14;theta_4_9;beta_18_12;delta_17_5;alpha_12_17;beta_5_14;gamma_13_16;delta_17_15;beta_1_5
chb04,chb04_35,100,100,277;1443;909;393;1049;1512;1302;303;501;294;615;1196;1215;489;293;273;1307;1522;1054;987;280;1320;471;1115;583;1025;1213;687;474;1012;1405;1524;1463;274;1518;1469;795;1506;1285;1409;1214;399;875;920;726;1466;1326;1090;1286;808;579;1520;777;1358;1421;1216;719;1525;1319;1120;735;603;778;1200;807;681;276;1359;1364;1212;1337;586;1251;908;930;1189;1416;381;165;1324;890;1080;680;580;1336;484;1279;1360;1407;599;780;1206;698;286;1232;1040;1252;1218;472;1477,delta_17_6;gamma_13_17;alpha_18_9;theta_6_3;beta_8_14;gamma_17_18;gamma_5_12;delta_18_15;theta_12_9;delta_18_6;alpha_1_5;beta_17_7;beta_18_9;theta_11_15;delta_18_5;delta_17_2;gamma_5_17;gamma_18_10;beta_9_1;beta_5_2;delta_17_9;gamma_6_13;theta_10_14;beta_12_11;theta_17_6;beta_7_6;beta_18_7;alpha_5_9;theta_10_17;beta_6_11;gamma_11_13;gamma_18_12;gamma_15_2;delta_17_3;gamma_18_6;gamma_15_8;alpha_11_15;gamma_17_11;gamma_4_12;gamma_11_17;beta_18_8;theta_6_10;alpha_16_9;beta_1_4;alpha_7_14;gamma_15_5;gamma_7_1;beta_11_3;gamma_4_13;alpha_12_10;theta_17_2;gamma_18_8;alpha_10_14;gamma_8_17;gamma_12_11;beta_18_10;alpha_7_6;gamma_18_13;gamma_6_12;beta_12_17;alpha_8_5;theta_18_9;alpha_10_15;beta_17_11;alpha_12_9;alpha_5_2;delta_17_5;gamma_8_18;gamma_9_5;beta_18_6;gamma_7_13;theta_17_9;gamma_2_12;alpha_18_8;beta_1_14;beta_16_18;gamma_12_6;theta_5_9;delta_10_14;gamma_6_17;alpha_17_7;beta_10_11;alpha_5_1;theta_17_3;gamma_7_12;theta_11_9;gamma_4_6;gamma_9_1;gamma_11_15;theta_18_5;alpha_10_17;beta_17_18;alpha_6_2;delta_17_15;gamma_1_10;beta_8_4;gamma_2_13;beta_18_12;theta_10_15;gamma_15_17
chb04,chb04_36,100,100,277;1364;1215;1512;1066;1285;719;293;1196;743;294;987;814;1337;1520;909;274;795;735;807;1421;1216;1307;280;583;1040;1213;687;303;165;1317;1409;1524;273;1073;1318;756;1214;1054;1525;1020;1200;1279;875;778;712;1417;681;1319;1115;1518;692;1320;1446;276;1086;1522;471;1025;908;1405;705;1251;599;666;1087;501;1506;920;1324;579;489;1120;603;698;1466;891;1358;726;586;1469;580;1212;1235;1336;716;1416;1502;251;1407;649;858;1218;734;780;907;1080;993;1360;1353,delta_17_6;gamma_9_5;beta_18_9;gamma_17_18;beta_9_14;gamma_4_12;alpha_7_6;delta_18_5;beta_17_7;alpha_8_14;delta_18_6;beta_5_2;alpha_12_17;gamma_7_13;gamma_18_8;alpha_18_9;delta_17_3;alpha_11_15;alpha_8_5;alpha_12_9;gamma_12_11;beta_18_10;gamma_5_17;delta_17_9;theta_17_6;beta_8_4;beta_18_7;alpha_5_9;delta_18_15;delta_10_14;gamma_6_10;gamma_11_17;gamma_18_12;delta_17_2;beta_10_3;gamma_6_11;alpha_9_10;beta_18_8;beta_9_1;gamma_18_13;beta_7_1;beta_17_11;gamma_4_6;alpha_16_9;alpha_10_15;alpha_6_17;gamma_12_7;alpha_5_2;gamma_6_12;beta_12_11;gamma_18_6;alpha_5_14;gamma_6_13;gamma_14_2;delta_17_5;beta_10_17;gamma_18_10;theta_10_14;beta_7_6;alpha_18_8;gamma_11_13;alpha_6_10;gamma_2_12;theta_18_5;alpha_4_5;beta_10_18;theta_12_9;gamma_17_11;beta_1_4;gamma_6_17;theta_17_2;theta_11_15;beta_12_17;theta_18_9;alpha_6_2;gamma_15_5;alpha_17_8;gamma_8_17;alpha_7_14;theta_17_9;gamma_15_8;theta_17_3;beta_18_6;gamma_1_13;gamma_7_12;alpha_7_3;gamma_12_6;gamma_17_7;delta_15_14;gamma_11_15;alpha_3_5;alpha_15_9;beta_18_12;alpha_8_4;alpha_10_17;alpha_18_7;beta_10_11;beta_5_9;gamma_9_1;gamma_8_12
chb04,chb04_37,100,100,277;1320;909;1512;791;1196;1052;165;294;1251;1215;1364;293;726;1189;273;795;1520;615;280;875;681;1522;1421;583;1025;1090;1086;274;1213;687;1040;1301;303;1506;1405;1300;1518;1524;799;1020;1120;1319;778;998;1214;501;1337;1416;1324;399;1115;471;735;1525;1216;1446;579;603;890;920;1359;719;1409;1285;1212;807;489;908;1358;1235;987;1360;1502;276;1336;692;808;580;777;680;780;586;1417;1200;706;1279;1414;993;1206;1407;1218;1398;1087;712;1252;484;1049;599;1317,delta_17_6;gamma_6_13;alpha_18_9;gamma_17_18;alpha_11_10;beta_17_7;beta_8_17;delta_10_14;delta_18_6;gamma_2_12;beta_18_9;gamma_9_5;delta_18_5;alpha_7_14;beta_16_18;delta_17_2;alpha_11_15;gamma_18_8;alpha_1_5;delta_17_9;alpha_16_9;alpha_5_2;gamma_18_10;gamma_12_11;theta_17_6;beta_7_6;beta_11_3;beta_10_17;delta_17_3;beta_18_7;alpha_5_9;beta_8_4;gamma_5_11;delta_18_15;gamma_17_11;gamma_11_13;gamma_5_10;gamma_18_6;gamma_18_12;alpha_12_1;beta_7_1;beta_12_17;gamma_6_12;alpha_10_15;beta_5_14;beta_18_8;theta_12_9;gamma_7_13;gamma_12_6;gamma_6_17;theta_6_10;beta_12_11;theta_10_14;alpha_8_5;gamma_18_13;beta_18_10;gamma_14_2;theta_17_2;theta_18_9;alpha_17_7;beta_1_4;gamma_8_18;alpha_7_6;gamma_11_17;gamma_4_12;beta_18_6;alpha_12_9;theta_11_15;alpha_18_8;gamma_8_17;gamma_1_13;beta_5_2;gamma_9_1;gamma_17_7;delta_17_5;gamma_7_12;alpha_5_14;alpha_12_10;theta_17_3;alpha_10_14;alpha_5_1;alpha_10_17;theta_17_9;gamma_12_7;beta_17_11;alpha_6_11;gamma_4_6;gamma_12_4;beta_5_9;beta_17_18;gamma_11_15;beta_18_12;gamma_11_5;beta_10_18;alpha_6_17;gamma_2_13;theta_11_9;beta_8_14;theta_18_5;gamma_6_10
chb04,chb04_38,100,100,277;1215;268;1318;648;1512;293;1303;1196;780;294;1025;987;579;501;909;666;1522;930;280;795;1302;1409;583;303;1256;1213;1115;1054;1520;399;274;756;1525;1020;1506;1405;687;1446;1214;778;815;807;1285;1320;726;1524;1364;471;1358;1040;1518;1216;1090;735;276;1120;273;1319;681;908;489;1469;1502;603;875;719;1300;680;1200;1421;1086;1251;586;1324;692;599;1252;777;808;920;1416;706;1279;1212;921;484;698;1087;1398;1336;812;474;1206;891;1337;1307;1407;580;998,delta_17_6;beta_18_9;delta_16_14;gamma_6_11;alpha_3_4;gamma_17_18;delta_18_5;gamma_5_13;beta_17_7;alpha_10_17;delta_18_6;beta_7_6;beta_5_2;theta_17_2;theta_12_9;alpha_18_9;alpha_4_5;gamma_18_10;beta_1_14;delta_17_9;alpha_11_15;gamma_5_12;gamma_11_17;theta_17_6;delta_18_15;gamma_2_17;beta_18_7;beta_12_11;beta_9_1;gamma_18_8;theta_6_10;delta_17_3;alpha_9_10;gamma_18_13;beta_7_1;gamma_17_11;gamma_11_13;alpha_5_9;gamma_14_2;beta_18_8;alpha_10_15;alpha_12_18;alpha_12_9;gamma_4_12;gamma_6_13;alpha_7_14;gamma_18_12;gamma_9_5;theta_10_14;gamma_8_17;beta_8_4;gamma_18_6;beta_18_10;beta_11_3;alpha_8_5;delta_17_5;beta_12_17;delta_17_2;gamma_6_12;alpha_5_2;alpha_18_8;theta_11_15;gamma_15_8;gamma_17_7;theta_18_9;alpha_16_9;alpha_7_6;gamma_5_10;alpha_5_1;beta_17_11;gamma_12_11;beta_10_17;gamma_2_12;theta_17_9;gamma_6_17;alpha_5_14;theta_18_5;gamma_2_13;alpha_10_14;alpha_12_10;beta_1_4;gamma_12_6;alpha_6_11;gamma_4_6;beta_18_6;beta_1_5;theta_11_9;alpha_6_2;beta_10_18;gamma_11_5;gamma_7_12;alpha_12_15;theta_10_17;beta_17_18;alpha_17_8;gamma_7_13;gamma_5_17;gamma_11_15;theta_17_3;beta_5_14
chb04,chb04_39,100,100,277;1181;406;1215;1512;1318;293;1416;795;294;987;1196;1320;280;624;274;909;1251;442;1025;1409;1520;471;921;583;1115;1216;1040;780;303;273;687;1213;1090;1364;1358;502;1524;1518;1020;501;1285;705;1446;1214;489;1506;735;165;1189;1337;1525;726;1120;1319;1405;698;579;1417;719;908;603;276;807;1522;1307;1360;920;1421;778;1200;1317;1212;1279;586;599;580;777;1466;1336;680;756;1502;1252;1086;1353;981;875;1521;381;716;1080;891;1206;666;268;1324;907;1414;681,delta_17_6;beta_16_9;theta_6_17;beta_18_9;gamma_17_18;gamma_6_11;delta_18_5;gamma_12_6;alpha_11_15;delta_18_6;beta_5_2;beta_17_7;gamma_6_13;delta_17_9;alpha_1_14;delta_17_3;alpha_18_9;gamma_2_12;theta_9_1;beta_7_6;gamma_11_17;gamma_18_8;theta_10_14;beta_1_5;theta_17_6;beta_12_11;beta_18_10;beta_8_4;alpha_10_17;delta_18_15;delta_17_2;alpha_5_9;beta_18_7;beta_11_3;gamma_9_5;gamma_8_17;theta_12_10;gamma_18_12;gamma_18_6;beta_7_1;theta_12_9;gamma_4_12;alpha_6_10;gamma_14_2;beta_18_8;theta_11_15;gamma_17_11;alpha_8_5;delta_10_14;beta_16_18;gamma_7_13;gamma_18_13;alpha_7_14;beta_12_17;gamma_6_12;gamma_11_13;alpha_6_2;theta_17_2;gamma_12_7;alpha_7_6;alpha_18_8;theta_18_9;delta_17_5;alpha_12_9;gamma_18_10;gamma_5_17;gamma_9_1;beta_1_4;gamma_12_11;alpha_10_15;beta_17_11;gamma_6_10;beta_18_6;gamma_4_6;theta_17_9;theta_18_5;theta_17_3;alpha_10_14;gamma_15_5;gamma_7_12;alpha_5_1;alpha_9_10;gamma_17_7;gamma_2_13;beta_10_17;gamma_8_12;beta_4_14;alpha_16_9;gamma_18_9;theta_5_9;alpha_7_3;beta_10_11;alpha_17_8;beta_17_18;alpha_4_5;delta_16_14;gamma_6_17;alpha_18_7;gamma_12_4;alpha_5_2
chb04,chb04_40,100,100,277;1215;1252;1443;501;615;1512;1285;293;294;795;1196;681;1025;909;303;165;1216;1115;274;658;1466;583;1307;1520;280;1056;780;687;1040;1525;1213;273;1417;1506;756;705;1405;1251;1105;1214;807;1020;778;1518;1446;1358;1120;1337;735;471;706;1524;998;719;908;1189;987;276;1319;603;875;1421;1364;1212;580;920;1200;489;1522;1320;1416;716;1317;1409;666;579;777;599;502;1324;1054;1279;1353;890;1080;586;1086;726;790;286;1336;698;1469;381;1502;1090;734;921;907,delta_17_6;beta_18_9;gamma_2_13;gamma_13_17;theta_12_9;alpha_1_5;gamma_17_18;gamma_4_12;delta_18_5;delta_18_6;alpha_11_15;beta_17_7;alpha_5_2;beta_7_6;alpha_18_9;delta_18_15;delta_10_14;beta_18_10;beta_12_11;delta_17_3;alpha_3_14;gamma_15_5;theta_17_6;gamma_5_17;gamma_18_8;delta_17_9;beta_9_3;alpha_10_17;alpha_5_9;beta_8_4;gamma_18_13;beta_18_7;delta_17_2;gamma_12_7;gamma_17_11;alpha_9_10;alpha_6_10;gamma_11_13;gamma_2_12;beta_12_1;beta_18_8;alpha_12_9;beta_7_1;alpha_10_15;gamma_18_6;gamma_14_2;gamma_8_17;beta_12_17;gamma_7_13;alpha_8_5;theta_10_14;alpha_6_11;gamma_18_12;beta_5_14;alpha_7_6;alpha_18_8;beta_16_18;beta_5_2;delta_17_5;gamma_6_12;theta_18_9;alpha_16_9;gamma_12_11;gamma_9_5;beta_18_6;theta_17_3;beta_1_4;beta_17_11;theta_11_15;gamma_18_10;gamma_6_13;gamma_12_6;alpha_7_3;gamma_6_10;gamma_11_17;alpha_4_5;theta_17_2;alpha_10_14;theta_18_5;theta_12_10;gamma_6_17;beta_9_1;gamma_4_6;gamma_8_12;alpha_17_7;beta_10_11;theta_17_9;beta_10_17;alpha_7_14;alpha_11_9;delta_17_15;gamma_7_12;alpha_6_2;gamma_15_8;theta_5_9;gamma_17_7;beta_11_3;alpha_8_4;beta_1_5;alpha_18_7
chb04,chb04_41,100,100,277;489;740;1215;1196;918;1512;501;293;1320;294;280;1416;735;273;1524;909;1307;583;303;1115;1302;165;1214;726;1409;1025;274;1216;687;474;1040;1213;1054;1056;1317;1525;1520;795;1405;808;1506;807;1020;1251;1189;1518;681;471;908;1252;1466;579;406;1522;603;1319;875;666;276;1279;1120;778;692;1469;1212;1324;1421;1218;705;920;1502;1364;580;1337;891;484;719;586;777;1335;987;1086;1358;412;907;1446;1285;756;599;1206;717;1200;1105;998;268;716;1417;680;790,delta_17_6;theta_11_15;alpha_8_11;beta_18_9;beta_17_7;beta_1_2;gamma_17_18;theta_12_9;delta_18_5;gamma_6_13;delta_18_6;delta_17_9;gamma_12_6;alpha_8_5;delta_17_2;gamma_18_12;alpha_18_9;gamma_5_17;theta_17_6;delta_18_15;beta_12_11;gamma_5_12;delta_10_14;beta_18_8;alpha_7_14;gamma_11_17;beta_7_6;delta_17_3;beta_18_10;alpha_5_9;theta_10_17;beta_8_4;beta_18_7;beta_9_1;beta_9_3;gamma_6_10;gamma_18_13;gamma_18_8;alpha_11_15;gamma_11_13;alpha_12_10;gamma_17_11;alpha_12_9;beta_7_1;gamma_2_12;beta_16_18;gamma_18_6;alpha_5_2;theta_10_14;alpha_18_8;gamma_2_13;gamma_15_5;theta_17_2;theta_6_17;gamma_18_10;theta_18_9;gamma_6_12;alpha_16_9;alpha_4_5;delta_17_5;gamma_4_6;beta_12_17;alpha_10_15;alpha_5_14;gamma_15_8;beta_18_6;gamma_6_17;gamma_12_11;beta_18_12;alpha_6_10;beta_1_4;gamma_17_7;gamma_9_5;theta_17_3;gamma_7_13;alpha_17_8;theta_11_9;alpha_7_6;theta_17_9;alpha_10_14;gamma_7_11;beta_5_2;beta_10_17;gamma_8_17;theta_7_5;alpha_18_7;gamma_14_2;gamma_4_12;alpha_9_10;theta_18_5;beta_17_18;alpha_7_4;beta_17_11;beta_12_1;beta_5_14;delta_16_14;alpha_7_3;gamma_12_7;alpha_5_1;alpha_11_9
chb04,chb04_42,100,100,277;909;875;1241;1512;726;1251;294;1421;1215;778;293;1196;719;1409;274;1317;987;280;1216;1320;165;1214;756;583;687;303;1054;1040;273;780;1524;735;1213;1073;1307;1469;1285;1518;1189;795;807;1506;1416;1115;712;1520;1337;1318;1364;251;1279;692;908;586;1021;1120;921;1522;734;501;579;603;1319;1405;1525;680;489;276;1212;1025;1252;471;808;1232;1477;1200;1336;1324;1407;666;1080;580;1353;858;698;907;709;599;920;1105;1206;891;1086;705;1090;1358;1218;1303;484,delta_17_6;alpha_18_9;alpha_16_9;gamma_2_1;gamma_17_18;alpha_7_14;gamma_2_12;delta_18_6;gamma_12_11;beta_18_9;alpha_10_15;delta_18_5;beta_17_7;alpha_7_6;gamma_11_17;delta_17_3;gamma_6_10;beta_5_2;delta_17_9;beta_18_10;gamma_6_13;delta_10_14;beta_18_8;alpha_9_10;theta_17_6;alpha_5_9;delta_18_15;beta_9_1;beta_8_4;delta_17_2;alpha_10_17;gamma_18_12;alpha_8_5;beta_18_7;beta_10_3;gamma_5_17;gamma_15_8;gamma_4_12;gamma_18_6;beta_16_18;alpha_11_15;alpha_12_9;gamma_17_11;gamma_12_6;beta_12_11;alpha_6_17;gamma_18_8;gamma_7_13;gamma_6_11;gamma_9_5;delta_15_14;gamma_4_6;alpha_5_14;alpha_18_8;theta_17_9;beta_7_2;beta_12_17;beta_1_5;gamma_18_10;alpha_8_4;theta_12_9;theta_17_2;theta_18_9;gamma_6_12;gamma_11_13;gamma_18_13;alpha_5_1;theta_11_15;delta_17_5;beta_18_6;beta_7_6;gamma_2_13;theta_10_14;alpha_12_10;gamma_1_10;gamma_15_17;beta_17_11;gamma_7_12;gamma_6_17;gamma_11_15;alpha_4_5;beta_10_11;theta_17_3;gamma_8_12;alpha_15_9;alpha_6_2;alpha_18_7;alpha_6_14;theta_18_5;beta_1_4;beta_12_1;beta_17_18;alpha_17_8;beta_10_17;alpha_6_10;beta_11_3;gamma_8_17;beta_18_12;gamma_5_13;theta_11_9
chb04,chb04_43,100,100,277;489;1215;739;569;1522;1189;293;1302;1196;1252;294;1025;280;1409;715;1512;274;471;909;726;1520;1421;735;1364;303;583;1056;1040;1213;780;1307;273;1335;687;502;1524;1405;1518;795;1020;1214;1337;1054;1285;807;1417;1506;165;719;586;1414;1317;987;1120;908;1115;920;1216;921;692;276;1358;875;1212;1319;580;603;1320;1446;716;778;406;1086;1502;1251;1525;666;1279;1466;777;808;1200;1324;734;501;1218;998;1087;1359;1090;907;1416;599;698;251;286;1235;1407;579,delta_17_6;theta_11_15;beta_18_9;alpha_8_10;theta_16_9;gamma_18_10;beta_16_18;delta_18_5;gamma_5_12;beta_17_7;gamma_2_13;delta_18_6;beta_7_6;delta_17_9;gamma_11_17;alpha_7_2;gamma_17_18;delta_17_3;theta_10_14;alpha_18_9;alpha_7_14;gamma_18_8;gamma_12_11;alpha_8_5;gamma_9_5;delta_18_15;theta_17_6;beta_9_3;beta_8_4;beta_18_7;alpha_10_17;gamma_5_17;delta_17_2;gamma_7_11;alpha_5_9;theta_12_10;gamma_18_12;gamma_11_13;gamma_18_6;alpha_11_15;beta_7_1;beta_18_8;gamma_7_13;beta_9_1;gamma_4_12;alpha_12_9;gamma_12_7;gamma_17_11;delta_10_14;alpha_7_6;theta_17_9;gamma_12_4;gamma_6_10;beta_5_2;beta_12_17;alpha_18_8;beta_12_11;beta_1_4;beta_18_10;beta_1_5;alpha_5_14;delta_17_5;gamma_8_17;alpha_16_9;beta_18_6;gamma_6_12;theta_17_3;theta_18_9;gamma_6_13;gamma_14_2;alpha_7_3;alpha_10_15;theta_6_17;beta_10_17;gamma_17_7;gamma_2_12;gamma_18_13;alpha_4_5;gamma_4_6;gamma_15_5;alpha_10_14;alpha_12_10;beta_17_11;gamma_6_17;alpha_8_4;theta_12_9;beta_18_12;beta_5_14;beta_10_18;gamma_8_18;beta_11_3;alpha_18_7;gamma_12_6;theta_18_5;alpha_6_2;delta_15_14;delta_17_15;gamma_1_13;gamma_11_15;theta_17_2
chb05,chb05_01,100,100,897;1507;98;782;902;896;1512;885;1418;180;915;62;283;907;1198;1191;1255;56;288;68;1520;1211;1202;898;189;485;591;884;1524;116;575;453;1523;590;1325;1401;1511;914;804;53;274;594;1204;1218;294;460;108;1499;1436;1426;276;601;178;499;1528;740;596;1503;1490;1516;886;79;275;524;1332;609;1396;579;115;1500;185;1410;85;1518;894;125;1342;608;1296;775;279;1435;540;99;494;1206;1407;291;484;1517;1473;1214;1288;1494;11;1201;571;39;502;89,alpha_17_14;gamma_17_12;delta_6_15;alpha_11_1;alpha_18_2;alpha_17_13;gamma_17_18;alpha_17_2;gamma_12_8;delta_11_12;alpha_18_15;delta_4_13;delta_17_12;alpha_18_7;beta_17_9;beta_17_2;gamma_2_16;delta_4_7;delta_17_18;delta_5_1;gamma_18_8;beta_18_5;beta_17_13;alpha_17_15;delta_12_3;theta_11_10;theta_17_14;alpha_17_1;gamma_18_12;delta_7_16;theta_16_15;theta_9_13;gamma_18_11;theta_17_13;gamma_6_18;gamma_11_8;gamma_17_16;alpha_18_14;alpha_12_6;delta_4_3;delta_17_3;theta_17_18;beta_17_15;beta_18_12;delta_18_6;theta_10_2;delta_7_8;gamma_17_4;gamma_13_9;gamma_12_17;delta_17_5;theta_18_7;delta_11_9;theta_12_7;gamma_18_16;alpha_8_11;theta_18_2;gamma_17_8;gamma_16_12;gamma_18_4;alpha_17_3;delta_5_13;delta_17_4;theta_13_16;gamma_7_8;theta_18_15;gamma_11_3;theta_17_2;delta_7_15;gamma_17_5;delta_11_17;gamma_11_18;delta_6_1;gamma_18_6;alpha_17_11;delta_8_7;gamma_7_18;theta_18_14;gamma_5_6;alpha_10_12;delta_17_8;gamma_13_8;theta_14_15;delta_6_16;theta_12_2;beta_17_18;gamma_11_15;delta_18_3;theta_11_9;gamma_18_5;gamma_15_12;beta_18_8;gamma_4_15;gamma_16_17;delta_1_13;beta_17_12;theta_16_11;delta_3_7;theta_12_10;delta_6_5
chb05,chb05_02,100,100,896;275;1517;885;422;1512;897;1418;511;907;1524;902;119;915;1198;1191;288;147;1202;179;56;62;1520;898;115;884;792;591;1523;269;53;1511;590;499;1211;1436;1218;283;1332;804;914;1507;276;1204;594;1401;1342;178;291;495;1528;601;108;579;1503;1494;596;1516;185;81;886;1289;130;1499;775;89;294;1296;575;39;1518;608;1490;894;460;116;541;776;1407;1500;1435;85;279;609;1201;567;79;795;484;132;1214;1408;274;362;1206;1399;876;861;478;1410,alpha_17_13;delta_17_4;gamma_18_5;alpha_17_2;theta_7_16;gamma_17_18;alpha_17_14;gamma_12_8;theta_13_2;alpha_18_7;gamma_18_12;alpha_18_2;delta_8_1;alpha_18_15;beta_17_9;beta_17_2;delta_17_18;delta_9_13;beta_17_13;delta_11_10;delta_4_7;delta_4_13;gamma_18_8;alpha_17_15;delta_7_15;alpha_17_1;alpha_11_12;theta_17_14;gamma_18_11;delta_16_15;delta_4_3;gamma_17_16;theta_17_13;theta_12_7;beta_18_5;gamma_13_9;beta_18_12;delta_17_12;gamma_7_8;alpha_12_6;alpha_18_14;gamma_17_12;delta_17_5;beta_17_15;theta_17_18;gamma_11_8;gamma_7_18;delta_11_9;delta_18_3;theta_12_3;gamma_18_16;theta_18_7;delta_7_8;theta_17_2;gamma_17_8;gamma_16_17;theta_18_2;gamma_18_4;delta_11_17;delta_5_15;alpha_17_3;gamma_4_16;delta_8_13;gamma_17_4;alpha_10_12;delta_6_5;delta_18_6;gamma_5_6;theta_16_15;delta_3_7;gamma_18_6;theta_18_14;gamma_16_12;alpha_17_11;theta_10_2;delta_7_16;theta_14_16;alpha_10_13;gamma_11_15;gamma_17_5;gamma_13_8;delta_6_1;delta_17_8;theta_18_15;beta_17_12;theta_16_7;delta_5_13;alpha_11_15;theta_11_9;delta_8_15;beta_18_8;gamma_11_16;delta_17_3;theta_4_7;beta_17_18;gamma_11_6;alpha_16_10;alpha_15_12;theta_11_3;gamma_11_18
chb05,chb05_03,100,100,885;283;907;1512;897;1452;264;896;1520;915;902;1198;132;68;470;1191;288;108;1524;130;898;269;562;1211;792;884;1202;291;1523;56;591;1342;499;1511;590;1204;1218;116;787;1507;594;914;1401;178;601;478;596;1528;276;886;1332;1503;53;1436;1418;1516;218;282;609;579;294;1494;115;1499;89;79;1490;39;275;185;1517;1288;1296;1518;575;775;1396;85;740;1410;484;494;1500;894;99;805;279;1473;608;1201;903;570;571;1214;1357;81;776;668;11;1408,alpha_17_2;delta_17_12;alpha_18_7;gamma_17_18;alpha_17_14;gamma_14_8;delta_16_10;alpha_17_13;gamma_18_8;alpha_18_15;alpha_18_2;beta_17_9;delta_8_15;delta_5_1;theta_10_13;beta_17_2;delta_17_18;delta_7_8;gamma_18_12;delta_8_13;alpha_17_15;delta_16_15;theta_16_2;beta_18_5;alpha_11_12;alpha_17_1;beta_17_13;delta_18_3;gamma_18_11;delta_4_7;theta_17_14;gamma_7_18;theta_12_7;gamma_17_16;theta_17_13;beta_17_15;beta_18_12;delta_7_16;alpha_11_6;gamma_17_12;theta_17_18;alpha_18_14;gamma_11_8;delta_11_9;theta_18_7;theta_11_3;theta_18_2;gamma_18_16;delta_17_5;alpha_17_3;gamma_7_8;gamma_17_8;delta_4_3;gamma_13_9;gamma_12_8;gamma_18_4;delta_13_16;delta_17_11;theta_18_15;theta_17_2;delta_18_6;gamma_16_17;delta_7_15;gamma_17_4;delta_6_5;delta_5_13;gamma_16_12;delta_3_7;delta_17_4;delta_11_17;gamma_18_5;gamma_4_15;gamma_5_6;gamma_18_6;theta_16_15;alpha_10_12;gamma_11_3;delta_6_1;alpha_8_11;gamma_11_18;theta_11_9;theta_12_2;gamma_17_5;alpha_17_11;delta_6_16;alpha_12_7;delta_17_8;gamma_15_12;theta_18_14;beta_17_12;alpha_18_3;theta_16_10;theta_16_11;beta_18_8;gamma_8_16;delta_5_15;alpha_10_13;alpha_4_7;delta_1_13;gamma_11_16
chb05,chb05_04,100,100,897;1507;276;562;902;896;1418;1512;885;212;439;915;907;85;1198;1191;283;62;288;1520;244;898;1202;269;1211;591;115;1524;792;884;1291;590;1523;291;56;872;1511;914;453;485;1218;1204;594;53;1401;601;596;1503;108;1436;495;1528;294;1426;1332;886;1516;282;1499;1046;89;524;98;130;1342;275;1517;1490;609;1296;579;494;1518;51;805;608;489;1396;1410;484;125;1500;903;116;1473;470;279;775;1214;1416;1493;274;1201;185;1289;79;1435;894;81;91,alpha_17_14;gamma_17_12;delta_17_5;theta_16_2;alpha_18_2;alpha_17_13;gamma_12_8;gamma_17_18;alpha_17_2;delta_13_9;theta_8_16;alpha_18_15;alpha_18_7;delta_6_1;beta_17_9;beta_17_2;delta_17_12;delta_4_13;delta_17_18;gamma_18_8;delta_15_7;alpha_17_15;beta_17_13;delta_16_15;beta_18_5;theta_17_14;delta_7_15;gamma_18_12;alpha_11_12;alpha_17_1;gamma_4_18;theta_17_13;gamma_18_11;delta_18_3;delta_4_7;alpha_16_6;gamma_17_16;alpha_18_14;theta_9_13;theta_11_10;beta_18_12;beta_17_15;theta_17_18;delta_4_3;gamma_11_8;theta_18_7;theta_18_2;gamma_17_8;delta_7_8;gamma_13_9;theta_12_3;gamma_18_16;delta_18_6;gamma_12_17;gamma_7_8;alpha_17_3;gamma_18_4;delta_17_11;gamma_17_4;beta_8_11;delta_6_5;theta_13_16;delta_6_15;delta_8_13;gamma_7_18;delta_17_4;gamma_18_5;gamma_16_12;theta_18_15;gamma_5_6;theta_17_2;theta_12_2;gamma_18_6;delta_4_1;alpha_12_7;theta_18_14;theta_11_15;gamma_11_3;gamma_11_18;theta_11_9;delta_8_7;gamma_17_5;alpha_18_3;delta_7_16;gamma_15_12;theta_10_13;delta_17_8;alpha_10_12;beta_18_8;gamma_12_6;gamma_16_15;delta_17_3;beta_17_12;delta_11_17;gamma_4_16;delta_5_13;gamma_13_8;alpha_17_11;delta_5_15;delta_6_8
chb05,chb05_05,100,100,885;594;563;1204;896;1401;1512;116;897;601;1524;902;79;269;1191;1198;56;915;68;1211;1202;486;1520;283;884;591;115;1523;159;1315;1511;288;1416;590;1342;179;898;1218;291;914;1418;453;907;1507;494;886;108;1516;1426;276;596;1503;1436;1528;53;579;130;775;1499;1289;47;294;178;1517;275;804;125;1296;609;1490;575;1518;894;119;99;608;185;1500;1396;541;1332;1407;740;788;1206;1384;460;1214;274;11;1494;279;1222;132;861;903;39;1410;795;1473,alpha_17_2;theta_17_18;theta_16_3;beta_17_15;alpha_17_13;gamma_11_8;gamma_17_18;delta_7_16;alpha_17_14;theta_18_7;gamma_18_12;alpha_18_2;delta_5_13;delta_16_15;beta_17_2;beta_17_9;delta_4_7;alpha_18_15;delta_5_1;beta_18_5;beta_17_13;theta_11_12;gamma_18_8;delta_17_12;alpha_17_1;theta_17_14;delta_7_15;gamma_18_11;delta_10_7;gamma_6_8;gamma_17_16;delta_17_18;gamma_12_6;theta_17_13;gamma_7_18;delta_11_10;alpha_17_15;beta_18_12;delta_18_3;alpha_18_14;gamma_12_8;theta_9_13;alpha_18_7;gamma_17_12;theta_12_2;alpha_17_3;delta_7_8;gamma_18_4;gamma_12_17;delta_17_5;theta_18_2;gamma_17_8;gamma_13_9;gamma_18_16;delta_4_3;theta_17_2;delta_8_13;alpha_10_12;gamma_17_4;gamma_4_16;delta_3_15;delta_18_6;delta_11_9;gamma_18_5;delta_17_4;alpha_12_6;delta_8_7;gamma_5_6;theta_18_15;gamma_16_12;theta_16_15;gamma_18_6;alpha_17_11;delta_8_1;delta_6_16;theta_18_14;delta_11_17;gamma_17_5;gamma_11_3;theta_14_16;gamma_7_8;gamma_11_15;alpha_8_11;alpha_11_7;beta_17_18;gamma_10_8;theta_10_2;beta_18_8;delta_17_3;delta_1_13;gamma_16_17;delta_17_8;beta_18_16;delta_8_15;alpha_15_12;alpha_18_3;delta_3_7;gamma_11_18;alpha_11_15;gamma_15_12
chb05,chb05_06,100,100,1512;283;897;144;885;907;896;1251;1520;1436;133;915;1418;482;288;68;1198;902;1523;130;56;495;898;575;1202;1500;147;1524;1049;799;53;792;884;1191;1206;1332;590;81;601;914;1507;886;594;1204;1484;178;1503;289;108;591;291;571;1401;1511;477;279;1426;1237;260;1218;668;7;1342;1499;894;116;85;1528;491;1430;1516;1289;775;278;788;903;1377;992;115;484;275;1493;478;362;1410;609;79;759;1419;294;1490;1214;276;570;123;269;494;1506;99;1032,gamma_17_18;delta_17_12;alpha_17_14;delta_9_10;alpha_17_2;alpha_18_7;alpha_17_13;gamma_2_12;gamma_18_8;gamma_13_9;delta_8_16;alpha_18_15;gamma_12_8;theta_11_7;delta_17_18;delta_5_1;beta_17_9;alpha_18_2;gamma_18_11;delta_8_13;delta_4_7;theta_12_3;alpha_17_15;theta_16_15;beta_17_13;gamma_17_5;delta_9_13;gamma_18_12;beta_8_14;alpha_12_1;delta_4_3;alpha_11_12;alpha_17_1;beta_17_2;beta_17_18;gamma_7_8;theta_17_13;delta_5_15;theta_18_7;alpha_18_14;gamma_17_12;alpha_17_3;theta_17_18;beta_17_15;gamma_16_6;delta_11_9;gamma_17_8;delta_18_1;delta_7_8;theta_17_14;delta_18_3;theta_16_11;gamma_11_8;gamma_17_16;theta_11_2;delta_17_8;gamma_12_17;gamma_1_15;delta_16_6;beta_18_12;alpha_4_7;delta_1_9;gamma_7_18;gamma_17_4;alpha_17_11;delta_7_16;delta_6_1;gamma_18_16;theta_11_17;gamma_13_3;gamma_18_4;gamma_4_16;alpha_10_12;delta_17_7;alpha_11_7;alpha_18_3;gamma_10_1;beta_5_8;delta_7_15;theta_11_9;delta_17_4;gamma_16_15;theta_11_3;theta_4_7;gamma_11_18;theta_18_15;delta_5_13;alpha_9_13;gamma_12_9;delta_18_6;gamma_16_12;beta_18_8;delta_17_5;theta_16_10;delta_8_5;delta_16_15;theta_12_2;gamma_17_11;delta_6_16;beta_7_14
chb05,chb05_07,100,100,897;1201;337;1418;885;915;896;1512;11;902;283;85;1198;601;1191;453;288;1524;898;1202;269;511;1211;884;144;56;81;1520;1436;591;1426;792;1315;590;1523;1342;805;1511;1204;291;594;914;1401;907;1218;886;108;1507;276;263;596;495;1516;294;872;275;1503;609;53;130;1528;68;1490;282;579;115;1499;1289;185;1517;218;1195;903;1518;575;125;759;1296;279;1486;477;894;1410;1325;116;775;89;79;1500;608;1407;1416;1214;499;1332;484;1494;1473;132;1046,alpha_17_14;beta_17_12;theta_2_16;gamma_12_8;alpha_17_2;alpha_18_15;alpha_17_13;gamma_17_18;delta_1_13;alpha_18_2;delta_17_12;delta_6_1;beta_17_9;theta_18_7;beta_17_2;theta_9_13;delta_17_18;gamma_18_12;alpha_17_15;beta_17_13;delta_16_15;theta_13_2;beta_18_5;alpha_17_1;delta_9_10;delta_4_7;delta_5_15;gamma_18_8;gamma_13_9;theta_17_14;gamma_12_17;alpha_11_12;gamma_6_8;theta_17_13;gamma_18_11;gamma_7_18;alpha_12_7;gamma_17_16;beta_17_15;delta_18_3;theta_17_18;alpha_18_14;gamma_11_8;alpha_18_7;beta_18_12;alpha_17_3;delta_7_8;gamma_17_12;delta_17_5;delta_16_9;theta_18_2;theta_12_3;gamma_18_4;delta_18_6;alpha_16_6;delta_17_4;gamma_17_8;theta_18_15;delta_4_3;delta_8_13;gamma_18_16;delta_5_1;gamma_16_12;delta_17_11;theta_17_2;delta_7_15;gamma_17_4;gamma_4_16;delta_11_17;gamma_18_5;delta_13_16;beta_17_6;alpha_18_3;gamma_18_6;theta_16_15;delta_8_7;alpha_9_13;gamma_5_6;delta_17_8;gamma_16_8;theta_11_2;alpha_17_11;gamma_11_18;gamma_6_18;delta_7_16;alpha_10_12;delta_6_5;delta_5_13;gamma_17_5;theta_18_14;gamma_11_15;gamma_12_6;beta_18_8;theta_12_7;gamma_7_8;theta_11_9;gamma_16_17;gamma_15_12;delta_8_15;beta_8_11
chb05,chb05_08,100,100,897;1218;158;119;885;727;896;1512;601;915;902;1418;1198;283;1191;575;56;130;288;884;178;1202;1211;1524;898;469;460;591;1520;1357;291;1523;108;1436;590;499;1401;1511;914;907;144;1204;594;1342;116;53;1507;276;453;596;275;1503;1296;1528;495;1490;886;1399;294;1499;89;740;609;579;524;1516;1195;571;115;79;1332;1494;1517;125;282;1518;489;85;1379;775;608;484;1384;279;185;1410;1500;494;1493;876;99;894;1214;274;805;903;1473;1291;39;11,alpha_17_14;beta_18_12;delta_10_6;delta_8_1;alpha_17_2;alpha_7_15;alpha_17_13;gamma_17_18;theta_18_7;alpha_18_15;alpha_18_2;gamma_12_8;beta_17_9;delta_17_12;beta_17_2;theta_16_15;delta_4_7;delta_8_13;delta_17_18;alpha_17_1;delta_11_9;beta_17_13;beta_18_5;gamma_18_12;alpha_17_15;theta_10_12;theta_10_2;theta_17_14;gamma_18_8;gamma_8_16;delta_18_3;gamma_18_11;delta_7_8;gamma_13_9;theta_17_13;theta_12_7;gamma_11_8;gamma_17_16;alpha_18_14;alpha_18_7;delta_9_10;beta_17_15;theta_17_18;gamma_7_18;delta_7_16;delta_4_3;gamma_17_12;delta_17_5;theta_9_13;theta_18_2;delta_17_4;gamma_17_8;gamma_5_6;gamma_18_16;theta_12_3;gamma_16_12;alpha_17_3;gamma_11_6;delta_18_6;gamma_17_4;delta_6_5;alpha_8_11;theta_18_15;theta_17_2;theta_13_16;gamma_18_4;beta_17_6;theta_16_11;delta_7_15;delta_5_13;gamma_7_8;gamma_16_17;gamma_18_5;delta_8_7;delta_17_11;gamma_18_6;theta_11_15;delta_6_1;gamma_10_3;alpha_10_12;theta_18_14;theta_11_9;gamma_10_8;delta_17_8;delta_11_17;gamma_11_18;gamma_17_5;theta_12_2;gamma_16_15;alpha_16_10;delta_6_16;alpha_17_11;beta_18_8;delta_17_3;alpha_12_7;alpha_18_3;gamma_15_12;gamma_4_18;delta_3_7;delta_1_13
chb05,chb05_09,100,100,885;907;1512;897;371;1418;896;1198;452;1524;902;130;915;68;1191;494;283;288;125;1204;1520;884;269;1211;591;453;1523;1202;872;1325;115;1511;499;1332;291;898;1401;1507;914;53;590;485;1218;594;276;189;1436;1499;596;601;275;1528;886;1490;1503;108;263;1379;79;1516;294;1443;1195;89;579;1296;47;541;56;282;1342;1339;1435;609;1518;1517;575;85;1407;460;805;116;775;1336;1500;608;279;1473;185;1410;759;11;668;1093;1408;484;495;740;894;1214,alpha_17_2;alpha_18_7;gamma_17_18;alpha_17_14;theta_4_16;gamma_12_8;alpha_17_13;beta_17_9;theta_9_12;gamma_18_12;alpha_18_2;delta_8_13;alpha_18_15;delta_5_1;beta_17_2;theta_12_2;delta_17_12;delta_17_18;delta_8_7;beta_17_15;gamma_18_8;alpha_17_1;delta_16_15;beta_18_5;theta_17_14;theta_9_13;gamma_18_11;beta_17_13;alpha_16_6;gamma_6_18;delta_7_15;gamma_17_16;theta_12_7;gamma_7_8;delta_18_3;alpha_17_15;gamma_11_8;gamma_17_12;alpha_18_14;delta_4_3;theta_17_13;theta_11_10;beta_18_12;theta_17_18;delta_17_5;delta_12_3;gamma_13_9;gamma_17_4;theta_18_2;theta_18_7;delta_17_4;gamma_18_16;alpha_17_3;gamma_16_12;gamma_17_8;delta_7_8;delta_16_9;gamma_10_3;delta_5_13;gamma_18_4;delta_18_6;gamma_13_17;beta_17_6;delta_6_5;theta_17_2;gamma_5_6;delta_3_15;theta_14_16;delta_4_7;delta_17_11;gamma_7_18;gamma_7_15;gamma_13_8;theta_18_15;gamma_18_6;gamma_18_5;theta_16_15;delta_6_1;gamma_11_15;theta_10_2;alpha_12_7;delta_7_16;alpha_10_12;gamma_7_12;gamma_17_5;theta_18_14;delta_17_8;gamma_15_12;delta_11_17;gamma_11_18;alpha_9_13;delta_1_13;alpha_4_7;beta_11_6;gamma_11_16;theta_11_9;theta_12_3;alpha_8_11;alpha_17_11;beta_18_8
chb05,chb05_10,100,100,897;1499;1435;885;62;896;1512;915;283;133;902;562;1198;907;1191;575;1211;1202;178;56;1524;898;85;884;288;469;591;115;1523;1332;1520;291;590;805;1511;1436;914;144;1204;1325;108;1507;1418;294;594;478;886;275;1426;470;1218;601;596;1503;804;53;276;1528;1401;130;579;524;1516;47;89;1430;609;1517;1490;125;185;1288;1518;269;894;1342;775;740;1296;484;51;1410;477;1500;116;279;608;1494;79;274;1425;74;1201;499;668;1272;795;808;81;776,alpha_17_14;gamma_17_4;gamma_13_8;alpha_17_2;delta_4_13;alpha_17_13;gamma_17_18;alpha_18_15;delta_17_12;delta_8_16;alpha_18_2;theta_16_2;beta_17_9;alpha_18_7;beta_17_2;theta_16_15;beta_18_5;beta_17_13;delta_11_9;delta_4_7;gamma_18_12;alpha_17_15;delta_6_1;alpha_17_1;delta_17_18;theta_10_12;theta_17_14;delta_7_15;gamma_18_11;gamma_7_8;gamma_18_8;delta_18_3;theta_17_13;alpha_12_7;gamma_17_16;gamma_13_9;alpha_18_14;delta_9_10;beta_17_15;gamma_6_18;delta_7_8;gamma_17_12;gamma_12_8;delta_18_6;theta_17_18;theta_11_3;alpha_17_3;delta_17_4;gamma_12_17;theta_10_13;beta_18_12;theta_18_7;theta_18_2;gamma_17_8;alpha_12_6;delta_4_3;delta_17_5;gamma_18_16;gamma_11_8;delta_8_13;theta_17_2;theta_13_16;gamma_18_4;delta_3_15;delta_6_5;gamma_13_3;theta_18_15;gamma_18_5;gamma_16_12;delta_8_7;delta_11_17;gamma_4_15;gamma_18_6;delta_16_15;alpha_17_11;gamma_7_18;alpha_10_12;alpha_8_11;gamma_5_6;theta_11_9;delta_4_1;gamma_11_18;theta_11_2;gamma_17_5;delta_7_16;delta_17_8;theta_18_14;gamma_16_17;delta_5_13;delta_17_3;gamma_12_16;delta_5_8;beta_17_12;theta_12_7;alpha_4_7;gamma_3_16;alpha_11_15;alpha_12_10;delta_5_15;alpha_10_13
chb05,chb05_11,100,100,885;750;1204;425;896;895;1512;81;897;1418;62;902;1520;915;1191;1211;218;288;56;601;1198;501;884;1524;591;116;291;1202;787;1342;283;1523;898;575;1511;499;1401;590;914;1289;907;1507;276;144;108;594;453;1218;562;596;1436;1499;886;1332;275;53;1490;1503;294;609;1528;115;79;579;85;469;362;1516;1443;1517;903;740;99;1518;1435;608;489;185;894;1296;1493;477;279;1410;1500;861;484;805;1195;39;130;1473;98;1214;804;106;274;1336;808;1206,alpha_17_2;alpha_9_3;beta_17_15;theta_8_1;alpha_17_13;alpha_17_12;gamma_17_18;delta_5_15;alpha_17_14;gamma_12_8;delta_4_13;alpha_18_2;gamma_18_8;alpha_18_15;beta_17_2;beta_18_5;delta_13_16;delta_17_18;delta_4_7;theta_18_7;beta_17_9;theta_12_9;alpha_17_1;gamma_18_12;theta_17_14;delta_7_16;delta_18_3;beta_17_13;alpha_11_6;gamma_7_18;delta_17_12;gamma_18_11;alpha_17_15;theta_16_15;gamma_17_16;theta_12_7;gamma_11_8;theta_17_13;alpha_18_14;gamma_4_16;alpha_18_7;gamma_17_12;delta_17_5;delta_9_10;delta_7_8;theta_17_18;theta_9_13;beta_18_12;theta_16_2;theta_18_2;gamma_13_9;gamma_17_4;alpha_17_3;gamma_7_8;delta_17_4;delta_4_3;gamma_16_12;gamma_17_8;delta_18_6;theta_18_15;gamma_18_16;delta_7_15;delta_5_13;theta_17_2;delta_6_1;theta_10_12;theta_4_7;gamma_18_4;gamma_13_17;gamma_18_5;alpha_18_3;alpha_8_11;delta_6_16;gamma_18_6;gamma_13_8;theta_18_14;theta_11_15;delta_11_17;alpha_17_11;gamma_5_6;gamma_16_15;theta_11_2;delta_17_8;gamma_11_18;gamma_17_5;alpha_15_12;theta_11_9;alpha_12_7;beta_17_6;delta_3_7;delta_8_13;gamma_15_12;delta_6_15;beta_18_8;alpha_12_6;delta_7_5;delta_17_3;gamma_7_12;alpha_12_10;beta_17_18
chb05,chb05_12,100,100,885;1202;53;806;1512;898;601;897;387;1524;902;460;896;283;1191;85;1211;179;884;288;1198;62;1418;56;1520;915;591;1523;269;195;116;1511;1332;291;499;1218;1204;590;594;775;914;907;1342;1507;108;1401;753;275;596;1499;276;1436;801;886;1528;453;1409;1503;1517;1490;1296;115;130;1516;294;894;1289;524;89;579;125;1410;1493;1518;477;609;185;575;1046;279;484;68;1473;1396;99;1214;827;608;903;1500;79;1486;74;805;1206;81;876;1494;668;274,alpha_17_2;beta_17_13;delta_4_3;alpha_12_8;gamma_17_18;alpha_17_15;theta_18_7;alpha_17_14;theta_5_15;gamma_18_12;alpha_18_2;theta_10_2;alpha_17_13;delta_17_12;beta_17_2;delta_6_1;beta_18_5;delta_11_10;alpha_17_1;delta_17_18;beta_17_9;delta_4_13;gamma_12_8;delta_4_7;gamma_18_8;alpha_18_15;theta_17_14;gamma_18_11;delta_16_15;delta_12_9;delta_7_16;gamma_17_16;gamma_7_8;delta_18_3;theta_12_7;beta_18_12;beta_17_15;theta_17_13;theta_17_18;alpha_10_12;alpha_18_14;alpha_18_7;gamma_7_18;gamma_17_12;delta_7_8;gamma_11_8;alpha_9_6;delta_17_4;theta_18_2;gamma_17_4;delta_17_5;gamma_13_9;alpha_12_3;alpha_17_3;gamma_18_16;theta_9_13;gamma_11_17;gamma_17_8;gamma_18_5;gamma_16_12;gamma_5_6;delta_7_15;delta_8_13;gamma_18_4;delta_18_6;alpha_17_11;gamma_4_16;theta_13_16;delta_6_5;theta_17_2;delta_8_7;gamma_11_18;gamma_16_15;gamma_18_6;theta_11_2;theta_18_15;delta_11_17;theta_16_15;beta_8_11;delta_17_8;theta_11_9;delta_5_1;gamma_15_12;gamma_11_3;delta_6_16;beta_18_8;alpha_13_12;theta_18_14;alpha_18_3;gamma_17_5;delta_5_13;gamma_16_8;delta_5_8;alpha_12_7;beta_17_18;delta_5_15;alpha_16_10;gamma_16_17;alpha_4_7;delta_17_3
chb05,chb05_13,40,40,885;822;1385;283;896;1512;1204;1418;897;902;11;1519;1211;68;115;1191;521;1524;914;288;591;269;1342;478;915;116;1511;178;1332;56;1523;294;1202;1401;1520;596;485;1198;590;898,alpha_17_2;alpha_13_7;gamma_10_9;delta_17_12;alpha_17_13;gamma_17_18;beta_17_15;gamma_12_8;alpha_17_14;alpha_18_2;delta_1_13;gamma_18_7;beta_18_5;delta_5_1;delta_7_15;beta_17_2;theta_13_12;gamma_18_12;alpha_18_14;delta_17_18;theta_17_14;delta_16_15;gamma_7_18;theta_11_3;alpha_18_15;delta_7_16;gamma_17_16;delta_11_9;gamma_7_8;delta_4_7;gamma_18_11;delta_18_6;beta_17_13;gamma_11_8;gamma_18_8;theta_18_2;theta_11_10;beta_17_9;theta_17_13;alpha_17_15
chb05,chb05_14,100,100,897;790;1486;14;885;1512;896;51;907;562;1520;902;915;283;1191;1211;269;79;288;1202;53;898;1524;884;1198;469;591;56;1523;115;1342;1511;185;590;453;1332;1218;274;1399;1204;495;594;914;1507;1418;276;1503;601;499;596;108;1528;1289;886;144;1499;1401;1426;1516;282;130;524;1436;81;89;275;1517;1518;609;579;872;362;1490;291;575;1296;178;294;460;116;1500;279;776;608;1410;85;775;1206;894;1214;478;1407;11;795;1336;808;1195;39;1201;47,alpha_17_14;alpha_11_9;gamma_16_8;delta_1_16;alpha_17_2;gamma_17_18;alpha_17_13;delta_4_1;alpha_18_7;theta_16_2;gamma_18_8;alpha_18_2;alpha_18_15;delta_17_12;beta_17_2;beta_18_5;delta_16_15;delta_5_13;delta_17_18;beta_17_13;delta_4_3;alpha_17_15;gamma_18_12;alpha_17_1;beta_17_9;theta_10_12;theta_17_14;delta_4_7;gamma_18_11;delta_7_15;gamma_7_18;gamma_17_16;delta_11_17;theta_17_13;theta_9_13;gamma_7_8;beta_18_12;delta_17_3;gamma_11_6;beta_17_15;theta_12_3;theta_17_18;alpha_18_14;gamma_17_12;gamma_12_8;delta_17_5;gamma_17_8;theta_18_7;theta_12_7;theta_18_2;delta_7_8;gamma_18_16;gamma_4_16;alpha_17_3;delta_9_10;gamma_17_4;gamma_11_8;gamma_12_17;gamma_18_4;delta_17_11;delta_8_13;theta_13_16;gamma_13_9;delta_5_15;delta_6_5;delta_17_4;gamma_18_5;gamma_18_6;theta_18_15;theta_17_2;alpha_16_6;theta_4_7;gamma_16_12;delta_18_3;theta_16_15;gamma_5_6;delta_11_9;delta_18_6;theta_10_2;delta_7_16;gamma_17_5;delta_17_8;alpha_10_13;theta_18_14;gamma_11_18;delta_6_1;alpha_10_12;beta_17_18;alpha_17_11;beta_18_8;theta_11_3;gamma_11_15;delta_1_13;alpha_11_15;gamma_7_12;alpha_12_10;beta_17_6;delta_3_7;beta_17_12;delta_3_15
chb05,chb05_15,100,100,896;538;1191;80;1512;283;897;1435;885;907;915;1198;1524;288;902;1202;193;51;884;1211;414;898;575;501;460;1523;591;1409;1520;79;1325;590;291;1511;56;115;914;594;1218;1204;144;1401;276;1507;116;274;1289;294;872;601;759;1528;1430;1436;275;1503;596;189;1490;1499;886;541;609;1418;1516;1517;185;1332;579;130;53;85;1410;1296;1195;1342;608;362;489;1518;81;894;1494;279;805;775;477;112;1500;484;1046;1473;123;1206;1280;1214;74;571;876;11,alpha_17_13;theta_14_12;beta_17_2;delta_5_14;gamma_17_18;delta_17_12;alpha_17_14;gamma_13_8;alpha_17_2;alpha_18_7;alpha_18_15;beta_17_9;gamma_18_12;delta_17_18;alpha_18_2;beta_17_13;delta_12_7;delta_4_1;alpha_17_1;beta_18_5;theta_7_8;alpha_17_15;theta_16_15;theta_12_9;theta_10_2;gamma_18_11;theta_17_14;gamma_11_17;gamma_18_8;delta_5_13;gamma_6_18;theta_17_13;delta_18_3;gamma_17_16;delta_4_7;delta_7_15;alpha_18_14;theta_17_18;beta_18_12;beta_17_15;delta_9_10;gamma_11_8;delta_17_5;gamma_17_12;delta_7_16;delta_17_3;gamma_4_16;delta_18_6;alpha_16_6;theta_18_7;alpha_9_13;gamma_18_16;gamma_13_3;gamma_13_9;delta_17_4;gamma_17_8;theta_18_2;delta_12_3;gamma_16_12;gamma_17_4;alpha_17_3;theta_14_16;theta_18_15;gamma_12_8;gamma_18_4;gamma_18_5;delta_11_17;gamma_7_8;theta_17_2;delta_8_13;delta_4_3;delta_6_1;gamma_11_18;gamma_5_6;beta_17_6;gamma_7_18;theta_18_14;theta_4_7;theta_11_15;gamma_18_6;delta_5_15;alpha_17_11;gamma_16_17;delta_17_8;alpha_12_7;alpha_10_12;theta_11_2;delta_7_12;gamma_17_5;theta_11_9;beta_8_11;gamma_15_12;delta_8_5;beta_17_18;gamma_4_7;beta_18_8;delta_5_8;theta_16_11;alpha_16_10;delta_1_13
chb05,chb05_16,60,60,897;907;1389;1012;511;885;1512;161;896;116;1198;1418;283;915;1191;1524;130;288;1204;884;1211;1202;469;56;902;591;269;1426;1520;601;85;1379;1511;898;115;590;1401;1195;1255;1218;787;275;886;1507;594;179;276;495;112;295;1516;1425;453;1528;499;1342;914;53;1499;894,alpha_17_14;alpha_18_7;gamma_10_14;beta_6_11;theta_13_2;alpha_17_2;gamma_17_18;delta_10_9;alpha_17_13;delta_7_16;beta_17_9;gamma_12_8;delta_17_12;alpha_18_15;beta_17_2;gamma_18_12;delta_8_13;delta_17_18;beta_17_15;alpha_17_1;beta_18_5;beta_17_13;theta_10_12;delta_4_7;alpha_18_2;theta_17_14;delta_16_15;gamma_12_17;gamma_18_8;theta_18_7;delta_6_1;gamma_10_3;gamma_17_16;alpha_17_15;delta_7_15;theta_17_13;gamma_11_8;beta_17_6;gamma_2_16;beta_18_12;alpha_11_6;delta_17_4;alpha_17_3;gamma_17_12;theta_17_18;delta_11_10;delta_17_5;theta_12_3;delta_7_12;delta_18_7;gamma_18_4;gamma_12_16;theta_9_13;gamma_18_16;theta_12_7;gamma_7_18;alpha_18_14;delta_4_3;gamma_17_4;alpha_17_11
chb05,chb05_17,60,60,885;283;96;1204;896;1251;1512;1404;897;601;1191;1211;539;902;1524;269;1376;1198;1202;460;915;85;288;1342;788;884;591;132;108;185;1218;524;291;1418;53;914;1523;1511;590;898;56;872;1195;1520;596;750;907;1507;1425;594;610;469;1401;579;263;1528;609;1291;1421;275,alpha_17_2;delta_17_12;delta_6_13;beta_17_15;alpha_17_13;gamma_2_12;gamma_17_18;gamma_11_12;alpha_17_14;theta_18_7;beta_17_2;beta_18_5;theta_14_13;alpha_18_2;gamma_18_12;delta_16_15;gamma_9_18;beta_17_9;beta_17_13;theta_10_2;alpha_18_15;delta_6_1;delta_17_18;gamma_7_18;alpha_11_7;alpha_17_1;theta_17_14;delta_8_15;delta_7_8;delta_11_17;beta_18_12;theta_13_16;delta_18_3;gamma_12_8;delta_4_3;alpha_18_14;gamma_18_11;gamma_17_16;theta_17_13;alpha_17_15;delta_4_7;alpha_16_6;beta_17_6;gamma_18_8;theta_18_2;alpha_9_3;alpha_18_7;gamma_17_12;gamma_12_16;theta_17_18;theta_18_16;theta_10_12;gamma_11_8;theta_17_2;delta_16_9;gamma_18_16;theta_18_15;gamma_4_18;gamma_12_11;delta_17_4
chb05,chb05_18,100,100,897;1214;477;1211;130;885;1512;896;1418;283;13;902;85;915;1198;264;1191;1524;288;539;898;1202;792;56;601;1342;884;591;575;1523;805;1511;590;1409;1332;116;1520;291;1204;1401;594;1507;1436;914;740;189;195;1218;907;872;108;1503;276;886;1528;1289;596;1296;53;275;524;1499;115;79;1490;294;1516;185;68;894;579;1396;125;776;1435;1518;775;460;1517;489;609;1500;1494;112;876;1325;279;1195;484;788;1410;123;11;1201;274;47;608;1408;1407;495,alpha_17_14;beta_18_8;theta_11_2;beta_18_5;delta_8_13;alpha_17_2;gamma_17_18;alpha_17_13;gamma_12_8;delta_17_12;delta_1_15;alpha_18_2;delta_6_1;alpha_18_15;beta_17_9;delta_16_10;beta_17_2;gamma_18_12;delta_17_18;theta_14_13;alpha_17_15;beta_17_13;alpha_11_12;delta_4_7;theta_18_7;gamma_7_18;alpha_17_1;theta_17_14;theta_16_15;gamma_18_11;alpha_12_7;gamma_17_16;theta_17_13;gamma_11_17;gamma_7_8;delta_7_16;gamma_18_8;delta_18_3;beta_17_15;gamma_11_8;theta_17_18;gamma_17_12;gamma_13_9;alpha_18_14;alpha_8_11;delta_12_3;delta_12_9;beta_18_12;alpha_18_7;alpha_16_6;delta_7_8;gamma_17_8;delta_17_5;alpha_17_3;gamma_18_16;gamma_4_16;theta_18_2;gamma_5_6;delta_4_3;delta_17_4;theta_13_16;gamma_17_4;delta_7_15;delta_5_13;gamma_16_12;delta_18_6;gamma_18_4;delta_11_17;delta_5_1;alpha_17_11;theta_17_2;gamma_11_3;delta_8_7;alpha_10_13;gamma_13_8;gamma_18_6;alpha_10_12;theta_10_2;gamma_18_5;theta_11_15;theta_18_15;gamma_17_5;gamma_16_17;delta_7_12;alpha_16_10;gamma_6_18;delta_17_8;beta_17_6;theta_11_9;alpha_11_7;gamma_11_18;delta_8_5;delta_1_13;beta_17_12;delta_17_3;delta_3_15;theta_18_14;gamma_11_16;gamma_11_15;theta_12_3
chb05,chb05_19,100,100,897;1201;453;1486;902;133;1512;896;540;885;601;276;915;1198;11;1191;288;56;1524;477;1211;898;283;1202;469;68;884;591;291;1520;144;115;1523;805;1511;914;1436;594;907;590;1418;1204;1218;53;1342;178;1289;1507;804;108;1396;1528;596;1401;495;886;1296;1499;294;275;775;1516;1517;79;575;1503;185;125;609;579;1409;81;1490;282;470;85;1332;1518;279;524;1410;494;894;740;1206;608;274;116;1407;499;106;808;1473;39;1494;130;484;827;1214;489,alpha_17_14;beta_17_12;theta_9_13;gamma_16_8;alpha_18_2;delta_8_16;gamma_17_18;alpha_17_13;theta_14_15;alpha_17_2;theta_18_7;delta_17_5;alpha_18_15;beta_17_9;delta_1_13;beta_17_2;delta_17_18;delta_4_7;gamma_18_12;theta_11_2;beta_18_5;alpha_17_15;delta_17_12;beta_17_13;theta_10_12;delta_5_1;alpha_17_1;theta_17_14;delta_18_3;gamma_18_8;delta_9_10;delta_7_15;gamma_18_11;alpha_12_7;gamma_17_16;alpha_18_14;gamma_13_9;theta_17_18;alpha_18_7;theta_17_13;gamma_12_8;beta_17_15;beta_18_12;delta_4_3;gamma_7_18;delta_11_9;gamma_4_16;gamma_17_12;alpha_12_6;delta_7_8;gamma_11_3;gamma_18_16;theta_18_2;gamma_11_8;theta_12_3;alpha_17_3;gamma_5_6;gamma_17_4;delta_18_6;delta_17_4;alpha_10_12;gamma_18_4;gamma_18_5;delta_5_13;theta_16_15;gamma_17_8;delta_11_17;delta_8_7;theta_18_15;theta_17_2;gamma_11_17;delta_5_15;gamma_16_12;delta_17_11;theta_10_13;delta_6_1;gamma_7_8;gamma_18_6;delta_17_8;theta_13_16;gamma_11_18;theta_12_2;alpha_17_11;alpha_8_11;beta_17_18;theta_18_14;delta_17_3;delta_7_16;gamma_11_15;theta_12_7;delta_7_5;alpha_12_10;gamma_15_12;delta_3_7;gamma_16_17;delta_8_13;theta_11_9;alpha_13_12;beta_18_8;theta_11_15
chb05,chb05_20,100,100,896;1384;1308;902;283;1512;897;65;885;601;1520;1198;915;85;130;485;1191;288;1524;898;511;1202;1211;884;115;453;591;805;1523;56;269;1511;590;1332;291;1436;163;914;1507;1418;886;594;53;1204;1218;263;907;1426;108;1516;770;189;1528;1401;276;1503;282;1517;579;1379;1499;596;132;1342;89;1490;279;79;524;608;1518;1272;575;1296;609;51;775;294;270;39;484;275;494;116;1410;499;1473;1402;894;1206;1264;1407;1494;81;1214;274;808;776;62;1408,alpha_17_13;gamma_10_8;gamma_5_18;alpha_18_2;delta_17_12;gamma_17_18;alpha_17_14;delta_4_16;alpha_17_2;theta_18_7;gamma_18_8;beta_17_9;alpha_18_15;delta_6_1;delta_8_13;theta_11_10;beta_17_2;delta_17_18;gamma_18_12;alpha_17_15;theta_13_2;beta_17_13;beta_18_5;alpha_17_1;delta_7_15;theta_9_13;theta_17_14;alpha_12_7;gamma_18_11;delta_4_7;delta_16_15;gamma_17_16;theta_17_13;gamma_7_8;delta_18_3;gamma_13_9;delta_10_12;alpha_18_14;gamma_17_12;gamma_12_8;alpha_17_3;theta_17_18;delta_4_3;beta_17_15;beta_18_12;delta_16_9;alpha_18_7;gamma_12_17;delta_7_8;gamma_18_4;alpha_10_6;delta_12_3;gamma_18_16;gamma_11_8;delta_17_5;gamma_17_8;delta_17_11;gamma_18_5;theta_17_2;gamma_10_3;gamma_17_4;theta_18_2;delta_8_15;gamma_7_18;delta_6_5;gamma_16_12;delta_17_8;delta_5_13;theta_13_16;theta_18_14;gamma_18_6;gamma_3_16;theta_16_15;gamma_5_6;theta_18_15;delta_4_1;alpha_10_12;delta_18_6;delta_16_17;delta_3_7;theta_11_9;delta_17_4;theta_12_2;delta_7_16;gamma_11_18;theta_12_7;gamma_15_12;gamma_11_9;alpha_17_11;beta_17_18;gamma_3_8;gamma_11_15;gamma_16_17;delta_5_15;beta_18_8;delta_17_3;alpha_12_10;alpha_10_13;delta_4_13;gamma_11_16
chb05,chb05_21,100,100,897;861;601;885;1512;1409;896;371;154;915;1520;902;62;1418;1198;283;1191;288;269;1211;56;1202;1524;898;453;115;591;85;884;1523;1511;482;590;1436;144;53;914;1218;291;594;1401;907;1507;1204;276;1325;750;1499;108;178;886;294;1528;596;1046;275;1332;566;1503;1517;89;1516;579;81;1490;609;1296;541;130;116;125;1410;575;1518;460;894;1435;1288;759;279;775;608;1342;51;1206;1494;571;1336;484;1214;788;1407;1280;795;47;1416;1500;11;495;39,alpha_17_14;alpha_15_12;theta_18_7;alpha_17_2;gamma_17_18;gamma_11_17;alpha_17_13;theta_4_16;delta_10_2;alpha_18_15;gamma_18_8;alpha_18_2;delta_4_13;gamma_12_8;beta_17_9;delta_17_12;beta_17_2;delta_17_18;delta_16_15;beta_18_5;delta_4_7;beta_17_13;gamma_18_12;alpha_17_15;theta_9_13;delta_7_15;theta_17_14;delta_6_1;alpha_17_1;gamma_18_11;gamma_17_16;theta_11_7;theta_17_13;gamma_13_9;delta_9_10;delta_4_3;alpha_18_14;beta_18_12;delta_18_3;theta_17_18;gamma_11_8;alpha_18_7;gamma_17_12;beta_17_15;delta_17_5;gamma_6_18;alpha_9_3;gamma_17_4;delta_7_8;delta_11_9;alpha_17_3;delta_18_6;gamma_18_16;theta_18_2;beta_8_11;delta_17_4;gamma_7_8;theta_16_6;gamma_17_8;gamma_18_5;delta_6_5;gamma_18_4;theta_17_2;delta_5_15;gamma_16_12;theta_18_15;gamma_5_6;theta_14_16;delta_8_13;delta_7_16;delta_8_7;gamma_11_18;theta_16_15;gamma_18_6;theta_10_2;alpha_17_11;gamma_13_8;gamma_4_15;alpha_9_13;delta_17_8;alpha_10_12;theta_18_14;gamma_7_18;delta_4_1;beta_17_18;gamma_16_17;theta_16_11;gamma_7_12;theta_11_9;beta_18_8;alpha_11_7;gamma_11_15;gamma_4_7;alpha_11_15;delta_3_15;gamma_12_6;gamma_17_5;delta_1_13;theta_12_3;delta_3_7
chb05,chb05_22,40,40,896;1191;693;1512;283;898;1433;113;897;885;154;125;1211;85;1524;902;276;907;915;288;575;1523;1198;1418;1342;752;590;884;1520;108;485;591;453;1511;596;1436;594;1202;792;1507,alpha_17_13;beta_17_2;alpha_5_15;gamma_17_18;delta_17_12;alpha_17_15;gamma_13_6;delta_7_13;alpha_17_14;alpha_17_2;delta_10_2;delta_8_7;beta_18_5;delta_6_1;gamma_18_12;alpha_18_2;delta_17_5;alpha_18_7;alpha_18_15;delta_17_18;theta_16_15;gamma_18_11;beta_17_9;gamma_12_8;gamma_7_18;alpha_9_5;theta_17_13;alpha_17_1;gamma_18_8;delta_7_8;theta_11_10;theta_17_14;theta_9_13;gamma_17_16;theta_18_2;gamma_13_9;theta_17_18;beta_17_13;alpha_11_12;gamma_17_12
chb05,chb05_23,100,100,897;1516;31;477;885;1435;1512;896;907;915;291;1198;1191;283;113;902;56;872;288;1524;119;884;1202;1211;898;469;1523;98;591;575;195;1342;1520;914;1511;590;1418;499;886;276;594;1204;1285;1507;144;108;189;1218;601;1436;470;294;1494;275;1503;596;1401;53;1528;609;1517;130;1499;524;89;115;1490;125;1296;282;1518;787;579;116;460;608;775;1332;571;1396;484;279;489;85;1410;1407;740;903;1214;79;788;894;1206;1473;39;776;274;1500;502;495,alpha_17_14;gamma_18_4;delta_2_16;theta_11_2;alpha_17_2;gamma_13_8;gamma_17_18;alpha_17_13;alpha_18_7;alpha_18_15;delta_18_3;beta_17_9;beta_17_2;delta_17_12;delta_7_13;alpha_18_2;delta_4_7;alpha_16_6;delta_17_18;gamma_18_12;delta_8_1;alpha_17_1;beta_17_13;beta_18_5;alpha_17_15;theta_10_12;gamma_18_11;delta_6_15;theta_17_14;theta_16_15;delta_12_9;gamma_7_18;gamma_18_8;alpha_18_14;gamma_17_16;theta_17_13;gamma_12_8;theta_12_7;alpha_17_3;delta_17_5;theta_17_18;beta_17_15;gamma_4_12;gamma_17_12;delta_9_10;delta_7_8;delta_12_3;beta_18_12;theta_18_7;gamma_13_9;theta_10_13;delta_18_6;gamma_16_17;delta_17_4;gamma_17_8;theta_18_2;gamma_11_8;delta_4_3;gamma_18_16;theta_18_15;gamma_18_5;delta_8_13;gamma_17_4;theta_13_16;delta_6_5;delta_7_15;gamma_16_12;delta_8_7;gamma_5_6;delta_17_11;gamma_18_6;alpha_11_6;theta_17_2;delta_7_16;theta_10_2;theta_18_14;alpha_10_12;gamma_7_8;theta_16_11;gamma_11_3;theta_11_9;delta_17_8;theta_11_15;delta_6_1;gamma_11_18;gamma_11_15;alpha_8_11;alpha_18_3;beta_18_8;delta_5_13;alpha_11_7;alpha_17_11;beta_17_18;gamma_15_12;delta_3_7;alpha_10_13;delta_17_3;gamma_17_5;theta_12_10;theta_12_3
chb05,chb05_24,100,100,897;1211;74;885;477;1512;283;896;11;1418;915;1520;902;229;907;1191;288;1198;85;486;1202;47;1524;1204;884;591;1409;575;1523;56;1511;590;1325;770;116;898;1401;1507;291;914;594;453;450;1332;1218;495;886;601;1503;596;1046;1499;276;805;53;1528;1436;294;275;1517;524;130;1516;579;1490;115;1296;185;609;1289;1518;89;775;125;1410;1342;1435;608;99;1500;178;1494;489;279;460;894;1430;903;776;380;79;1407;68;1201;808;1237;1408;804;1206;81,alpha_17_14;beta_18_5;delta_5_8;alpha_17_2;theta_11_2;gamma_17_18;delta_17_12;alpha_17_13;delta_1_13;gamma_12_8;alpha_18_15;gamma_18_8;alpha_18_2;delta_14_9;alpha_18_7;beta_17_2;delta_17_18;beta_17_9;delta_6_1;theta_11_12;beta_17_13;delta_3_15;gamma_18_12;beta_17_15;alpha_17_1;theta_17_14;gamma_11_17;theta_16_15;gamma_18_11;delta_4_7;gamma_17_16;theta_17_13;gamma_6_18;alpha_10_6;delta_7_16;alpha_17_15;gamma_11_8;gamma_17_12;delta_18_3;alpha_18_14;theta_17_18;theta_9_13;theta_9_10;gamma_7_8;beta_18_12;theta_12_3;alpha_17_3;theta_18_7;gamma_17_8;theta_18_2;beta_8_11;gamma_17_4;delta_17_5;alpha_12_7;delta_4_3;gamma_18_16;gamma_13_9;delta_18_6;delta_17_4;gamma_18_5;theta_13_16;delta_8_13;gamma_18_4;theta_17_2;gamma_16_12;delta_7_15;gamma_5_6;delta_11_17;theta_18_15;gamma_4_16;gamma_18_6;delta_6_5;alpha_10_12;delta_8_7;gamma_11_18;gamma_7_18;gamma_13_8;theta_18_14;delta_6_16;gamma_17_5;delta_11_9;gamma_16_17;theta_11_15;delta_17_8;theta_10_2;alpha_17_11;gamma_13_3;alpha_18_3;alpha_10_13;theta_5_8;delta_5_13;gamma_11_15;delta_5_1;beta_17_12;alpha_12_10;gamma_1_15;gamma_11_16;alpha_12_6;beta_17_18;delta_5_15
chb05,chb05_25,100,100,897;1524;1452;902;119;1512;896;486;885;62;115;915;1198;907;1191;1202;283;1211;56;575;288;518;898;1523;172;884;1520;591;804;108;1511;291;1325;805;590;1396;1218;1204;144;1418;116;594;1507;886;453;914;1332;1503;1409;1436;276;494;1499;601;596;1401;1528;53;275;130;775;1516;1289;579;609;68;1490;132;1342;294;362;269;1518;1517;894;1296;185;1046;524;759;1410;903;1500;279;112;1407;477;79;808;861;1494;499;1201;274;484;1473;1349;1214;39;85,alpha_17_14;gamma_18_12;gamma_14_8;alpha_18_2;delta_8_1;gamma_17_18;alpha_17_13;theta_11_12;alpha_17_2;delta_4_13;delta_7_15;alpha_18_15;beta_17_9;alpha_18_7;beta_17_2;beta_17_13;delta_17_12;beta_18_5;delta_4_7;theta_16_15;delta_17_18;theta_13_9;alpha_17_15;gamma_18_11;delta_11_3;alpha_17_1;gamma_18_8;theta_17_14;alpha_12_6;delta_7_8;gamma_17_16;delta_18_3;gamma_6_18;alpha_12_7;theta_17_13;gamma_11_3;beta_18_12;beta_17_15;delta_9_10;gamma_12_8;delta_7_16;theta_17_18;gamma_17_12;alpha_17_3;theta_9_13;alpha_18_14;gamma_7_8;gamma_17_8;gamma_11_17;gamma_13_9;delta_17_5;theta_12_2;gamma_17_4;theta_18_7;theta_18_2;gamma_11_8;gamma_18_16;delta_4_3;delta_17_4;delta_8_13;alpha_10_12;gamma_18_4;gamma_4_16;theta_17_2;theta_18_15;delta_5_1;gamma_16_12;delta_8_15;gamma_7_18;delta_18_6;theta_4_7;delta_16_15;gamma_18_6;gamma_18_5;alpha_17_11;gamma_5_6;delta_11_17;beta_8_11;theta_13_16;alpha_9_13;gamma_11_18;alpha_18_3;gamma_17_5;delta_17_8;delta_7_12;gamma_11_15;theta_11_2;delta_5_13;alpha_12_10;alpha_15_12;gamma_16_17;theta_12_7;beta_17_12;delta_17_3;theta_11_9;gamma_15_12;gamma_8_7;beta_18_8;delta_3_7;delta_6_1
chb05,chb05_26,100,100,897;1503;27;902;460;1512;896;885;283;1418;915;119;1198;226;1191;288;1332;269;898;884;1524;1202;1211;125;792;130;1523;591;115;246;907;914;499;1520;291;1204;1494;590;1511;594;53;1436;1342;453;1218;1401;495;276;886;1507;596;116;1499;524;294;1528;1396;1517;282;1490;108;1516;609;179;601;579;740;68;79;1518;872;279;575;56;1289;1296;477;608;775;894;132;1410;788;275;470;1500;1486;1493;185;1408;274;1201;89;571;1214;903;478;1325;1473;99,alpha_17_14;gamma_17_8;delta_2_12;alpha_18_2;theta_10_2;gamma_17_18;alpha_17_13;alpha_17_2;delta_17_12;gamma_12_8;alpha_18_15;delta_8_1;beta_17_9;delta_14_6;beta_17_2;delta_17_18;gamma_7_8;delta_16_15;alpha_17_15;alpha_17_1;gamma_18_12;beta_17_13;beta_18_5;delta_8_7;alpha_11_12;delta_8_13;gamma_18_11;theta_17_14;delta_7_15;delta_15_9;alpha_18_7;alpha_18_14;theta_12_7;gamma_18_8;delta_18_3;beta_17_15;gamma_16_17;theta_17_13;gamma_17_16;theta_17_18;delta_4_3;gamma_13_9;gamma_7_18;theta_9_13;beta_18_12;gamma_11_8;theta_12_3;delta_17_5;alpha_17_3;gamma_17_12;theta_18_2;delta_7_16;gamma_17_4;theta_13_16;delta_18_6;gamma_18_16;gamma_11_3;gamma_18_5;delta_17_11;gamma_16_12;delta_7_8;gamma_18_4;theta_18_15;delta_11_10;theta_18_7;theta_17_2;alpha_8_11;delta_5_1;delta_5_13;gamma_18_6;alpha_16_6;delta_17_8;theta_16_15;delta_4_7;gamma_4_16;gamma_5_6;theta_11_2;theta_18_14;alpha_10_12;alpha_17_11;delta_8_15;gamma_11_18;alpha_11_7;delta_17_4;theta_10_13;gamma_17_5;gamma_16_8;gamma_16_15;delta_11_17;gamma_11_16;delta_17_3;beta_17_12;delta_6_5;theta_16_11;beta_18_8;alpha_18_3;theta_11_3;gamma_6_18;gamma_15_12;delta_6_16
chb05,chb05_27,100,100,897;1511;907;885;115;896;1512;1418;915;1306;283;482;1191;125;1198;79;902;1211;518;1202;288;1520;898;119;469;1524;884;591;172;575;1523;1409;590;1342;108;1204;294;1401;1507;914;453;594;787;978;1218;116;274;1499;179;601;1503;276;1436;494;1528;596;1490;275;886;1516;1332;53;609;130;56;132;541;894;579;1396;1518;1517;185;85;1435;1296;1410;795;608;805;484;1500;279;1473;1206;775;1349;291;380;1494;759;1214;11;808;99;1288;39;477;1407;81,alpha_17_14;gamma_17_16;alpha_18_7;alpha_17_2;delta_7_15;alpha_17_13;gamma_17_18;gamma_12_8;alpha_18_15;gamma_5_16;delta_17_12;theta_11_7;beta_17_2;delta_8_7;beta_17_9;delta_5_13;alpha_18_2;beta_18_5;theta_13_9;beta_17_13;delta_17_18;gamma_18_8;alpha_17_15;delta_8_1;theta_10_12;gamma_18_12;alpha_17_1;theta_17_14;delta_11_3;theta_16_15;gamma_18_11;gamma_11_17;theta_17_13;gamma_7_18;delta_7_8;beta_17_15;delta_18_6;gamma_11_8;gamma_17_12;alpha_18_14;theta_9_13;theta_17_18;alpha_11_6;beta_4_11;beta_18_12;delta_7_16;delta_17_3;gamma_17_4;delta_11_10;theta_18_7;gamma_17_8;delta_17_5;gamma_13_9;theta_12_2;gamma_18_16;theta_18_2;gamma_16_12;delta_17_4;alpha_17_3;gamma_18_4;gamma_7_8;delta_4_3;theta_18_15;delta_8_13;delta_4_7;delta_8_15;theta_14_16;alpha_17_11;theta_17_2;gamma_11_3;gamma_18_6;gamma_18_5;delta_11_17;delta_6_1;gamma_13_8;gamma_5_6;gamma_11_18;alpha_11_15;theta_18_14;alpha_12_7;theta_11_9;gamma_17_5;delta_17_8;gamma_15_12;beta_17_18;alpha_10_12;gamma_8_7;delta_18_3;theta_5_8;gamma_16_17;alpha_9_13;beta_18_8;delta_1_13;alpha_12_10;delta_6_16;gamma_4_15;delta_3_7;theta_11_2;gamma_11_15;delta_5_15
chb05,chb05_28,100,100,896;1526;276;885;1512;874;897;907;387;1198;915;62;1191;283;56;902;1524;1436;288;494;1202;269;85;1211;263;591;1418;1342;1523;898;1520;291;590;884;116;1511;185;53;499;594;1507;1204;108;1401;1218;914;469;495;1332;1499;601;886;1046;275;453;294;1528;596;804;1490;1503;130;1516;179;579;1517;68;1494;1410;115;125;575;894;1518;609;1255;1296;1396;524;484;477;1473;279;1407;74;1206;1336;1408;608;79;805;1214;99;775;1435;668;1201;903;1308;51,alpha_17_13;gamma_18_14;delta_17_5;alpha_17_2;gamma_17_18;alpha_16_8;alpha_17_14;alpha_18_7;theta_5_15;beta_17_9;alpha_18_15;delta_4_13;beta_17_2;delta_17_12;delta_4_7;alpha_18_2;gamma_18_12;gamma_13_9;delta_17_18;theta_12_2;beta_17_13;delta_16_15;delta_6_1;beta_18_5;delta_16_9;theta_17_14;gamma_12_8;gamma_7_18;gamma_18_11;alpha_17_15;gamma_18_8;delta_18_3;theta_17_13;alpha_17_1;delta_7_16;gamma_17_16;delta_11_17;delta_4_3;theta_12_7;theta_17_18;gamma_17_12;beta_17_15;delta_7_8;gamma_11_8;beta_18_12;alpha_18_14;theta_10_12;theta_12_3;gamma_7_8;gamma_17_4;theta_18_7;alpha_17_3;beta_8_11;delta_17_4;theta_9_13;delta_18_6;gamma_18_16;theta_18_2;alpha_12_6;gamma_16_12;gamma_17_8;delta_8_13;gamma_18_4;delta_11_10;theta_17_2;gamma_18_5;delta_5_1;gamma_16_17;gamma_11_18;delta_7_15;delta_8_7;theta_16_15;alpha_17_11;gamma_18_6;theta_18_15;gamma_2_16;gamma_5_6;gamma_11_3;theta_13_16;theta_11_9;theta_11_2;gamma_15_12;delta_17_8;gamma_11_15;delta_5_8;beta_17_18;gamma_7_12;gamma_11_16;theta_18_14;delta_5_13;alpha_12_7;beta_18_8;delta_6_16;alpha_10_12;gamma_13_8;alpha_4_7;beta_17_12;alpha_18_3;gamma_5_18;delta_4_1
chb05,chb05_29,100,100,897;1507;1418;34;885;444;896;1512;907;422;1198;902;130;915;283;1191;540;1211;1202;792;884;1524;288;898;56;453;591;81;1523;1520;485;1325;590;804;1511;914;274;1401;594;1204;1218;276;1436;108;294;499;1499;783;1332;1409;1528;601;886;212;596;1503;53;1517;1516;185;79;1490;85;579;115;275;541;39;1518;575;1296;608;894;116;1410;291;1342;775;609;495;1500;1473;1289;279;1494;571;1408;106;1206;470;1214;740;1435;11;362;1407;460;1201;805;132,alpha_17_14;gamma_17_12;gamma_12_8;delta_3_1;alpha_17_2;theta_9_3;alpha_17_13;gamma_17_18;alpha_18_7;theta_7_16;beta_17_9;alpha_18_2;delta_8_13;alpha_18_15;delta_17_12;beta_17_2;theta_14_15;beta_18_5;beta_17_13;alpha_11_12;alpha_17_1;gamma_18_12;delta_17_18;alpha_17_15;delta_4_7;theta_9_13;theta_17_14;delta_5_15;gamma_18_11;gamma_18_8;theta_11_10;gamma_6_18;theta_17_13;alpha_12_6;gamma_17_16;alpha_18_14;delta_17_3;gamma_11_8;theta_17_18;beta_17_15;beta_18_12;delta_17_5;gamma_13_9;delta_7_8;delta_18_6;theta_12_7;gamma_17_4;alpha_11_2;gamma_7_8;gamma_11_17;gamma_18_16;theta_18_7;alpha_17_3;delta_13_9;theta_18_2;gamma_17_8;delta_4_3;gamma_18_5;gamma_18_4;delta_11_17;delta_5_13;gamma_16_12;delta_6_1;theta_17_2;delta_7_15;delta_17_4;theta_14_16;delta_3_7;gamma_18_6;theta_16_15;gamma_5_6;theta_18_14;alpha_17_11;delta_7_16;gamma_11_18;delta_18_3;gamma_7_18;alpha_10_12;theta_18_15;theta_12_3;gamma_17_5;gamma_15_12;gamma_4_16;delta_17_8;gamma_16_17;theta_16_11;gamma_11_16;delta_7_5;beta_17_18;theta_10_13;beta_18_8;alpha_8_11;gamma_13_8;delta_1_13;theta_4_7;gamma_11_15;theta_10_2;beta_17_12;alpha_12_7;delta_8_15
chb05,chb05_30,100,100,897;1523;1452;172;885;1512;896;283;915;102;269;1191;453;82;1211;11;902;1520;288;1198;804;1202;898;601;56;884;1524;591;1325;115;1436;144;1511;590;291;1332;486;1218;1204;1401;294;914;594;1507;276;499;886;108;494;907;1516;53;1426;1418;275;178;1503;1517;740;1528;596;89;1493;1499;1357;130;579;524;609;1396;1342;894;1296;132;1410;1490;1518;125;575;185;274;571;116;279;460;608;1500;68;872;861;1214;1288;1473;903;1408;79;805;1195;484;1201,alpha_17_14;gamma_18_11;gamma_14_8;delta_11_3;alpha_17_2;gamma_17_18;alpha_17_13;delta_17_12;alpha_18_15;delta_7_1;delta_16_15;beta_17_2;theta_9_13;delta_5_16;beta_18_5;delta_1_13;alpha_18_2;gamma_18_8;delta_17_18;beta_17_9;alpha_12_6;beta_17_13;alpha_17_15;theta_18_7;delta_4_7;alpha_17_1;gamma_18_12;theta_17_14;gamma_6_18;delta_7_15;gamma_13_9;delta_9_10;gamma_17_16;theta_17_13;delta_18_3;gamma_7_8;theta_11_12;beta_18_12;beta_17_15;gamma_11_8;delta_18_6;alpha_18_14;theta_17_18;gamma_17_12;delta_17_5;theta_12_7;alpha_17_3;delta_7_8;theta_12_2;alpha_18_7;gamma_18_4;delta_4_3;gamma_12_17;gamma_12_8;delta_17_4;delta_11_9;gamma_17_8;gamma_18_5;alpha_8_11;gamma_18_16;theta_18_2;delta_6_5;gamma_16_15;gamma_17_4;gamma_8_16;delta_8_13;theta_17_2;theta_13_16;theta_18_15;gamma_11_3;gamma_7_18;alpha_17_11;gamma_5_6;delta_8_15;gamma_11_18;gamma_16_12;gamma_18_6;delta_8_7;theta_16_15;delta_11_17;delta_17_3;theta_16_11;delta_7_16;delta_17_8;theta_10_2;theta_18_14;gamma_17_5;delta_5_1;alpha_16_6;alpha_15_12;beta_18_8;gamma_4_15;gamma_15_12;alpha_18_3;gamma_11_16;delta_5_13;alpha_12_7;beta_17_6;theta_11_9;beta_17_12
chb05,chb05_31,100,100,897;1520;500;902;1512;907;896;885;283;62;438;1198;125;1418;1191;915;288;68;563;1524;1202;884;144;1211;591;575;453;898;1523;1436;1357;108;1511;914;590;1401;1325;775;1218;1204;594;116;499;1507;291;212;1296;460;276;1503;601;275;886;804;53;1499;596;1490;1528;282;294;1409;56;1516;185;1517;524;1332;79;115;579;1518;89;609;489;608;1500;1396;1342;861;279;1435;1410;74;894;668;494;1206;85;484;805;99;1214;1473;470;1494;1336;795;274;1408,alpha_17_14;gamma_18_8;theta_12_8;alpha_18_2;gamma_17_18;alpha_18_7;alpha_17_13;alpha_17_2;delta_17_12;delta_4_13;theta_8_15;beta_17_9;delta_8_7;gamma_12_8;beta_17_2;alpha_18_15;delta_17_18;delta_5_1;theta_16_3;gamma_18_12;beta_17_13;alpha_17_1;delta_9_10;beta_18_5;theta_17_14;theta_16_15;theta_9_13;alpha_17_15;gamma_18_11;gamma_13_9;gamma_8_16;delta_7_8;gamma_17_16;alpha_18_14;theta_17_13;gamma_11_8;gamma_6_18;alpha_10_12;beta_18_12;beta_17_15;theta_17_18;delta_7_16;theta_12_7;gamma_17_12;delta_18_3;delta_13_9;gamma_5_6;theta_10_2;delta_17_5;gamma_17_8;theta_18_7;delta_17_4;alpha_17_3;alpha_12_6;delta_4_3;gamma_17_4;theta_18_2;gamma_16_12;gamma_18_16;delta_17_11;delta_18_6;gamma_11_17;delta_4_7;gamma_18_4;delta_11_17;gamma_18_5;theta_13_16;gamma_7_8;delta_5_13;delta_7_15;theta_17_2;gamma_18_6;delta_6_5;theta_18_15;theta_11_15;theta_18_14;gamma_17_5;gamma_11_3;gamma_7_18;alpha_15_12;delta_17_8;gamma_13_8;gamma_11_18;delta_5_8;alpha_17_11;alpha_4_7;theta_12_2;beta_17_18;delta_6_1;theta_11_9;alpha_12_7;delta_6_16;beta_18_8;gamma_15_12;theta_10_13;gamma_16_17;gamma_7_12;alpha_11_15;delta_17_3;gamma_11_16
chb05,chb05_32,100,100,885;283;460;896;1512;1418;897;907;1520;116;902;1198;79;486;898;288;1191;85;1211;1524;884;915;575;1202;178;125;1332;1426;1523;591;499;115;1511;1325;590;274;1401;108;594;1204;1218;804;1507;914;596;1436;453;189;275;144;1503;276;601;886;1490;1528;1272;130;1499;740;294;579;1516;1517;282;51;540;1296;132;56;1342;775;1518;609;1500;53;1425;279;903;484;494;99;571;1473;1494;1396;11;805;1410;894;608;668;541;1206;1214;106;1384;185;91;489,alpha_17_2;delta_17_12;theta_10_2;alpha_17_13;gamma_17_18;gamma_12_8;alpha_17_14;alpha_18_7;gamma_18_8;delta_7_16;alpha_18_2;beta_17_9;delta_5_13;theta_11_12;alpha_17_15;delta_17_18;beta_17_2;delta_6_1;beta_18_5;gamma_18_12;alpha_17_1;alpha_18_15;theta_16_15;beta_17_13;delta_11_9;delta_8_7;gamma_7_8;gamma_12_17;gamma_18_11;theta_17_14;theta_12_7;delta_7_15;gamma_17_16;gamma_6_18;theta_17_13;delta_17_3;gamma_11_8;delta_7_8;theta_17_18;beta_17_15;beta_18_12;alpha_12_6;gamma_17_12;alpha_18_14;theta_18_2;gamma_13_9;theta_9_13;delta_12_3;delta_17_4;delta_9_10;gamma_17_8;delta_17_5;theta_18_7;alpha_17_3;gamma_16_12;gamma_18_16;gamma_3_16;delta_8_13;gamma_17_4;alpha_8_11;delta_18_6;theta_17_2;gamma_18_4;gamma_18_5;delta_17_11;delta_4_1;theta_14_15;gamma_5_6;delta_8_15;delta_4_7;gamma_7_18;alpha_10_12;gamma_18_6;theta_18_15;gamma_17_5;delta_4_3;gamma_12_16;delta_17_8;alpha_18_3;theta_11_9;theta_12_2;delta_6_16;theta_16_11;gamma_15_12;gamma_16_17;gamma_11_3;delta_1_13;alpha_12_7;gamma_11_18;alpha_17_11;theta_18_14;alpha_4_7;theta_14_16;beta_17_18;beta_18_8;delta_7_5;gamma_10_8;delta_11_17;delta_6_8;theta_11_15
chb05,chb05_33,100,100,897;1507;443;1404;902;896;45;1512;885;915;283;788;64;907;1191;1198;85;485;1520;288;898;147;1202;1211;269;884;56;1418;1524;591;1342;116;1523;590;291;1357;469;1511;1204;886;1409;594;195;1218;596;108;1436;495;914;1499;276;1401;601;53;481;1528;282;1296;1503;609;275;11;294;1516;1332;115;524;903;579;1517;39;1518;68;185;775;740;1396;279;575;1410;477;1500;1490;453;1349;499;99;484;1214;79;1494;1407;1325;274;1201;1435;22;861;894;81,alpha_17_14;gamma_17_12;theta_9_2;gamma_11_12;alpha_18_2;alpha_17_13;delta_3_13;gamma_17_18;alpha_17_2;alpha_18_15;delta_17_12;alpha_11_7;delta_4_15;alpha_18_7;beta_17_2;beta_17_9;delta_6_1;theta_11_10;gamma_18_8;delta_17_18;alpha_17_15;delta_9_13;beta_17_13;beta_18_5;delta_16_15;alpha_17_1;delta_4_7;gamma_12_8;gamma_18_12;theta_17_14;gamma_7_18;delta_7_16;gamma_18_11;theta_17_13;delta_18_3;gamma_8_16;theta_10_12;gamma_17_16;beta_17_15;alpha_17_3;gamma_11_17;theta_17_18;delta_12_9;beta_18_12;theta_18_2;delta_7_8;gamma_13_9;theta_12_3;alpha_18_14;gamma_17_4;delta_17_5;gamma_11_8;theta_18_7;delta_4_3;theta_11_6;gamma_18_16;delta_17_11;gamma_5_6;gamma_17_8;theta_18_15;delta_17_4;delta_1_13;delta_18_6;gamma_18_4;gamma_7_8;delta_7_15;theta_13_16;alpha_18_3;theta_17_2;gamma_18_5;delta_3_7;gamma_18_6;delta_5_1;delta_11_17;alpha_10_12;alpha_8_11;gamma_11_3;delta_17_8;theta_16_15;gamma_11_18;theta_11_2;gamma_17_5;gamma_16_12;theta_9_13;gamma_8_7;theta_12_7;delta_6_16;theta_11_9;beta_18_8;delta_5_13;gamma_16_17;gamma_11_15;gamma_6_18;delta_17_3;beta_17_12;gamma_13_8;delta_2_7;alpha_15_12;alpha_17_11;delta_5_15
chb05,chb05_34,100,100,885;609;374;283;896;1512;115;897;907;1418;1520;11;902;1198;269;1191;288;477;792;108;1211;1524;898;1202;884;178;53;1523;591;1325;1436;1511;915;566;291;56;590;1401;1204;1218;594;116;914;1332;453;1507;499;294;1503;1409;601;179;596;1499;274;478;1528;276;524;275;1517;1516;130;579;81;1416;68;1490;903;1518;575;1342;1289;1410;894;571;125;886;775;279;1296;608;112;1435;460;1500;1407;484;1195;1214;74;1494;132;1408;185;79;1206;805;489;85,alpha_17_2;theta_18_15;theta_5_1;delta_17_12;alpha_17_13;gamma_17_18;delta_7_15;alpha_17_14;alpha_18_7;gamma_12_8;gamma_18_8;delta_1_13;alpha_18_2;beta_17_9;delta_16_15;beta_17_2;delta_17_18;theta_11_2;alpha_11_12;delta_7_8;beta_18_5;gamma_18_12;alpha_17_15;beta_17_13;alpha_17_1;delta_11_9;delta_4_3;gamma_18_11;theta_17_14;gamma_6_18;gamma_13_9;gamma_17_16;alpha_18_15;theta_16_6;delta_18_3;delta_4_7;theta_17_13;gamma_11_8;beta_17_15;beta_18_12;theta_17_18;delta_7_16;alpha_18_14;gamma_7_8;theta_9_13;gamma_17_12;theta_12_7;delta_18_6;gamma_17_8;gamma_11_17;theta_18_7;delta_11_10;theta_18_2;gamma_17_4;delta_17_3;theta_11_3;gamma_18_16;delta_17_5;theta_13_16;delta_17_4;gamma_18_5;gamma_18_4;delta_8_13;theta_17_2;delta_5_15;gamma_12_6;delta_5_1;gamma_16_12;alpha_18_3;gamma_18_6;theta_16_15;gamma_7_18;gamma_4_16;gamma_11_18;alpha_17_11;theta_16_11;delta_8_7;alpha_17_3;alpha_10_12;delta_17_8;gamma_5_6;theta_18_14;delta_7_12;gamma_13_8;theta_10_2;gamma_17_5;gamma_11_15;theta_11_9;beta_17_6;beta_18_8;delta_5_8;gamma_16_17;delta_8_15;gamma_11_16;delta_11_17;delta_5_13;beta_17_18;alpha_12_7;theta_11_15;delta_6_1
chb05,chb05_35,100,100,897;1523;1435;391;885;1255;896;1512;283;11;915;902;486;1198;1191;421;1520;288;172;898;1202;53;884;1211;1524;601;499;56;591;453;1325;116;1511;485;575;1204;590;291;1218;1401;804;914;594;1507;1436;1332;294;1499;460;596;108;907;1528;1430;1418;195;1503;130;1296;276;1516;524;168;579;1426;115;609;51;740;1518;1517;125;275;1493;1342;886;805;894;1490;1410;775;1349;99;279;477;608;1214;571;62;1206;1399;808;489;106;484;1201;39;1384;1500;470,alpha_17_14;gamma_18_11;gamma_13_8;theta_6_1;alpha_17_2;gamma_2_16;alpha_17_13;gamma_17_18;delta_17_12;delta_1_13;alpha_18_15;alpha_18_2;theta_11_12;beta_17_9;beta_17_2;theta_7_15;gamma_18_8;delta_17_18;delta_11_3;alpha_17_15;beta_17_13;delta_4_3;alpha_17_1;beta_18_5;gamma_18_12;theta_18_7;theta_12_7;delta_4_7;theta_17_14;theta_9_13;gamma_6_18;delta_7_16;gamma_17_16;theta_11_10;theta_16_15;beta_17_15;theta_17_13;delta_18_3;beta_18_12;gamma_11_8;alpha_12_6;alpha_18_14;theta_17_18;gamma_17_12;gamma_13_9;gamma_7_8;delta_18_6;gamma_17_4;theta_10_2;theta_18_2;delta_7_8;alpha_18_7;gamma_18_16;gamma_13_3;gamma_12_8;delta_12_9;gamma_17_8;delta_8_13;gamma_5_6;delta_17_5;gamma_18_4;theta_13_16;delta_10_17;theta_17_2;gamma_12_17;delta_7_15;theta_18_15;delta_4_1;alpha_8_11;gamma_18_6;gamma_18_5;delta_8_7;delta_17_4;gamma_16_15;gamma_7_18;alpha_17_3;alpha_12_7;alpha_17_11;gamma_16_12;gamma_11_18;alpha_10_12;gamma_8_7;delta_6_16;delta_17_8;theta_11_2;theta_18_14;beta_18_8;theta_16_11;delta_4_13;beta_17_18;gamma_11_6;alpha_12_10;theta_11_15;delta_7_5;theta_11_9;beta_17_12;delta_3_7;gamma_10_8;gamma_17_5;theta_10_13
chb05,chb05_36,100,100,885;99;1202;1512;601;897;1418;539;915;1524;896;119;902;1191;460;283;485;1211;288;269;1198;1342;898;1520;130;884;125;1523;591;115;792;1511;499;590;1218;1401;1204;108;594;189;914;1507;907;740;291;195;276;1516;1409;1289;1503;872;579;53;1528;1396;1436;1499;596;85;1332;294;275;1490;81;894;575;1518;79;886;609;541;1296;1517;56;185;1410;1493;1486;1500;279;116;494;470;775;571;1494;608;1214;74;502;484;1201;68;495;795;668;1473;274;805,alpha_17_2;delta_6_16;beta_17_13;gamma_17_18;theta_18_7;alpha_17_14;gamma_12_8;theta_14_13;alpha_18_15;gamma_18_12;alpha_17_13;delta_8_1;alpha_18_2;beta_17_2;theta_10_2;delta_17_12;theta_11_10;beta_18_5;delta_17_18;delta_16_15;beta_17_9;gamma_7_18;alpha_17_15;gamma_18_8;delta_8_13;alpha_17_1;delta_8_7;gamma_18_11;theta_17_14;delta_7_15;alpha_11_12;gamma_17_16;theta_12_7;theta_17_13;beta_18_12;gamma_11_8;beta_17_15;delta_7_8;theta_17_18;delta_12_3;alpha_18_14;gamma_17_12;alpha_18_7;alpha_8_11;delta_18_3;delta_12_9;delta_17_5;gamma_18_4;gamma_11_17;gamma_4_16;gamma_17_8;alpha_16_6;theta_17_2;delta_4_3;gamma_18_16;gamma_11_3;gamma_13_9;gamma_17_4;theta_18_2;delta_6_1;gamma_7_8;delta_18_6;delta_17_4;gamma_16_12;delta_5_15;alpha_17_11;theta_16_15;gamma_18_6;delta_5_13;alpha_17_3;theta_18_15;theta_14_16;gamma_5_6;gamma_18_5;delta_4_7;delta_11_17;gamma_11_18;gamma_16_15;gamma_16_8;gamma_17_5;delta_17_8;delta_7_16;theta_12_2;theta_10_13;alpha_10_12;theta_16_11;gamma_16_17;theta_18_14;beta_18_8;delta_5_8;theta_12_10;theta_11_9;beta_17_12;delta_5_1;theta_12_3;alpha_11_15;alpha_4_7;gamma_15_12;delta_17_3;alpha_12_7
chb05,chb05_37,100,100,897;1133;65;885;1512;283;896;119;915;902;1520;563;1198;269;1418;1191;288;130;601;56;898;1211;501;884;1524;1202;591;115;1523;499;1342;1511;1399;53;590;291;1204;524;1218;914;594;470;477;294;1507;108;1401;485;1046;886;276;1503;596;907;1436;275;1332;1528;566;1499;89;1517;1443;1516;47;579;469;1289;125;79;894;1296;1490;575;609;85;1518;279;116;495;1410;1435;805;608;185;1493;484;1500;1201;362;494;1325;1494;775;74;11;1206;1214;81;776,alpha_17_14;beta_13_12;delta_4_16;alpha_17_2;gamma_17_18;delta_17_12;alpha_17_13;delta_8_1;alpha_18_15;alpha_18_2;gamma_18_8;theta_16_3;beta_17_9;delta_16_15;gamma_12_8;beta_17_2;delta_17_18;delta_8_13;theta_18_7;delta_4_7;alpha_17_15;beta_18_5;theta_12_9;alpha_17_1;gamma_18_12;beta_17_13;theta_17_14;delta_7_15;gamma_18_11;theta_12_7;gamma_7_18;gamma_17_16;gamma_11_6;delta_4_3;theta_17_13;delta_18_3;beta_17_15;theta_13_16;beta_18_12;alpha_18_14;theta_17_18;theta_10_13;theta_11_2;delta_18_6;gamma_17_12;delta_7_8;gamma_11_8;theta_11_10;beta_8_11;alpha_17_3;delta_17_5;gamma_17_8;theta_18_2;alpha_18_7;gamma_13_9;delta_17_4;gamma_7_8;gamma_18_16;theta_16_6;gamma_17_4;delta_6_5;gamma_18_5;gamma_13_17;gamma_18_4;delta_3_15;theta_17_2;theta_10_12;gamma_4_16;delta_8_7;delta_5_13;alpha_17_11;gamma_5_6;gamma_16_12;theta_16_15;theta_18_15;delta_6_1;gamma_18_6;delta_17_8;delta_7_16;theta_12_3;gamma_11_18;gamma_13_8;alpha_12_7;theta_18_14;delta_11_17;gamma_16_15;theta_11_9;gamma_17_5;beta_17_12;theta_4_7;theta_12_2;gamma_6_18;gamma_16_17;alpha_10_12;delta_5_8;delta_1_13;beta_17_18;beta_18_8;delta_5_15;alpha_10_13
chb05,chb05_38,100,100,885;116;896;1460;1512;897;907;483;915;1520;902;1198;79;1418;288;1191;56;283;575;477;1524;898;85;884;1202;164;1211;115;591;144;1523;1511;590;1436;291;1342;1401;914;804;1507;594;886;1204;775;195;1218;276;1272;495;108;1499;499;282;601;1528;596;1503;1490;579;89;132;1516;524;130;294;1332;609;275;53;185;125;1296;1435;1518;1517;903;489;608;484;1494;460;861;51;876;279;894;1430;1410;1206;1493;99;1473;1500;274;1214;11;1110;13;39;805,alpha_17_2;delta_7_16;alpha_17_13;gamma_14_17;gamma_17_18;alpha_17_14;alpha_18_7;theta_11_8;alpha_18_15;gamma_18_8;alpha_18_2;beta_17_9;delta_5_13;gamma_12_8;delta_17_18;beta_17_2;delta_4_7;delta_17_12;theta_16_15;theta_11_2;gamma_18_12;alpha_17_15;delta_6_1;alpha_17_1;beta_17_13;delta_10_13;beta_18_5;delta_7_15;theta_17_14;delta_9_10;gamma_18_11;gamma_17_16;theta_17_13;gamma_13_9;delta_18_3;gamma_7_18;gamma_11_8;alpha_18_14;alpha_12_6;gamma_17_12;theta_17_18;alpha_17_3;beta_17_15;alpha_10_12;delta_12_9;beta_18_12;delta_17_5;gamma_3_16;theta_12_3;delta_7_8;gamma_17_4;theta_12_7;delta_17_11;theta_18_7;gamma_18_16;theta_18_2;gamma_17_8;gamma_16_12;theta_17_2;delta_6_5;delta_8_15;gamma_18_4;theta_13_16;delta_8_13;delta_18_6;gamma_7_8;theta_18_15;delta_17_4;delta_4_3;delta_11_17;delta_8_7;gamma_5_6;gamma_13_8;gamma_18_6;gamma_18_5;alpha_18_3;theta_11_15;theta_18_14;theta_11_9;gamma_16_17;theta_10_2;alpha_15_12;delta_4_1;alpha_16_10;delta_17_8;alpha_17_11;gamma_13_3;gamma_11_18;beta_17_18;gamma_16_15;delta_6_16;gamma_15_12;gamma_17_5;delta_17_3;beta_18_8;delta_1_13;beta_12_6;delta_1_15;delta_3_7;alpha_12_7
chb05,chb05_39,100,100,897;1520;205;288;885;1418;1512;896;283;233;915;902;116;1198;601;1191;788;1524;1202;51;62;1211;884;898;792;115;1523;56;591;269;1511;804;53;1342;590;1401;1204;1218;594;178;1332;1507;914;907;291;294;1443;1516;276;478;886;108;1503;596;524;1528;1436;185;1490;1499;579;132;894;1289;1296;609;1518;179;130;275;89;1046;1517;805;1493;39;1500;1384;795;99;279;775;903;1214;484;85;1473;495;1410;608;1325;1408;765;1201;872;47;79;503;1494;1280,alpha_17_14;gamma_18_8;delta_13_2;delta_17_18;alpha_17_2;gamma_12_8;gamma_17_18;alpha_17_13;delta_17_12;delta_14_13;alpha_18_15;alpha_18_2;delta_7_16;beta_17_9;theta_18_7;beta_17_2;alpha_11_7;gamma_18_12;beta_17_13;delta_4_1;delta_4_13;beta_18_5;alpha_17_1;alpha_17_15;alpha_11_12;delta_7_15;gamma_18_11;delta_4_7;theta_17_14;delta_16_15;gamma_17_16;alpha_12_6;delta_4_3;gamma_7_18;theta_17_13;gamma_11_8;beta_17_15;beta_18_12;theta_17_18;delta_11_9;gamma_7_8;gamma_17_12;alpha_18_14;alpha_18_7;delta_18_3;delta_18_6;gamma_13_17;gamma_18_4;delta_17_5;theta_11_3;alpha_17_3;delta_7_8;gamma_17_8;theta_18_2;theta_13_16;gamma_18_16;gamma_13_9;delta_11_17;gamma_16_12;gamma_17_4;theta_17_2;delta_8_15;alpha_17_11;gamma_4_16;gamma_5_6;theta_18_15;gamma_18_6;delta_11_10;delta_8_13;delta_17_4;delta_6_5;beta_8_11;gamma_18_5;alpha_12_7;gamma_16_15;delta_3_7;gamma_17_5;gamma_10_8;alpha_11_15;delta_6_16;delta_17_8;alpha_10_12;alpha_18_3;beta_18_8;theta_11_9;delta_6_1;gamma_15_12;theta_12_3;gamma_11_18;theta_18_14;gamma_6_18;gamma_11_16;alpha_10_1;beta_17_12;alpha_16_6;delta_3_15;delta_5_13;theta_12_11;gamma_16_17;gamma_4_7
chb06,chb06_01,60,60,587;1351;1154;579;305;418;1523;1401;609;1206;593;444;918;292;1104;1184;608;1314;1022;24;932;277;578;1441;1409;898;1457;287;749;1217;1397;1344;885;302;977;281;482;1524;583;598;591;997;1392;724;1389;1459;988;1512;627;1369;1283;303;1229;1515;1410;1276;1103;1380;294;273,theta_17_10;gamma_8_10;beta_14_17;theta_17_2;delta_18_17;theta_7_12;gamma_18_11;gamma_11_8;theta_18_15;beta_17_18;theta_17_16;theta_9_3;beta_1_2;delta_18_4;beta_11_18;beta_16_12;theta_18_14;gamma_6_7;beta_7_3;delta_2_9;beta_1_16;delta_17_6;theta_17_1;gamma_13_15;gamma_11_17;alpha_17_15;gamma_14_13;delta_17_16;alpha_9_2;beta_18_11;gamma_11_4;gamma_8_2;alpha_17_2;delta_18_14;beta_4_10;delta_17_10;theta_11_7;gamma_18_12;theta_17_6;theta_18_4;theta_17_14;beta_5_13;gamma_10_17;alpha_7_12;gamma_10_14;gamma_14_16;beta_5_3;gamma_17_18;alpha_1_17;gamma_9_11;gamma_4_10;delta_18_15;gamma_1_7;gamma_18_3;gamma_11_18;gamma_4_2;beta_11_17;gamma_10_4;delta_18_6;delta_17_2
chb06,chb06_02,80,80,1217;1363;987;273;593;1409;1045;302;292;1229;350;305;587;478;1457;885;592;1410;1523;626;583;287;788;1022;608;1184;1369;1351;598;591;1397;1515;1069;609;1389;579;325;330;277;622;279;601;1474;1283;281;1297;1401;578;285;988;1103;303;337;284;1276;1104;1465;977;1514;897;1504;928;915;899;1490;1491;275;600;914;1317;1086;1063;893;1431;1263;1328;656;1406;1459;444,beta_18_11;gamma_9_4;beta_5_2;delta_17_2;theta_17_16;gamma_11_17;beta_8_10;delta_18_14;delta_18_4;gamma_1_7;theta_3_12;delta_18_17;theta_17_10;theta_11_3;gamma_14_13;alpha_17_2;theta_17_15;gamma_11_18;gamma_18_11;alpha_1_16;theta_17_6;delta_17_16;alpha_11_7;beta_7_3;theta_18_14;beta_16_12;gamma_9_11;gamma_8_10;theta_18_4;theta_17_14;gamma_11_4;gamma_18_3;beta_9_17;theta_18_15;gamma_10_14;theta_17_2;theta_2_4;theta_2_9;delta_17_6;alpha_1_12;delta_17_8;theta_18_7;gamma_15_13;gamma_4_10;delta_17_10;gamma_5_7;gamma_11_8;theta_17_1;delta_17_14;beta_5_3;beta_11_17;delta_18_15;theta_2_16;delta_17_13;gamma_4_2;beta_11_18;gamma_15_4;beta_4_10;gamma_18_2;alpha_17_14;gamma_17_9;beta_1_12;alpha_18_15;alpha_17_16;gamma_16_12;gamma_16_13;delta_17_4;theta_18_6;alpha_18_14;gamma_6_10;beta_10_17;beta_9_11;alpha_17_10;gamma_13_4;gamma_3_7;gamma_7_3;alpha_3_12;gamma_11_14;gamma_14_16;theta_9_3
chb06,chb06_03,80,80,1217;1439;966;273;593;1334;1409;609;305;1457;292;1397;587;724;591;1229;1523;988;478;885;1410;583;608;287;24;1369;788;325;598;1045;1465;1103;928;578;302;1389;277;579;1515;953;1401;1521;915;1351;893;626;285;1459;1297;1086;279;622;1431;600;897;1474;281;977;303;1022;899;1104;601;1363;914;889;656;1069;1406;1283;284;1063;1206;592;444;1490;275;405;1504;1239,beta_18_11;gamma_13_12;beta_3_16;delta_17_2;theta_17_16;gamma_7_10;gamma_11_17;theta_18_15;delta_18_17;gamma_14_13;delta_18_4;gamma_11_4;theta_17_10;alpha_7_12;theta_17_14;gamma_1_7;gamma_18_11;beta_5_3;theta_11_3;alpha_17_2;gamma_11_18;theta_17_6;theta_18_14;delta_17_16;delta_2_9;gamma_9_11;alpha_11_7;theta_2_4;theta_18_4;beta_8_10;gamma_15_4;beta_11_17;beta_1_12;theta_17_1;delta_18_14;gamma_10_14;delta_17_6;theta_17_2;gamma_18_3;beta_3_2;gamma_11_8;gamma_18_9;alpha_18_15;gamma_8_10;alpha_17_10;alpha_1_16;delta_17_14;gamma_14_16;gamma_5_7;beta_10_17;delta_17_8;alpha_1_12;gamma_13_4;theta_18_6;alpha_17_14;gamma_15_13;delta_17_10;beta_4_10;delta_18_15;beta_7_3;alpha_17_16;beta_11_18;theta_18_7;gamma_9_4;alpha_18_14;alpha_17_6;alpha_3_12;beta_9_17;gamma_11_14;gamma_4_10;delta_17_13;beta_9_11;beta_17_18;theta_17_15;theta_9_3;gamma_16_12;delta_17_4;theta_6_16;gamma_17_9;gamma_1_17
chb06,chb06_04,80,80,305;1473;579;609;741;1217;287;1303;1151;292;1351;1206;1410;1043;1414;587;591;647;301;833;1120;325;1523;1241;593;1515;1457;608;320;279;1045;1229;1328;273;586;1404;478;598;1512;622;1527;302;1474;601;885;1397;583;1297;977;303;1461;284;611;1258;1426;1389;1491;953;915;316;281;275;1439;991;285;1011;1482;1521;899;1022;911;288;1514;1104;782;405;1388;897;923;298,delta_18_17;gamma_15_12;theta_17_2;theta_18_15;alpha_8_12;beta_18_11;delta_17_16;gamma_5_13;beta_14_13;delta_18_4;gamma_8_10;beta_17_18;gamma_11_18;beta_8_7;gamma_12_4;theta_17_10;theta_17_14;alpha_3_2;delta_18_13;alpha_14_1;beta_12_17;theta_2_4;gamma_18_11;gamma_2_1;theta_17_16;gamma_18_3;gamma_14_13;theta_18_14;theta_1_16;delta_17_8;beta_8_10;gamma_1_7;gamma_7_3;delta_17_2;theta_17_9;gamma_11_12;theta_11_3;theta_18_4;gamma_17_18;alpha_1_12;gamma_18_15;delta_18_14;gamma_15_13;theta_18_7;alpha_17_2;gamma_11_4;theta_17_6;gamma_5_7;beta_4_10;delta_18_15;gamma_14_18;delta_17_13;theta_18_17;gamma_3_1;gamma_12_17;gamma_10_14;gamma_16_13;beta_3_2;alpha_18_15;theta_1_12;delta_17_10;delta_17_4;gamma_13_12;beta_5_7;delta_17_14;beta_6_10;gamma_16_4;gamma_18_9;alpha_17_16;beta_7_3;alpha_18_11;delta_17_18;gamma_18_2;beta_11_18;alpha_11_1;theta_6_16;gamma_10_13;alpha_17_14;beta_1_7;delta_18_10
chb06,chb06_05,80,80,587;1317;579;1095;305;1523;660;593;302;1103;292;1229;1397;1457;716;1217;622;609;1490;444;583;1063;287;591;1410;1515;330;885;1389;1045;598;608;788;284;1465;953;1409;281;928;279;600;626;273;303;1297;1474;1363;285;1351;1022;601;578;1369;1184;1527;893;1069;325;897;656;277;977;1431;915;1406;997;899;405;1459;1491;1239;914;478;889;1086;1233;1401;275;1521;926,theta_17_10;gamma_6_10;theta_17_2;beta_11_8;delta_18_17;gamma_18_11;alpha_3_16;theta_17_16;delta_18_14;beta_11_17;delta_18_4;gamma_1_7;gamma_11_4;gamma_14_13;alpha_7_3;beta_18_11;alpha_1_12;theta_18_15;gamma_16_12;theta_9_3;theta_17_6;beta_9_11;delta_17_16;theta_17_14;gamma_11_18;gamma_18_3;theta_2_9;alpha_17_2;gamma_10_14;beta_8_10;theta_18_4;theta_18_14;alpha_11_7;delta_17_13;gamma_15_4;beta_3_2;gamma_11_17;delta_17_10;beta_1_12;delta_17_8;theta_18_6;alpha_1_16;delta_17_2;delta_18_15;gamma_5_7;gamma_15_13;gamma_9_4;delta_17_14;gamma_8_10;beta_7_3;theta_18_7;theta_17_1;gamma_9_11;beta_16_12;gamma_18_15;alpha_17_10;beta_9_17;theta_2_4;alpha_17_14;alpha_3_12;delta_17_6;beta_4_10;gamma_13_4;alpha_18_15;gamma_11_14;beta_5_13;alpha_17_16;theta_6_16;gamma_14_16;gamma_16_13;gamma_1_17;alpha_18_14;theta_11_3;alpha_17_6;beta_10_17;gamma_1_11;gamma_11_8;delta_17_4;gamma_18_9;beta_1_10
chb06,chb06_06,80,80,1217;1465;593;273;707;1409;1283;587;609;305;292;1229;988;591;546;1457;885;626;1523;583;1410;287;1184;608;1369;1045;598;788;325;1397;1515;1103;579;1389;302;1344;279;928;24;277;915;1401;1521;1351;578;1297;285;405;1474;1069;281;1022;303;1431;284;622;1514;1104;601;899;977;897;893;1490;1527;1086;1491;275;889;1363;914;444;1011;656;1406;1063;592;320;1191;1263,beta_18_11;gamma_15_4;theta_17_16;delta_17_2;alpha_6_12;gamma_11_17;gamma_4_10;theta_17_10;theta_18_15;delta_18_17;delta_18_4;gamma_1_7;beta_5_3;theta_17_14;theta_15_3;gamma_14_13;alpha_17_2;alpha_1_16;gamma_18_11;theta_17_6;gamma_11_18;delta_17_16;beta_16_12;theta_18_14;gamma_9_11;beta_8_10;theta_18_4;alpha_11_7;theta_2_4;gamma_11_4;gamma_18_3;beta_11_17;theta_17_2;gamma_10_14;delta_18_14;gamma_8_2;delta_17_8;beta_1_12;delta_2_9;delta_17_6;alpha_18_15;gamma_11_8;gamma_18_9;gamma_8_10;theta_17_1;gamma_5_7;delta_17_14;theta_6_16;gamma_15_13;beta_9_17;delta_17_10;beta_7_3;delta_18_15;gamma_13_4;delta_17_13;alpha_1_12;gamma_18_2;beta_11_18;theta_18_7;alpha_17_16;beta_4_10;alpha_17_14;alpha_17_10;gamma_16_12;gamma_18_15;beta_10_17;gamma_16_13;delta_17_4;alpha_17_6;gamma_9_4;alpha_18_14;theta_9_3;beta_6_10;alpha_3_12;gamma_11_14;beta_9_11;theta_17_15;theta_1_16;beta_17_2;gamma_3_7
chb06,chb06_07,80,80,1217;1022;1091;591;1351;287;1229;292;305;885;643;1069;587;1457;609;622;1369;24;1523;788;302;1410;593;583;579;1490;1397;598;1045;970;279;608;1389;325;478;1515;1409;277;928;285;1459;1283;273;1297;1474;1465;303;578;988;281;626;1401;601;899;1103;1527;1063;977;316;1441;897;1521;1184;1491;284;1276;275;1431;915;1317;1328;914;889;656;1086;1406;1191;1263;592;1363,beta_18_11;beta_7_3;beta_11_4;theta_17_14;gamma_8_10;delta_17_16;gamma_1_7;delta_18_4;delta_18_17;alpha_17_2;alpha_2_16;beta_9_17;theta_17_10;gamma_14_13;theta_18_15;alpha_1_12;gamma_9_11;delta_2_9;gamma_18_11;alpha_11_7;delta_18_14;gamma_11_18;theta_17_16;theta_17_6;theta_17_2;gamma_16_12;gamma_11_4;theta_18_4;beta_8_10;beta_4_2;delta_17_8;theta_18_14;gamma_10_14;theta_2_4;theta_11_3;gamma_18_3;gamma_11_17;delta_17_6;beta_1_12;delta_17_14;gamma_14_16;gamma_4_10;delta_17_2;gamma_5_7;gamma_15_13;gamma_15_4;delta_18_15;theta_17_1;beta_5_3;delta_17_10;alpha_1_16;gamma_11_8;theta_18_7;alpha_17_16;beta_11_17;gamma_18_15;beta_9_11;beta_4_10;theta_1_12;gamma_13_15;alpha_17_14;gamma_18_9;beta_16_12;gamma_16_13;delta_17_13;gamma_4_2;delta_17_4;gamma_13_4;alpha_18_15;gamma_6_10;gamma_7_3;alpha_18_14;alpha_17_6;alpha_3_12;beta_10_17;gamma_11_14;beta_17_2;gamma_3_7;theta_17_15;gamma_9_4
chb06,chb06_08,80,80,1217;885;426;1401;287;1266;608;405;305;292;1457;1103;587;478;1229;622;609;1523;1397;1410;579;583;593;330;591;482;1389;1515;1022;1045;598;1369;284;1490;302;1409;325;277;1465;928;273;898;893;977;279;1459;285;1297;601;1086;626;1474;303;1344;578;1431;1527;897;988;1351;1104;281;724;899;1521;1406;1363;1191;1069;914;600;943;915;1063;275;788;1151;337;1184;889,beta_18_11;alpha_17_2;theta_8_2;gamma_11_8;delta_17_16;gamma_3_10;theta_18_14;theta_6_16;delta_18_17;delta_18_4;gamma_14_13;beta_11_17;theta_17_10;theta_11_3;gamma_1_7;alpha_1_12;theta_18_15;gamma_18_11;gamma_11_4;gamma_11_18;theta_17_2;theta_17_6;theta_17_16;theta_2_9;theta_17_14;theta_11_7;gamma_10_14;gamma_18_3;beta_7_3;beta_8_10;theta_18_4;gamma_9_11;delta_17_13;gamma_16_12;delta_18_14;gamma_11_17;theta_2_4;delta_17_6;gamma_15_4;beta_1_12;delta_17_2;alpha_17_15;alpha_17_10;beta_4_10;delta_17_8;gamma_14_16;delta_17_14;gamma_5_7;theta_18_7;beta_10_17;alpha_1_16;gamma_15_13;delta_18_15;gamma_8_2;theta_17_1;gamma_13_4;gamma_18_15;alpha_17_14;beta_5_3;gamma_8_10;beta_11_18;delta_17_10;alpha_7_12;alpha_17_16;gamma_18_9;gamma_11_14;gamma_9_4;beta_17_2;beta_9_17;alpha_18_14;theta_18_6;beta_2_10;alpha_18_15;beta_9_11;delta_17_4;alpha_11_7;beta_14_13;theta_2_16;beta_16_12;alpha_17_6
chb06,chb06_09,100,100,1217;325;1427;287;1317;273;1457;303;1363;292;1229;1409;337;587;591;1389;1523;885;305;478;1408;622;608;583;593;788;1490;1045;988;601;1397;579;1103;1206;1369;302;1515;598;631;277;609;1403;1351;1401;626;1441;285;1431;893;1410;578;1297;1069;1527;1492;656;24;1459;1504;1283;1465;19;915;1474;279;600;897;281;405;1375;1022;914;977;1063;1263;1184;444;275;592;1406;889;1448;308;1104;1086;418;1191;1011;1491;911;1521;1344;1380;320;1526;899;1374;604;1154;1266,beta_18_11;theta_2_4;gamma_12_18;delta_17_16;gamma_6_10;delta_17_2;gamma_14_13;delta_18_15;gamma_9_4;delta_18_4;gamma_1_7;gamma_11_17;theta_2_16;theta_17_10;theta_17_14;gamma_10_14;gamma_18_11;alpha_17_2;delta_18_17;theta_11_3;gamma_11_16;alpha_1_12;theta_18_14;theta_17_6;theta_17_16;alpha_11_7;gamma_16_12;beta_8_10;beta_5_3;theta_18_7;gamma_11_4;theta_17_2;beta_11_17;beta_17_18;gamma_9_11;delta_18_14;gamma_18_3;theta_18_4;alpha_2_4;delta_17_6;theta_18_15;gamma_11_10;gamma_8_10;gamma_11_8;alpha_1_16;gamma_13_15;delta_17_14;gamma_13_4;alpha_17_10;gamma_11_18;theta_17_1;gamma_5_7;beta_9_17;gamma_18_15;gamma_16_14;alpha_3_12;delta_2_9;gamma_14_16;gamma_17_9;gamma_4_10;gamma_15_4;delta_2_4;alpha_18_15;gamma_15_13;delta_17_8;theta_18_6;alpha_17_14;delta_17_10;theta_6_16;gamma_9_17;beta_7_3;alpha_18_14;beta_4_10;beta_9_11;gamma_3_7;beta_16_12;theta_9_3;delta_17_4;theta_17_15;gamma_11_14;alpha_17_6;gamma_14_4;theta_1_4;beta_11_18;beta_10_17;theta_7_12;beta_17_2;beta_6_10;gamma_16_13;alpha_18_11;gamma_18_9;gamma_8_2;gamma_10_4;theta_1_16;gamma_18_14;alpha_17_16;gamma_9_16;theta_18_10;beta_14_17;gamma_3_10
chb06,chb06_10,100,100,587;915;1248;305;579;593;1409;656;1523;1397;292;716;1351;591;1369;478;1496;1407;320;1206;1217;287;1457;302;1490;279;1410;885;583;330;1229;325;608;275;1045;1465;1103;1063;285;1191;1228;600;622;609;788;598;1389;284;988;1231;273;1515;405;884;1283;1401;897;893;1069;1151;1441;601;1438;1431;303;1021;154;281;928;925;899;1459;1104;977;277;1022;1363;1297;914;99;1521;1086;1184;19;461;1497;1266;592;1166;889;1373;578;581;316;942;1474;1448;1375;1527;919,theta_17_10;alpha_18_15;gamma_2_9;delta_18_17;theta_17_2;theta_17_16;gamma_11_17;alpha_3_12;gamma_18_11;gamma_11_4;delta_18_4;alpha_7_3;gamma_8_10;theta_17_14;gamma_9_11;theta_11_3;gamma_17_1;gamma_11_15;theta_1_16;beta_17_18;beta_18_11;delta_17_16;gamma_14_13;delta_18_14;gamma_16_12;delta_17_8;gamma_11_18;alpha_17_2;theta_17_6;theta_2_9;gamma_1_7;theta_2_4;theta_18_14;delta_17_4;beta_8_10;gamma_15_4;beta_11_17;beta_9_11;delta_17_14;beta_17_2;gamma_1_6;theta_18_6;alpha_1_12;theta_18_15;alpha_11_7;theta_18_4;gamma_10_14;delta_17_13;beta_5_3;gamma_1_9;delta_17_2;gamma_18_3;theta_6_16;alpha_17_1;gamma_4_10;gamma_11_8;alpha_17_14;alpha_17_10;beta_9_17;beta_14_13;gamma_13_15;theta_18_7;gamma_13_11;gamma_13_4;delta_18_15;beta_7_2;delta_10_2;delta_17_10;beta_1_12;beta_1_9;alpha_17_16;gamma_14_16;beta_11_18;beta_4_10;delta_17_6;beta_7_3;gamma_9_4;gamma_5_7;alpha_18_14;delta_6_16;gamma_18_9;beta_10_17;beta_16_12;delta_2_4;theta_10_3;gamma_17_2;gamma_3_10;theta_17_15;beta_15_11;alpha_17_6;gamma_9_15;theta_17_1;theta_17_4;theta_1_12;beta_2_9;gamma_15_13;gamma_14_4;gamma_9_17;gamma_18_15;beta_1_3
chb06,chb06_12,80,80,1217;1022;873;287;273;1283;1409;1397;608;656;305;292;1457;1229;587;885;609;1523;24;1490;626;591;1410;478;1369;593;583;1045;598;1389;1465;1103;325;579;1276;302;1515;622;1401;284;1474;592;1351;281;1297;988;1431;1069;285;279;915;337;277;977;1406;928;1459;303;1063;1514;1104;1521;1363;897;1491;601;970;788;1086;926;1328;1184;899;578;914;724;600;275;1263;1380,beta_18_11;beta_7_3;alpha_16_7;delta_17_16;delta_17_2;gamma_4_10;gamma_11_17;gamma_11_4;theta_18_14;alpha_3_12;delta_18_17;delta_18_4;gamma_14_13;gamma_1_7;theta_17_10;alpha_17_2;theta_18_15;gamma_18_11;delta_2_9;gamma_16_12;alpha_1_16;theta_17_14;gamma_11_18;theta_11_3;gamma_9_11;theta_17_16;theta_17_6;beta_8_10;theta_18_4;gamma_10_14;gamma_15_4;beta_11_17;theta_2_4;theta_17_2;gamma_4_2;delta_18_14;gamma_18_3;alpha_1_12;gamma_11_8;delta_17_13;gamma_15_13;theta_17_15;gamma_8_10;delta_17_10;gamma_5_7;beta_5_3;gamma_13_4;beta_9_17;delta_17_14;delta_17_8;alpha_18_15;theta_2_16;delta_17_6;beta_4_10;gamma_11_14;beta_1_12;gamma_14_16;delta_18_15;beta_9_11;gamma_18_2;beta_11_18;gamma_18_9;gamma_9_4;alpha_17_14;gamma_16_13;theta_18_7;beta_4_2;alpha_11_7;beta_10_17;beta_1_10;gamma_7_3;beta_16_12;alpha_17_16;theta_17_1;alpha_18_14;alpha_7_12;theta_18_6;delta_17_4;gamma_3_7;gamma_10_4
chb06,chb06_13,80,80,1217;1363;593;1206;1011;285;626;1086;579;1022;292;1229;609;1184;478;587;1523;724;305;1457;1410;608;287;885;1397;24;1389;583;1351;1063;953;598;591;1515;1409;928;302;1401;284;1328;788;279;1465;1045;303;1297;1233;1474;273;320;1527;1406;1459;1173;1103;281;897;622;1490;988;1283;1431;1369;601;1514;1276;915;889;325;1091;914;578;1245;977;444;1104;899;600;1069;337,beta_18_11;gamma_9_4;theta_17_16;beta_17_18;beta_6_10;delta_17_14;alpha_1_16;beta_10_17;theta_17_2;beta_7_3;delta_18_4;gamma_1_7;theta_18_15;beta_16_12;theta_11_3;theta_17_10;gamma_18_11;alpha_7_12;delta_18_17;gamma_14_13;gamma_11_18;theta_18_14;delta_17_16;alpha_17_2;gamma_11_4;delta_2_9;gamma_10_14;theta_17_6;gamma_8_10;beta_9_11;beta_3_2;theta_18_4;theta_17_14;gamma_18_3;gamma_11_17;beta_1_12;delta_18_14;gamma_11_8;delta_17_13;gamma_7_3;alpha_11_7;delta_17_8;gamma_15_4;beta_8_10;delta_18_15;gamma_5_7;gamma_1_11;gamma_15_13;delta_17_2;theta_1_16;gamma_18_15;gamma_11_14;gamma_14_16;beta_16_1;beta_11_17;delta_17_10;alpha_17_14;alpha_1_12;gamma_16_12;beta_5_3;gamma_4_10;gamma_13_4;gamma_9_11;theta_18_7;gamma_18_2;gamma_4_2;alpha_18_15;alpha_17_6;theta_2_4;beta_11_4;alpha_18_14;theta_17_1;gamma_2_6;beta_4_10;theta_9_3;beta_11_18;alpha_17_16;theta_18_6;beta_9_17;theta_2_16
chb06,chb06_14,80,80,1217;928;1448;608;1086;287;305;292;1022;579;1351;1229;587;1457;609;405;24;1410;1523;1490;478;593;591;583;885;1401;1369;598;953;1515;622;1389;302;1103;1045;1397;1527;325;788;277;303;273;1297;601;1474;285;279;1409;1283;988;656;1431;281;915;1459;578;1406;626;899;1438;1276;1069;897;977;1521;1184;1465;1514;1104;600;724;592;1491;914;444;284;1328;275;1317;1263,beta_18_11;beta_1_12;gamma_14_4;theta_18_14;beta_10_17;delta_17_16;delta_18_17;delta_18_4;beta_7_3;theta_17_2;gamma_8_10;gamma_1_7;theta_17_10;gamma_14_13;theta_18_15;theta_6_16;delta_2_9;gamma_11_18;gamma_18_11;gamma_16_12;theta_11_3;theta_17_16;theta_17_14;theta_17_6;alpha_17_2;gamma_11_8;gamma_9_11;theta_18_4;beta_3_2;gamma_18_3;alpha_1_12;gamma_10_14;delta_18_14;beta_11_17;beta_8_10;gamma_11_4;gamma_18_15;theta_2_4;alpha_11_7;delta_17_6;delta_18_15;delta_17_2;gamma_5_7;theta_18_7;gamma_15_13;delta_17_14;delta_17_8;gamma_11_17;gamma_4_10;beta_5_3;alpha_3_12;gamma_13_4;delta_17_10;alpha_18_15;gamma_14_16;theta_17_1;gamma_11_14;alpha_1_16;alpha_17_16;gamma_13_11;gamma_4_2;beta_9_17;alpha_17_14;beta_4_10;gamma_18_9;beta_16_12;gamma_15_4;gamma_18_2;beta_11_18;theta_18_6;alpha_7_12;theta_17_15;gamma_16_13;alpha_18_14;theta_9_3;delta_17_13;gamma_7_3;delta_17_4;gamma_6_10;gamma_3_7
chb06,chb06_15,80,80,587;1409;592;365;579;1523;593;1465;1030;305;292;1457;608;665;788;626;1229;583;1217;1351;1410;885;287;1184;609;1369;478;591;1389;598;953;1069;622;1206;1401;884;277;302;1283;325;1397;893;273;24;405;279;1297;303;1294;1103;1521;897;1474;601;928;1515;1266;281;1490;1527;284;600;1104;1431;285;899;914;1063;1045;1086;889;1191;418;915;1022;337;1504;460;275;1363,theta_17_10;gamma_11_17;theta_17_15;theta_4_10;theta_17_2;gamma_18_11;theta_17_16;gamma_15_4;beta_7_12;delta_18_17;delta_18_4;gamma_14_13;theta_18_14;alpha_4_3;alpha_11_7;alpha_1_16;gamma_1_7;theta_17_6;beta_18_11;gamma_8_10;gamma_11_18;alpha_17_2;delta_17_16;beta_16_12;theta_18_15;gamma_9_11;theta_11_3;theta_17_14;gamma_10_14;theta_18_4;beta_3_2;beta_9_17;alpha_1_12;beta_17_18;gamma_11_8;alpha_17_1;delta_17_6;delta_18_14;gamma_4_10;theta_2_4;gamma_11_4;alpha_17_10;delta_17_2;delta_2_9;theta_6_16;delta_17_8;gamma_5_7;delta_18_15;gamma_5_3;beta_11_17;gamma_18_9;alpha_17_14;gamma_15_13;theta_18_7;beta_1_12;gamma_18_3;gamma_3_10;delta_17_10;gamma_16_12;gamma_18_15;delta_17_13;theta_18_6;beta_11_18;gamma_13_4;delta_17_14;alpha_17_16;alpha_18_14;beta_9_11;beta_8_10;beta_10_17;alpha_17_6;beta_17_2;theta_7_12;alpha_18_15;beta_7_3;theta_2_16;gamma_17_9;theta_10_2;delta_17_4;gamma_9_4
chb06,chb06_16,80,80,587;656;579;1283;592;1523;1401;593;292;305;1104;478;1457;302;1229;1409;1465;1217;716;583;626;287;1369;330;885;591;1490;598;788;609;1045;1397;1389;1515;325;1103;608;277;928;1276;273;893;1351;1431;578;1022;601;285;1410;1206;1297;1527;1069;303;1063;622;275;1363;977;1474;405;1521;281;899;1184;897;600;1239;1086;284;1406;915;279;1011;1380;988;444;1459;316;889,theta_17_10;alpha_3_12;theta_17_2;gamma_4_10;theta_17_15;gamma_18_11;gamma_11_8;theta_17_16;delta_18_4;delta_18_17;beta_11_18;theta_11_3;gamma_14_13;delta_18_14;gamma_1_7;gamma_11_17;gamma_15_4;beta_18_11;alpha_7_3;theta_17_6;alpha_1_16;delta_17_16;gamma_9_11;theta_2_9;alpha_17_2;theta_17_14;gamma_16_12;theta_18_4;alpha_11_7;theta_18_15;beta_8_10;gamma_11_4;gamma_10_14;gamma_18_3;theta_2_4;beta_11_17;theta_18_14;delta_17_6;beta_1_12;gamma_4_2;delta_17_2;alpha_17_10;gamma_8_10;gamma_13_4;theta_17_1;beta_7_3;theta_18_7;delta_17_14;gamma_11_18;beta_17_18;gamma_5_7;gamma_18_15;beta_9_17;delta_18_15;beta_9_11;alpha_1_12;delta_17_4;gamma_9_4;beta_4_10;gamma_15_13;theta_6_16;gamma_18_9;delta_17_10;alpha_17_16;beta_16_12;alpha_17_14;theta_18_6;gamma_1_17;beta_10_17;delta_17_13;gamma_11_14;alpha_18_15;delta_17_8;beta_6_10;gamma_10_4;beta_5_3;theta_9_3;gamma_14_16;theta_1_12;alpha_17_6
chb06,chb06_17,80,80,587;926;579;305;1523;660;1465;593;1410;609;292;1086;1457;591;622;1217;1229;988;583;444;1184;287;885;608;1369;1351;1397;598;1389;284;953;302;788;24;1409;600;928;884;281;1527;325;1401;303;1045;1521;273;897;1297;1431;626;1474;601;277;1103;1022;285;1515;899;1283;1490;656;1406;893;1173;915;275;1363;1104;1276;1063;914;977;889;1191;724;1069;592;1245;1151;405,theta_17_10;beta_1_10;theta_17_2;delta_18_17;gamma_18_11;alpha_3_16;gamma_15_4;theta_17_16;gamma_11_18;theta_18_15;delta_18_4;beta_10_17;gamma_14_13;theta_17_14;alpha_1_12;beta_18_11;gamma_1_7;beta_5_3;theta_17_6;theta_9_3;beta_16_12;delta_17_16;alpha_17_2;theta_18_14;gamma_9_11;gamma_8_10;gamma_11_4;theta_18_4;gamma_10_14;delta_17_13;beta_3_2;delta_18_14;alpha_11_7;delta_2_9;gamma_11_17;theta_18_6;beta_1_12;alpha_17_1;delta_17_10;gamma_18_15;theta_2_4;gamma_11_8;delta_18_15;beta_8_10;gamma_18_9;delta_17_2;alpha_17_14;gamma_5_7;gamma_13_4;alpha_1_16;gamma_15_13;theta_18_7;delta_17_6;beta_11_17;beta_7_3;delta_17_14;gamma_18_3;alpha_17_16;gamma_4_10;gamma_16_12;alpha_3_12;gamma_11_14;alpha_17_10;beta_16_1;alpha_18_15;delta_17_4;gamma_9_4;beta_11_18;gamma_4_2;beta_9_11;alpha_18_14;beta_4_10;alpha_17_6;beta_17_2;alpha_7_12;beta_9_17;theta_17_15;gamma_2_6;beta_14_13;theta_6_16
chb06,chb06_18,100,100,1217;1397;899;1284;285;305;622;292;1317;1457;579;1103;587;609;1228;1523;1229;788;626;287;988;608;1410;284;1305;885;583;1401;598;330;1063;1529;591;1465;928;1515;1389;1358;593;1233;1045;302;1276;601;1520;1490;1409;478;1245;915;277;325;1363;273;1297;997;578;893;1351;897;1234;787;1352;1474;405;303;1431;1521;1527;279;1069;1022;600;656;1369;914;977;281;1524;1104;1091;1237;1441;1250;1344;592;275;1491;724;1459;1380;1283;298;1406;1239;482;1263;1191;337;1086,beta_18_11;gamma_11_4;alpha_17_16;gamma_4_11;delta_17_14;delta_18_17;alpha_1_12;delta_18_4;gamma_6_10;gamma_14_13;theta_17_2;beta_11_17;theta_17_10;theta_18_15;gamma_1_6;gamma_18_11;gamma_1_7;alpha_11_7;alpha_1_16;delta_17_16;beta_5_3;theta_18_14;gamma_11_18;delta_17_13;gamma_5_15;alpha_17_2;theta_17_6;gamma_11_8;theta_18_4;theta_2_9;beta_9_11;gamma_18_17;theta_17_14;gamma_15_4;beta_1_12;gamma_18_3;gamma_10_14;gamma_8_17;theta_17_16;gamma_1_11;beta_8_10;delta_18_14;gamma_4_2;theta_18_7;gamma_18_8;gamma_16_12;gamma_11_17;theta_11_3;gamma_2_6;alpha_18_15;delta_17_6;theta_2_4;gamma_9_4;delta_17_2;gamma_5_7;beta_5_13;theta_17_1;alpha_17_10;gamma_8_10;alpha_17_14;gamma_1_12;alpha_11_6;gamma_8_11;gamma_15_13;theta_6_16;delta_18_15;gamma_13_4;gamma_18_9;gamma_18_15;delta_17_8;beta_9_17;beta_7_3;theta_18_6;alpha_3_12;gamma_9_11;alpha_18_14;beta_4_10;delta_17_10;gamma_18_12;beta_11_18;beta_11_4;gamma_1_15;gamma_13_15;gamma_2_11;gamma_8_2;theta_17_15;delta_17_4;gamma_16_13;alpha_7_12;gamma_14_16;gamma_10_4;gamma_4_10;delta_18_10;gamma_11_14;gamma_1_17;theta_11_7;gamma_3_7;beta_17_2;theta_2_16;beta_10_17
chb06,chb06_24,80,80,1217;593;1363;865;1011;285;728;885;583;1094;292;104;305;928;609;1457;1523;1229;1358;287;608;1369;1410;587;750;579;631;1401;1334;1103;598;622;591;1389;578;1403;1184;277;1397;932;302;839;1045;1515;953;1234;1086;298;997;284;915;1022;273;899;1408;1317;1521;1145;897;724;1474;893;1069;1465;303;279;626;1028;914;1239;601;1527;325;1179;1297;275;1431;656;281;814,beta_18_11;theta_17_16;gamma_9_4;alpha_15_17;beta_6_10;delta_17_14;alpha_7_16;alpha_17_2;theta_17_6;beta_11_7;delta_18_4;delta_7_3;delta_18_17;beta_1_12;theta_18_15;gamma_14_13;gamma_18_11;gamma_1_7;gamma_8_17;delta_17_16;theta_18_14;gamma_9_11;gamma_11_18;theta_17_10;alpha_9_3;theta_17_2;alpha_2_4;gamma_11_8;gamma_7_10;beta_11_17;theta_18_4;alpha_1_12;theta_17_14;gamma_10_14;theta_17_1;gamma_11_10;beta_16_12;delta_17_6;gamma_11_4;beta_1_16;delta_18_14;alpha_14_7;beta_8_10;gamma_18_3;beta_3_2;gamma_1_12;beta_10_17;delta_18_10;beta_5_13;delta_17_13;alpha_18_15;beta_7_3;delta_17_2;alpha_17_16;gamma_11_16;gamma_6_10;gamma_18_9;beta_14_7;alpha_17_14;alpha_7_12;gamma_15_13;alpha_17_10;beta_9_17;gamma_15_4;delta_18_15;delta_17_8;alpha_1_16;beta_7_10;alpha_18_14;gamma_1_17;theta_18_7;gamma_18_15;theta_2_4;beta_16_7;gamma_5_7;delta_17_4;gamma_13_4;alpha_3_12;delta_17_10;alpha_12_17
chb07,chb07_01,40,40,913;1199;1086;1211;670;888;1240;290;1092;1330;607;893;896;1408;905;1505;930;1422;590;1427;596;1194;994;1487;301;587;1291;1007;1235;1219;1329;1388;284;281;1122;1517;1024;582;1120;1298,alpha_18_13;beta_17_10;beta_10_17;beta_18_5;alpha_4_9;alpha_17_5;gamma_1_18;delta_18_2;beta_11_5;gamma_7_5;theta_18_13;alpha_17_10;alpha_17_13;gamma_11_16;alpha_18_5;gamma_17_10;beta_1_14;gamma_12_13;theta_17_13;gamma_12_18;theta_18_2;beta_17_5;beta_5_10;gamma_16_9;delta_18_13;theta_17_10;gamma_4_18;beta_6_5;gamma_1_13;beta_18_13;gamma_7_4;gamma_10_13;delta_17_13;delta_17_10;beta_13_1;gamma_18_5;beta_7_5;theta_17_5;beta_12_17;gamma_5_8
chb07,chb07_02,40,40,913;1342;1211;1058;893;959;290;888;1171;607;1199;1264;905;896;1313;1505;930;1422;301;1495;1408;1291;1194;596;1219;587;1181;1235;590;1517;1024;1082;582;994;1429;1359;281;1329;1086;277,alpha_18_13;gamma_7_18;beta_18_5;beta_9_5;alpha_17_10;beta_3_9;delta_18_2;alpha_17_5;beta_15_17;theta_18_13;beta_17_10;gamma_3_8;alpha_18_5;alpha_17_13;gamma_6_5;gamma_17_10;beta_1_14;gamma_12_13;delta_18_13;gamma_16_18;gamma_11_16;gamma_4_18;beta_17_5;theta_18_2;beta_18_13;theta_17_10;beta_16_9;gamma_1_13;theta_17_13;gamma_18_5;beta_7_5;beta_10_13;theta_17_5;beta_5_10;gamma_13_2;gamma_8_18;delta_17_10;gamma_7_4;beta_10_17;delta_17_6
chb07,chb07_03,40,40,913;1419;1199;1211;674;1154;290;888;607;1291;1007;893;896;1408;1105;1505;905;1219;1422;590;596;301;994;1194;1058;1427;1024;587;976;1359;930;582;1388;284;1315;1022;1188;1517;1523;1429,alpha_18_13;gamma_12_9;beta_17_10;beta_18_5;alpha_4_13;beta_14_17;delta_18_2;alpha_17_5;theta_18_13;gamma_4_18;beta_6_5;alpha_17_10;alpha_17_13;gamma_11_16;beta_12_1;gamma_17_10;alpha_18_5;beta_18_13;gamma_12_13;theta_17_13;theta_18_2;delta_18_13;beta_5_10;beta_17_5;beta_9_5;gamma_12_18;beta_7_5;theta_17_10;beta_4_9;gamma_8_18;beta_1_14;theta_17_5;gamma_10_13;delta_17_13;gamma_6_8;beta_7_3;beta_16_17;gamma_18_5;gamma_18_11;gamma_13_2
chb07,chb07_04,40,40,913;1218;993;1211;1426;888;1199;1388;290;607;934;1092;893;896;1007;1408;905;1505;930;590;1121;301;1385;1194;596;1291;1330;1219;587;1235;1264;1517;1422;582;1086;284;1428;281;1024;1022,alpha_18_13;beta_18_12;beta_5_9;beta_18_5;gamma_12_17;alpha_17_5;beta_17_10;gamma_10_13;delta_18_2;theta_18_13;beta_1_18;beta_11_5;alpha_17_10;alpha_17_13;beta_6_5;gamma_11_16;alpha_18_5;gamma_17_10;beta_1_14;theta_17_13;beta_12_18;delta_18_13;gamma_10_9;beta_17_5;theta_18_2;gamma_4_18;gamma_7_5;beta_18_13;theta_17_10;gamma_1_13;gamma_3_8;gamma_18_5;gamma_12_13;theta_17_5;beta_10_17;delta_17_13;gamma_13_1;delta_17_10;beta_7_5;beta_7_3
chb07,chb07_05,40,40,913;1291;1031;893;1211;1086;290;896;1082;607;888;994;1199;301;1007;1408;1092;590;905;596;1194;1202;1429;1505;1264;1116;1219;976;284;1427;1022;277;1484;1330;1354;1359;1096;587;1517;930,alpha_18_13;gamma_4_18;beta_7_13;alpha_17_10;beta_18_5;beta_10_17;delta_18_2;alpha_17_13;beta_10_13;theta_18_13;alpha_17_5;beta_5_10;beta_17_10;delta_18_13;beta_6_5;gamma_11_16;beta_11_5;theta_17_13;alpha_18_5;theta_18_2;beta_17_5;beta_17_13;gamma_13_2;gamma_17_10;gamma_3_8;beta_12_13;beta_18_13;beta_4_9;delta_17_13;gamma_12_18;beta_7_3;delta_17_6;gamma_16_6;gamma_7_5;gamma_8_13;gamma_8_18;beta_11_9;theta_17_10;gamma_18_5;beta_1_14
chb07,chb07_06,40,40,913;1199;1427;993;1211;1096;888;1105;290;1291;607;893;896;1408;1120;1505;1007;905;1015;1422;590;1219;596;1194;1264;1235;301;587;1126;1359;1517;1330;1388;582;1340;277;284;1086;1329;1300,alpha_18_13;beta_17_10;gamma_12_18;beta_5_9;beta_18_5;beta_11_9;alpha_17_5;beta_12_1;delta_18_2;gamma_4_18;theta_18_13;alpha_17_10;alpha_17_13;gamma_11_16;beta_12_17;gamma_17_10;beta_6_5;alpha_18_5;beta_6_14;gamma_12_13;theta_17_13;beta_18_13;theta_18_2;beta_17_5;gamma_3_8;gamma_1_13;delta_18_13;theta_17_10;beta_13_5;gamma_8_18;gamma_18_5;gamma_7_5;gamma_10_13;theta_17_5;gamma_7_16;delta_17_6;delta_17_13;beta_10_17;gamma_7_4;gamma_5_10
chb07,chb07_07,40,40,913;1199;1426;1211;619;290;888;1092;1408;607;893;1291;896;1313;1505;905;1422;1354;590;1300;301;1121;596;1194;1079;1264;587;1219;1024;1122;1359;1517;1388;284;1329;582;1235;277;1086;1330,alpha_18_13;beta_17_10;gamma_12_17;beta_18_5;alpha_1_9;delta_18_2;alpha_17_5;beta_11_5;gamma_11_16;theta_18_13;alpha_17_10;gamma_4_18;alpha_17_13;gamma_6_5;gamma_17_10;alpha_18_5;gamma_12_13;gamma_8_13;theta_17_13;gamma_5_10;delta_18_13;beta_12_18;theta_18_2;beta_17_5;beta_10_9;gamma_3_8;theta_17_10;beta_18_13;beta_7_5;beta_13_1;gamma_8_18;gamma_18_5;gamma_10_13;delta_17_13;gamma_7_4;theta_17_5;gamma_1_13;delta_17_6;beta_10_17;gamma_7_5
chb07,chb07_08,40,40,913;1218;1494;1211;649;888;1126;1199;1300;607;1408;290;1291;896;893;1388;997;905;1505;1219;590;1330;301;1194;1121;596;1298;1044;587;1079;1517;1422;930;1359;284;1428;1329;582;1474;1024,alpha_18_13;beta_18_12;gamma_16_17;beta_18_5;alpha_3_5;alpha_17_5;beta_13_5;beta_17_10;gamma_5_10;theta_18_13;gamma_11_16;delta_18_2;gamma_4_18;alpha_17_13;alpha_17_10;gamma_10_13;beta_5_13;alpha_18_5;gamma_17_10;beta_18_13;theta_17_13;gamma_7_5;delta_18_13;beta_17_5;beta_12_18;theta_18_2;gamma_5_8;beta_8_9;theta_17_10;beta_10_9;gamma_18_5;gamma_12_13;beta_1_14;gamma_8_18;delta_17_13;gamma_13_1;gamma_7_4;theta_17_5;gamma_15_13;beta_7_5
chb07,chb07_09,40,40,913;1211;1139;1199;1299;780;888;290;1408;896;893;607;1007;1291;1422;590;1505;905;1235;1079;1427;301;994;1264;1194;596;1330;587;1219;284;1126;1359;1517;930;1474;582;1329;1188;277;1202,alpha_18_13;beta_18_5;beta_14_1;beta_17_10;gamma_5_9;alpha_10_17;alpha_17_5;delta_18_2;gamma_11_16;alpha_17_13;alpha_17_10;theta_18_13;beta_6_5;gamma_4_18;gamma_12_13;theta_17_13;gamma_17_10;alpha_18_5;gamma_1_13;beta_10_9;gamma_12_18;delta_18_13;beta_5_10;gamma_3_8;beta_17_5;theta_18_2;gamma_7_5;theta_17_10;beta_18_13;delta_17_13;beta_13_5;gamma_8_18;gamma_18_5;beta_1_14;gamma_15_13;theta_17_5;gamma_7_4;beta_16_17;delta_17_6;beta_17_13
chb07,chb07_10,40,40,913;1410;1199;1105;1211;959;290;888;607;1154;985;893;1408;896;930;1505;1007;905;1219;1422;590;301;596;1385;1194;1264;1058;587;1235;1359;1330;1517;1329;1429;284;1086;901;1388;582;1523,alpha_18_13;gamma_11_18;beta_17_10;beta_12_1;beta_18_5;beta_3_9;delta_18_2;alpha_17_5;theta_18_13;beta_14_17;beta_4_18;alpha_17_10;gamma_11_16;alpha_17_13;beta_1_14;gamma_17_10;beta_6_5;alpha_18_5;beta_18_13;gamma_12_13;theta_17_13;delta_18_13;theta_18_2;gamma_10_9;beta_17_5;gamma_3_8;beta_9_5;theta_17_10;gamma_1_13;gamma_8_18;gamma_7_5;gamma_18_5;gamma_7_4;gamma_13_2;delta_17_13;beta_10_17;alpha_18_1;gamma_10_13;theta_17_5;gamma_18_11
chb07,chb07_11,40,40,913;1199;1088;395;1211;1410;290;888;607;985;1086;893;980;896;1300;1408;1505;905;1219;1079;596;590;301;1194;1126;993;1422;1517;587;1330;1359;1264;582;1120;1329;284;1235;1388;1523;1291,alpha_18_13;beta_17_10;beta_11_1;theta_6_5;beta_18_5;gamma_11_18;delta_18_2;alpha_17_5;theta_18_13;beta_4_18;beta_10_17;alpha_17_10;beta_4_13;alpha_17_13;gamma_5_10;gamma_11_16;gamma_17_10;alpha_18_5;beta_18_13;beta_10_9;theta_18_2;theta_17_13;delta_18_13;beta_17_5;beta_13_5;beta_5_9;gamma_12_13;gamma_18_5;theta_17_10;gamma_7_5;gamma_8_18;gamma_3_8;theta_17_5;beta_12_17;gamma_7_4;delta_17_13;gamma_1_13;gamma_10_13;gamma_18_11;gamma_4_18
chb07,chb07_12,100,100,913;1436;1211;605;687;888;1087;607;1330;1429;1199;905;1194;301;929;1408;1188;1291;1264;896;820;1422;893;994;1024;1517;1280;1213;590;1329;582;1292;1235;1503;1388;1122;1421;1313;1519;1315;1189;1022;1120;1371;284;1354;1219;601;1126;1359;1402;1007;1505;1474;1349;1298;907;1378;1104;1303;1082;1343;1487;958;1202;972;1086;1386;1058;1252;1197;1427;1263;1065;1011;1281;1328;1499;1428;1523;1244;1245;1446;1286;1168;901;1103;1247;295;985;1121;1041;1116;1337;1420;1092;1342;1348;1258;1500,alpha_18_13;gamma_13_9;beta_18_5;theta_18_11;alpha_5_9;alpha_17_5;beta_10_18;theta_18_13;gamma_7_5;gamma_13_2;beta_17_10;alpha_18_5;beta_17_5;delta_18_13;beta_1_13;gamma_11_16;beta_16_17;gamma_4_18;gamma_3_8;alpha_17_13;alpha_13_5;gamma_12_13;alpha_17_10;beta_5_10;beta_7_5;gamma_18_5;gamma_4_7;beta_18_7;theta_17_13;gamma_7_4;theta_17_5;gamma_5_1;gamma_1_13;gamma_17_8;gamma_10_13;beta_13_1;gamma_12_11;gamma_6_5;gamma_18_7;gamma_6_8;beta_16_18;beta_7_3;beta_12_17;gamma_9_13;delta_17_13;gamma_8_13;beta_18_13;theta_18_7;beta_13_5;gamma_8_18;gamma_11_9;beta_6_5;gamma_17_10;gamma_15_13;gamma_8_7;gamma_5_8;alpha_18_7;gamma_10_2;beta_11_18;gamma_5_13;beta_10_13;gamma_8_1;gamma_16_9;beta_3_8;beta_17_13;beta_4_5;beta_10_17;gamma_10_11;beta_9_5;gamma_2_13;beta_17_8;gamma_12_18;gamma_3_7;beta_9_13;beta_6_10;gamma_4_8;gamma_7_3;gamma_17_4;gamma_13_1;gamma_18_11;gamma_2_5;gamma_2_6;gamma_14_2;gamma_4_13;beta_15_13;alpha_18_1;beta_11_17;gamma_2_8;delta_18_7;beta_4_18;beta_12_18;beta_8_5;beta_12_13;gamma_7_13;gamma_12_10;beta_11_5;gamma_7_18;gamma_8_6;gamma_3_1;gamma_17_5
chb07,chb07_13,100,100,913;1199;807;1211;615;290;1120;888;1291;607;1408;1505;1354;277;596;1082;1219;893;1092;1034;687;301;1194;1330;1171;905;1359;1487;896;1421;1422;583;1024;1235;1103;900;1429;590;1264;1517;1168;582;1022;889;1122;1402;1188;985;1388;1051;587;972;993;1427;1329;1065;1086;1102;1286;1096;1523;1007;1474;1426;284;1342;1348;1126;1116;1303;1004;1154;1340;1217;1313;1053;1370;1419;902;909;1371;976;1409;1252;1278;1069;1428;1528;1185;1213;1181;1328;745;1446;1036;1137;1310;759;1337;938,alpha_18_13;beta_17_10;alpha_12_9;beta_18_5;alpha_1_5;delta_18_2;beta_12_17;alpha_17_5;gamma_4_18;theta_18_13;gamma_11_16;gamma_17_10;gamma_8_13;delta_17_6;theta_18_2;beta_10_13;beta_18_13;alpha_17_10;beta_11_5;beta_7_16;alpha_5_9;delta_18_13;beta_17_5;gamma_7_5;beta_15_17;alpha_18_5;gamma_8_18;gamma_16_9;alpha_17_13;gamma_12_11;gamma_12_13;theta_17_6;beta_7_5;gamma_1_13;beta_11_17;alpha_17_18;gamma_13_2;theta_17_13;gamma_3_8;gamma_18_5;beta_15_13;theta_17_5;beta_7_3;alpha_17_6;beta_13_1;gamma_11_9;beta_16_17;beta_4_18;gamma_10_13;beta_8_16;theta_17_10;beta_4_5;beta_5_9;gamma_12_18;gamma_7_4;beta_9_13;beta_10_17;beta_11_16;gamma_4_13;beta_11_9;gamma_18_11;beta_6_5;gamma_15_13;gamma_12_17;delta_17_13;gamma_7_18;gamma_8_6;beta_13_5;beta_12_13;gamma_5_13;beta_6_2;beta_14_17;gamma_7_16;beta_18_11;gamma_6_5;beta_8_18;gamma_9_12;gamma_12_9;alpha_18_2;alpha_18_9;gamma_9_13;beta_4_9;gamma_11_17;gamma_2_13;gamma_4_5;beta_9_17;gamma_13_1;gamma_18_16;beta_16_13;beta_18_7;beta_16_9;gamma_7_3;alpha_8_16;gamma_14_2;beta_7_18;beta_13_17;gamma_6_2;alpha_9_13;gamma_7_13;beta_2_5
chb07,chb07_14,40,40,913;1428;730;1211;1199;993;290;888;1154;607;1408;893;896;1388;1505;905;1235;1024;590;1300;596;1121;1219;1079;1264;301;1291;587;1194;1126;1330;1517;1422;1421;284;1340;1429;1487;930;281,alpha_18_13;gamma_13_1;alpha_7_18;beta_18_5;beta_17_10;beta_5_9;delta_18_2;alpha_17_5;beta_14_17;theta_18_13;gamma_11_16;alpha_17_10;alpha_17_13;gamma_10_13;gamma_17_10;alpha_18_5;gamma_1_13;beta_7_5;theta_17_13;gamma_5_10;theta_18_2;beta_12_18;beta_18_13;beta_10_9;gamma_3_8;delta_18_13;gamma_4_18;theta_17_10;beta_17_5;beta_13_5;gamma_7_5;gamma_18_5;gamma_12_13;gamma_12_11;delta_17_13;gamma_7_16;gamma_13_2;gamma_16_9;beta_1_14;delta_17_10
chb07,chb07_15,40,40,913;1096;959;1199;1211;1445;888;290;951;893;896;1086;607;1408;1235;1505;1007;905;1422;590;1300;596;1121;587;1194;301;1264;1291;1330;1219;1126;1474;284;930;281;1517;1487;582;1354;1024,alpha_18_13;beta_11_9;beta_3_9;beta_17_10;beta_18_5;gamma_14_1;alpha_17_5;delta_18_2;beta_2_18;alpha_17_10;alpha_17_13;beta_10_17;theta_18_13;gamma_11_16;gamma_1_13;gamma_17_10;beta_6_5;alpha_18_5;gamma_12_13;theta_17_13;gamma_5_10;theta_18_2;beta_12_18;theta_17_10;beta_17_5;delta_18_13;gamma_3_8;gamma_4_18;gamma_7_5;beta_18_13;beta_13_5;gamma_15_13;delta_17_13;beta_1_14;delta_17_10;gamma_18_5;gamma_16_9;theta_17_5;gamma_8_13;beta_7_5
chb07,chb07_16,40,40,913;1096;1199;1044;1211;1426;888;951;290;607;893;1092;1408;896;1505;1300;905;1007;1235;1422;301;1189;590;596;1264;587;1219;1194;1291;1330;1022;1122;1388;1517;1103;277;930;284;1340;1487,alpha_18_13;beta_11_9;beta_17_10;beta_8_9;beta_18_5;gamma_12_17;alpha_17_5;beta_2_18;delta_18_2;theta_18_13;alpha_17_10;beta_11_5;gamma_11_16;alpha_17_13;gamma_17_10;gamma_5_10;alpha_18_5;beta_6_5;gamma_1_13;gamma_12_13;delta_18_13;beta_16_18;theta_17_13;theta_18_2;gamma_3_8;theta_17_10;beta_18_13;beta_17_5;gamma_4_18;gamma_7_5;beta_7_3;beta_13_1;gamma_10_13;gamma_18_5;beta_11_17;delta_17_6;beta_1_14;delta_17_13;gamma_7_16;gamma_16_9
chb07,chb07_17,40,40,1199;913;1122;1211;670;596;1505;1359;888;1120;893;607;290;889;1313;910;902;905;896;1235;1195;1385;1388;301;583;604;1281;1408;1517;587;590;1011;1058;1189;1194;1216;1024;1421;1291;1219,beta_17_10;alpha_18_13;beta_13_1;beta_18_5;alpha_4_9;theta_18_2;gamma_17_10;gamma_8_18;alpha_17_5;beta_12_17;alpha_17_10;theta_18_13;delta_18_2;alpha_17_6;gamma_6_5;alpha_18_10;alpha_18_2;alpha_18_5;alpha_17_13;gamma_1_13;beta_17_6;gamma_10_9;gamma_10_13;delta_18_13;theta_17_6;theta_18_10;gamma_4_8;gamma_11_16;gamma_18_5;theta_17_10;theta_17_13;beta_6_10;beta_9_5;beta_16_18;beta_17_5;beta_18_10;beta_7_5;gamma_12_11;gamma_4_18;beta_18_13
chb07,chb07_18,40,40,913;1199;1257;1054;1211;1313;888;290;1120;607;893;993;1408;896;1495;1505;1219;1385;905;1300;1194;1264;1235;1388;596;590;1517;301;587;1024;1400;1291;1429;1422;1058;1340;284;1086;1354;582,alpha_18_13;beta_17_10;gamma_2_18;beta_9_1;beta_18_5;gamma_6_5;alpha_17_5;delta_18_2;beta_12_17;theta_18_13;alpha_17_10;beta_5_9;gamma_11_16;alpha_17_13;gamma_16_18;gamma_17_10;beta_18_13;gamma_10_9;alpha_18_5;gamma_5_10;beta_17_5;gamma_3_8;gamma_1_13;gamma_10_13;theta_18_2;theta_17_13;gamma_18_5;delta_18_13;theta_17_10;beta_7_5;gamma_11_7;gamma_4_18;gamma_13_2;gamma_12_13;beta_9_5;gamma_7_16;delta_17_13;beta_10_17;gamma_8_13;theta_17_5
chb07,chb07_19,20,20,1199;913;1044;1096;290;1105;1211;896;893;1400;596;281;590;1300;1505;1219;587;1202;277;930,beta_17_10;alpha_18_13;beta_8_9;beta_11_9;delta_18_2;beta_12_1;beta_18_5;alpha_17_13;alpha_17_10;gamma_11_7;theta_18_2;delta_17_10;theta_17_13;gamma_5_10;gamma_17_10;beta_18_13;theta_17_10;beta_17_13;delta_17_6;beta_1_14
chb08,chb08_02,100,100,602;588;1168;586;1400;659;1216;294;1342;896;587;86;1372;908;1517;273;280;1488;1213;296;1346;1217;892;275;1522;78;600;1390;893;814;1521;279;1509;579;1215;748;295;952;910;281;1423;590;1419;1296;1403;1297;1526;1178;604;894;1337;1482;1295;1194;1441;95;1527;909;0;1368;1203;258;1036;1211;1202;1185;903;1528;1513;1424;1510;1454;780;1226;1117;597;1357;1497;1500;1519;35;1389;61;1487;915;973;298;890;1471;1344;1222;1229;898;1474;1373;895;1054;969;603;1209,theta_18_8;theta_17_11;beta_15_13;theta_17_9;gamma_11_7;alpha_3_15;beta_18_10;delta_18_6;gamma_7_18;alpha_17_13;theta_17_10;delta_6_2;gamma_9_14;alpha_18_8;gamma_18_5;delta_17_2;delta_17_9;gamma_16_10;beta_18_7;delta_18_8;gamma_8_4;beta_18_11;alpha_17_9;delta_17_4;gamma_18_10;delta_5_12;theta_18_6;gamma_10_15;alpha_17_10;alpha_12_17;gamma_18_9;delta_17_8;gamma_17_14;theta_17_2;beta_18_9;alpha_9_1;delta_18_7;beta_3_1;alpha_18_10;delta_17_10;gamma_12_14;theta_17_13;gamma_12_9;gamma_5_6;gamma_11_10;gamma_5_7;gamma_18_14;beta_16_6;theta_18_10;alpha_17_11;gamma_7_13;gamma_16_4;gamma_5_4;beta_17_5;gamma_13_15;delta_6_12;gamma_18_15;alpha_18_9;delta_1_2;gamma_9_10;beta_17_14;delta_16_4;beta_7_18;beta_18_5;beta_17_13;beta_16_13;alpha_18_3;gamma_18_16;gamma_18_1;gamma_12_15;gamma_17_15;gamma_14_10;alpha_10_17;gamma_1_4;beta_12_14;theta_18_3;gamma_8_16;gamma_17_2;gamma_17_5;gamma_18_7;delta_3_2;gamma_10_14;delta_4_12;gamma_16_9;alpha_18_15;beta_4_6;delta_18_10;alpha_17_7;gamma_15_10;gamma_8_2;beta_18_16;gamma_1_7;alpha_17_15;gamma_15_13;gamma_9_15;alpha_17_12;beta_9_1;beta_4_1;theta_18_9;beta_18_3
chb08,chb08_03,100,100,586;908;1086;1424;1217;294;0;587;1329;280;602;1400;1213;892;275;1036;1522;896;1517;281;600;579;1484;1216;590;296;1185;1521;894;1297;78;1488;893;1215;279;1346;258;625;1519;910;1509;273;1211;159;295;1527;780;1487;1194;1510;903;1423;598;1200;35;1226;1513;604;1520;1526;748;588;1454;813;1500;915;1482;1441;284;1295;1209;1342;1168;1221;1334;1196;69;597;1417;1202;814;909;95;973;1403;1498;190;890;1246;730;1382;1497;727;1389;898;1198;609;1390;1419;1353,theta_17_9;alpha_18_8;beta_10_17;gamma_12_15;beta_18_11;delta_18_6;delta_1_2;theta_17_10;gamma_7_4;delta_17_9;theta_18_8;gamma_11_7;beta_18_7;alpha_17_9;delta_17_4;beta_7_18;gamma_18_10;alpha_17_13;gamma_18_5;delta_17_10;theta_18_6;theta_17_2;gamma_16_6;beta_18_10;theta_17_13;delta_18_8;beta_16_13;gamma_18_9;alpha_17_11;gamma_5_7;delta_5_12;gamma_16_10;alpha_17_10;beta_18_9;delta_17_8;gamma_8_4;delta_16_4;alpha_1_15;gamma_18_7;alpha_18_10;gamma_17_14;delta_17_2;beta_18_5;delta_10_7;delta_18_7;gamma_18_15;alpha_10_17;gamma_16_9;beta_17_5;gamma_17_15;alpha_18_3;gamma_12_14;theta_18_4;beta_17_11;delta_3_2;gamma_1_4;gamma_18_1;theta_18_10;gamma_18_8;gamma_18_14;alpha_9_1;theta_17_11;gamma_14_10;alpha_12_16;gamma_17_5;alpha_18_15;gamma_16_4;gamma_13_15;delta_17_13;gamma_5_4;beta_18_3;gamma_7_18;beta_15_13;beta_18_15;gamma_7_10;beta_17_7;delta_5_2;theta_18_3;gamma_12_7;beta_17_13;alpha_12_17;alpha_18_9;delta_6_12;beta_4_6;gamma_11_10;gamma_17_3;delta_12_4;alpha_17_7;gamma_2_7;alpha_7_18;gamma_10_6;gamma_17_2;alpha_7_15;gamma_10_14;alpha_17_15;beta_17_9;theta_18_15;gamma_10_15;gamma_12_9;gamma_8_12
chb08,chb08_04,100,100,586;1204;908;1071;1243;294;1216;280;602;1471;587;590;1213;892;275;1036;1517;0;281;1522;1217;579;780;600;296;896;1484;1390;1215;258;1168;1346;893;727;1400;894;279;1521;1297;1519;910;273;78;1500;1509;295;1211;598;1527;1488;1194;35;903;1487;1510;1295;1513;190;604;1520;284;1389;1200;1526;1482;1497;814;915;1185;588;813;1329;1424;730;1209;1403;69;1505;1221;1228;909;597;625;1202;1417;173;1196;95;1229;1498;1226;1353;898;1342;890;1416;96;1441;609;1528,theta_17_9;beta_17_15;alpha_18_8;beta_10_1;gamma_2_4;delta_18_6;beta_18_10;delta_17_9;theta_18_8;gamma_15_10;theta_17_10;theta_17_13;beta_18_7;alpha_17_9;delta_17_4;beta_7_18;gamma_18_5;delta_1_2;delta_17_10;gamma_18_10;beta_18_11;theta_17_2;alpha_10_17;theta_18_6;delta_18_8;alpha_17_13;gamma_16_6;gamma_10_15;beta_18_9;delta_16_4;beta_15_13;gamma_8_4;alpha_17_10;alpha_7_15;gamma_11_7;alpha_17_11;delta_17_8;gamma_18_9;gamma_5_7;gamma_18_7;alpha_18_10;delta_17_2;delta_5_12;gamma_17_5;gamma_17_14;delta_18_7;beta_18_5;theta_18_4;gamma_18_15;gamma_16_10;beta_17_5;delta_3_2;alpha_18_3;gamma_16_9;gamma_17_15;gamma_5_4;gamma_18_1;delta_12_4;theta_18_10;gamma_18_8;delta_17_13;gamma_10_14;beta_17_11;gamma_18_14;gamma_16_4;gamma_17_2;alpha_12_17;alpha_18_15;beta_16_13;theta_17_11;alpha_12_16;gamma_7_4;gamma_12_15;alpha_7_18;beta_18_3;gamma_11_10;delta_5_2;gamma_17_10;beta_18_15;gamma_1_6;alpha_18_9;theta_18_3;alpha_1_15;beta_17_13;gamma_12_7;delta_11_4;beta_17_7;delta_6_12;gamma_1_7;gamma_17_3;gamma_1_4;gamma_8_12;alpha_17_15;gamma_7_18;alpha_17_7;gamma_12_6;delta_6_13;gamma_13_15;theta_18_15;gamma_18_16
chb08,chb08_05,100,100,586;1204;908;854;1400;587;294;590;1213;780;280;1329;1521;602;1217;892;35;1488;273;281;1522;893;1441;1517;275;896;1216;1065;1509;600;1484;818;894;1528;1346;1215;96;579;268;1497;598;659;1036;1500;910;1297;1519;1401;903;814;1194;0;1487;284;588;1471;1527;296;1345;1505;1513;813;1202;915;279;1168;604;78;1203;1510;848;973;1211;1526;1221;1417;1226;1222;1403;120;1511;492;597;1198;1458;1200;1088;609;1423;1209;1185;763;1454;625;898;1498;1295;835;52;890,theta_17_9;beta_17_15;alpha_18_8;alpha_15_5;gamma_11_7;theta_17_10;delta_18_6;theta_17_13;beta_18_7;alpha_10_17;delta_17_9;gamma_7_4;gamma_18_9;theta_18_8;beta_18_11;alpha_17_9;delta_3_2;gamma_16_10;delta_17_2;delta_17_10;gamma_18_10;alpha_17_10;gamma_13_15;gamma_18_5;delta_17_4;alpha_17_13;beta_18_10;beta_9_13;gamma_17_14;theta_18_6;gamma_16_6;alpha_13_3;alpha_17_11;gamma_18_16;gamma_8_4;beta_18_9;delta_6_13;theta_17_2;delta_16_14;gamma_17_2;theta_18_4;alpha_3_15;beta_7_18;gamma_17_5;alpha_18_10;gamma_5_7;gamma_18_7;gamma_11_8;alpha_18_3;alpha_12_17;beta_17_5;delta_1_2;gamma_16_9;delta_17_13;theta_17_11;gamma_15_10;gamma_18_15;delta_18_8;gamma_8_3;gamma_17_10;gamma_18_1;alpha_12_16;beta_17_13;alpha_18_15;delta_17_8;beta_15_13;theta_18_10;delta_5_12;beta_17_14;gamma_17_15;alpha_14_17;beta_4_6;beta_18_5;gamma_18_14;beta_18_15;gamma_12_7;gamma_1_4;beta_18_16;gamma_11_10;delta_8_2;gamma_17_16;theta_11_18;theta_18_3;beta_17_9;gamma_14_15;beta_17_11;beta_11_1;theta_18_15;gamma_12_14;beta_18_3;beta_16_13;alpha_9_17;gamma_14_10;alpha_1_15;alpha_17_15;gamma_17_3;gamma_5_4;alpha_14_3;delta_4_2;alpha_17_7
chb08,chb08_10,100,100,586;1200;908;1170;1329;294;281;35;1522;602;280;780;1517;587;896;1488;892;1213;275;1036;1441;1217;1065;600;296;590;1216;273;1509;1400;1215;893;95;1346;190;1423;1521;1484;1297;894;279;579;910;1419;1513;1526;295;598;625;1527;1424;1194;1203;0;1519;1226;903;748;1497;1401;1211;1168;1510;1403;1528;1500;812;258;730;1279;588;1295;604;1209;1417;915;848;1487;1390;69;909;1229;1202;1221;813;1342;1345;597;1185;1368;898;284;1498;78;1118;156;1389;890;1454;1207,theta_17_9;beta_17_11;alpha_18_8;beta_15_16;gamma_7_4;delta_18_6;delta_17_10;delta_3_2;gamma_18_10;theta_18_8;delta_17_9;alpha_10_17;gamma_18_5;theta_17_10;alpha_17_13;gamma_16_10;alpha_17_9;beta_18_7;delta_17_4;beta_7_18;gamma_13_15;beta_18_11;beta_9_13;theta_18_6;delta_18_8;theta_17_13;beta_18_10;delta_17_2;gamma_17_14;gamma_11_7;beta_18_9;alpha_17_10;delta_6_12;gamma_8_4;delta_12_4;gamma_12_14;gamma_18_9;gamma_16_6;gamma_5_7;alpha_17_11;delta_17_8;theta_17_2;alpha_18_10;gamma_12_9;gamma_18_1;gamma_18_14;delta_18_7;theta_18_4;alpha_1_15;gamma_18_15;gamma_12_15;beta_17_5;beta_17_14;delta_1_2;gamma_18_7;gamma_1_4;alpha_18_3;alpha_9_1;gamma_17_2;gamma_11_8;beta_18_5;beta_15_13;gamma_17_15;gamma_11_10;gamma_18_16;gamma_17_5;alpha_12_15;delta_16_4;alpha_7_18;gamma_4_6;theta_17_11;gamma_5_4;theta_18_10;beta_18_3;gamma_12_7;alpha_18_15;alpha_14_17;gamma_16_9;gamma_10_15;delta_5_2;alpha_18_9;gamma_1_7;beta_17_13;beta_18_15;alpha_12_16;gamma_7_18;gamma_8_3;theta_18_3;beta_16_13;gamma_9_10;alpha_17_15;delta_17_13;gamma_17_3;delta_5_12;beta_12_15;delta_10_4;gamma_10_14;alpha_17_7;gamma_14_10;beta_18_1
chb08,chb08_11,100,100,586;1502;602;1078;1226;294;1216;35;280;896;1517;1036;281;908;1116;1488;892;1217;275;1390;600;1522;587;296;625;1213;590;295;780;1346;894;1297;1215;1419;1519;0;1423;1509;258;1334;1484;910;1194;1497;1441;893;598;1403;1513;1521;1168;52;588;730;1279;1526;299;1345;1500;251;1200;1295;1177;1527;1424;69;727;1368;279;1351;1211;1229;1203;813;903;1202;1487;1510;1185;1196;1518;604;103;1101;915;1329;190;1401;284;1221;797;1113;1209;1471;890;909;78;1373;659;120,theta_17_9;gamma_17_7;theta_18_8;beta_10_8;gamma_1_4;delta_18_6;beta_18_10;delta_3_2;delta_17_9;alpha_17_13;gamma_18_5;beta_7_18;delta_17_10;alpha_18_8;beta_12_13;gamma_16_10;alpha_17_9;beta_18_11;delta_17_4;gamma_10_15;theta_18_6;gamma_18_10;theta_17_10;delta_18_8;alpha_1_15;beta_18_7;theta_17_13;delta_18_7;alpha_10_17;gamma_8_4;alpha_17_11;gamma_5_7;beta_18_9;gamma_12_9;gamma_18_7;delta_1_2;gamma_12_14;gamma_17_14;delta_16_4;gamma_7_10;gamma_16_6;alpha_18_10;beta_17_5;gamma_17_2;gamma_13_15;alpha_17_10;theta_18_4;gamma_11_10;gamma_18_1;gamma_18_9;beta_15_13;delta_4_2;theta_17_11;alpha_7_18;gamma_4_6;gamma_18_14;delta_18_11;gamma_8_3;gamma_17_5;delta_15_14;beta_17_11;gamma_5_4;beta_16_5;gamma_18_15;gamma_12_15;delta_5_2;alpha_7_15;gamma_9_10;delta_17_8;gamma_8_10;beta_18_5;gamma_1_7;beta_17_14;alpha_12_16;alpha_18_3;beta_17_13;gamma_16_9;gamma_17_15;beta_16_13;beta_17_7;gamma_18_6;theta_18_10;delta_7_2;beta_11_15;alpha_18_15;gamma_7_4;delta_12_4;gamma_11_8;delta_17_13;beta_18_15;alpha_11_17;beta_12_9;beta_18_3;gamma_15_10;alpha_17_7;alpha_18_9;delta_5_12;gamma_9_15;alpha_3_15;delta_8_2
chb08,chb08_12,100,100,586;894;908;1185;1023;294;1216;590;280;602;1400;587;780;1213;1441;892;1036;1517;281;275;0;1217;600;1522;896;296;1488;1346;1509;625;273;1215;893;1365;813;1229;1419;295;279;1521;1497;1519;258;579;910;78;1424;1500;1295;1526;1200;1527;1403;903;1297;1482;1194;35;1203;598;1510;1168;1513;814;1226;588;1342;1202;1423;1211;784;1487;915;284;1505;1390;604;1368;1345;1279;909;597;1329;1221;1178;69;1417;1209;748;730;898;190;1498;1458;797;1327;1471;659;609;1514,theta_17_9;alpha_17_11;alpha_18_8;beta_16_13;beta_7_4;delta_18_6;beta_18_10;theta_17_13;delta_17_9;theta_18_8;gamma_11_7;theta_17_10;alpha_10_17;beta_18_7;gamma_13_15;alpha_17_9;beta_7_18;gamma_18_5;delta_17_10;delta_17_4;delta_1_2;beta_18_11;theta_18_6;gamma_18_10;alpha_17_13;delta_18_8;gamma_16_10;gamma_8_4;gamma_17_14;alpha_1_15;delta_17_2;beta_18_9;alpha_17_10;gamma_9_6;alpha_12_16;gamma_1_7;gamma_12_9;delta_18_7;delta_17_8;gamma_18_9;gamma_17_2;gamma_18_7;delta_16_4;theta_17_2;alpha_18_10;delta_5_12;gamma_12_15;gamma_17_5;gamma_5_4;gamma_18_14;beta_17_11;gamma_18_15;gamma_11_10;alpha_18_3;gamma_5_7;gamma_16_4;beta_17_5;delta_3_2;beta_17_14;theta_18_4;gamma_17_15;beta_15_13;gamma_18_1;alpha_12_17;gamma_1_4;theta_17_11;gamma_7_18;beta_17_13;gamma_12_14;beta_18_5;alpha_11_3;gamma_16_9;alpha_18_15;delta_17_13;gamma_17_10;gamma_10_15;theta_18_10;gamma_9_10;gamma_8_3;gamma_4_6;alpha_18_9;theta_18_3;gamma_7_4;beta_18_15;beta_16_6;delta_5_2;gamma_12_7;beta_18_3;alpha_9_1;alpha_7_18;alpha_17_15;delta_12_4;gamma_17_3;gamma_14_15;alpha_11_17;gamma_7_2;gamma_15_10;alpha_3_15;theta_18_15;gamma_18_2
chb08,chb08_13,100,100,586;1498;602;765;1488;1216;280;590;294;1229;1517;281;892;1346;1213;780;273;1484;908;1441;1217;896;159;1522;96;625;587;275;1419;296;1519;1215;1036;813;1417;894;0;600;279;1351;1203;1226;295;598;1521;579;910;1168;1509;1482;1211;1424;154;1297;1510;1520;1513;1202;903;1329;284;1487;1526;1209;659;1505;973;1497;1400;1353;915;1342;1516;1334;1198;1390;1403;1527;1295;588;258;1399;923;893;814;1345;1194;28;1528;1185;1221;1414;1344;604;35;1200;1458;597;1088;642,theta_17_9;gamma_17_3;theta_18_8;alpha_10_1;gamma_16_10;beta_18_10;delta_17_9;theta_17_13;delta_18_6;gamma_1_7;gamma_18_5;delta_17_10;alpha_17_9;gamma_8_4;beta_18_7;alpha_10_17;delta_17_2;gamma_16_6;alpha_18_8;gamma_13_15;beta_18_11;alpha_17_13;delta_10_7;gamma_18_10;delta_6_13;alpha_1_15;theta_17_10;delta_17_4;gamma_12_9;delta_18_8;gamma_18_7;beta_18_9;beta_7_18;alpha_12_16;gamma_12_7;alpha_17_11;delta_1_2;theta_18_6;delta_17_8;gamma_8_10;beta_17_14;gamma_1_4;delta_18_7;theta_18_4;gamma_18_9;theta_17_2;alpha_18_10;beta_15_13;gamma_17_14;gamma_16_4;beta_18_5;gamma_12_15;delta_10_2;gamma_5_7;gamma_17_15;gamma_18_8;gamma_18_1;beta_17_13;alpha_18_3;gamma_7_4;delta_17_13;gamma_16_9;gamma_18_14;beta_18_3;alpha_3_15;gamma_17_10;beta_4_6;gamma_17_2;gamma_11_7;gamma_8_12;alpha_18_15;gamma_7_18;gamma_18_4;gamma_7_10;beta_17_9;gamma_10_15;gamma_11_10;gamma_18_15;gamma_5_4;theta_17_11;delta_16_4;gamma_11_6;beta_1_7;alpha_17_10;alpha_12_17;gamma_8_3;beta_17_5;delta_2_13;gamma_18_16;beta_16_13;beta_18_15;gamma_12_4;gamma_8_2;theta_18_10;delta_3_2;beta_17_11;gamma_14_15;theta_18_3;beta_11_1;alpha_2_15
chb08,chb08_14,100,100,586;1204;908;1329;294;587;1400;590;1036;602;280;1213;1065;1521;281;275;892;0;1522;1441;780;1217;896;600;296;1216;813;1517;273;893;1488;1346;1215;1509;1484;1229;295;279;579;894;1423;78;1487;1194;910;625;748;1202;1519;1513;1279;598;1203;1424;1211;1526;35;190;1510;1297;1403;1200;1168;1226;903;284;814;1497;1527;1505;730;1408;1500;909;1345;588;1390;1295;604;1419;1417;915;69;1185;1342;1528;1209;784;299;1327;1221;1177;1454;1498;1334;597;797;1389;898;95,theta_17_9;beta_17_15;alpha_18_8;gamma_7_4;delta_18_6;theta_17_10;gamma_11_7;theta_17_13;beta_7_18;theta_18_8;delta_17_9;beta_18_7;beta_9_13;gamma_18_9;delta_17_10;delta_17_4;alpha_17_9;delta_1_2;gamma_18_10;gamma_13_15;alpha_10_17;beta_18_11;alpha_17_13;theta_18_6;delta_18_8;beta_18_10;alpha_12_16;gamma_18_5;delta_17_2;alpha_17_10;gamma_16_10;gamma_8_4;beta_18_9;gamma_17_14;gamma_16_6;gamma_1_7;delta_18_7;delta_17_8;theta_17_2;alpha_17_11;gamma_12_14;delta_5_12;gamma_16_9;beta_17_5;alpha_18_10;alpha_1_15;alpha_9_1;beta_17_13;gamma_18_7;gamma_18_1;gamma_4_6;theta_18_4;beta_17_14;gamma_12_15;beta_18_5;gamma_18_14;delta_3_2;delta_12_4;gamma_17_15;gamma_5_7;gamma_11_10;beta_17_11;beta_15_13;gamma_1_4;alpha_18_3;delta_17_13;alpha_12_17;gamma_17_2;gamma_18_15;gamma_17_10;alpha_7_18;gamma_11_16;gamma_17_5;alpha_18_9;gamma_8_3;theta_17_11;gamma_10_15;gamma_5_4;theta_18_10;gamma_12_9;gamma_12_7;alpha_18_15;delta_5_2;beta_16_13;gamma_7_18;gamma_18_16;beta_18_3;alpha_11_3;delta_18_11;gamma_7_2;beta_18_15;beta_16_5;gamma_14_10;gamma_17_3;gamma_7_10;theta_18_3;alpha_11_17;gamma_10_14;alpha_17_15;delta_6_12
chb08,chb08_15,100,100,586;1424;908;1217;1329;294;590;587;602;280;1400;1065;1522;275;1036;892;1213;0;281;763;1517;896;600;1403;1216;296;1484;579;1521;893;1346;295;279;1229;659;1215;1203;78;894;258;273;1487;1423;1526;159;910;598;1509;1519;96;1194;1295;1488;1390;1200;1168;1513;284;780;299;1482;35;1297;1497;1211;1510;730;1226;903;813;1202;1417;1527;1441;588;1419;585;1500;1185;909;190;604;1368;1342;1209;69;625;1528;1345;915;797;973;95;1389;898;1177;1498;1334;1221;1454,theta_17_9;gamma_12_15;alpha_18_8;beta_18_11;gamma_7_4;delta_18_6;theta_17_13;theta_17_10;theta_18_8;delta_17_9;gamma_11_7;beta_9_13;gamma_18_10;delta_17_4;beta_7_18;alpha_17_9;beta_18_7;delta_1_2;delta_17_10;alpha_9_17;gamma_18_5;alpha_17_13;theta_18_6;gamma_11_10;beta_18_10;delta_18_8;gamma_16_6;theta_17_2;gamma_18_9;alpha_17_10;gamma_8_4;delta_18_7;delta_17_8;gamma_1_7;alpha_3_15;beta_18_9;beta_17_14;delta_5_12;alpha_17_11;delta_16_4;delta_17_2;gamma_16_9;gamma_12_14;gamma_18_14;delta_10_7;alpha_18_10;theta_18_4;gamma_17_14;gamma_18_7;delta_6_13;beta_17_5;gamma_5_4;gamma_16_10;gamma_10_15;beta_17_11;beta_15_13;gamma_18_1;delta_17_13;alpha_10_17;delta_18_11;gamma_16_4;delta_3_2;gamma_5_7;gamma_17_2;beta_18_5;gamma_17_15;alpha_7_18;gamma_1_4;alpha_18_3;alpha_12_16;beta_17_13;gamma_12_7;gamma_18_15;gamma_13_15;theta_17_11;gamma_12_9;theta_17_8;gamma_17_5;beta_16_13;alpha_18_9;delta_12_4;theta_18_10;gamma_9_10;gamma_7_18;beta_18_3;delta_5_2;alpha_1_15;gamma_18_16;gamma_8_3;alpha_18_15;alpha_11_17;beta_4_6;delta_6_12;gamma_10_14;alpha_17_15;beta_16_5;gamma_17_3;gamma_7_10;beta_18_15;gamma_14_10
chb08,chb08_16,100,100,586;894;1165;602;896;294;281;1216;280;780;1346;275;587;1521;892;1400;908;1213;1151;0;1217;1229;590;296;1036;1522;600;1484;295;273;1441;1517;893;813;78;1215;279;1509;1295;579;1482;299;1419;173;1519;1488;1194;1423;910;659;1279;96;598;1211;1203;35;1345;748;1526;1297;1527;797;1200;1329;1513;1424;1403;284;1168;190;1510;903;1528;1417;730;1202;604;1226;1500;69;1497;588;1487;1209;1416;909;814;1454;61;1390;1342;258;1221;1357;1198;1185;1505;915;1389;1207,theta_17_9;alpha_17_11;beta_15_10;theta_18_8;alpha_17_13;delta_18_6;delta_17_10;beta_18_10;delta_17_9;alpha_10_17;gamma_8_4;delta_17_4;theta_17_10;gamma_18_9;alpha_17_9;gamma_11_7;alpha_18_8;beta_18_7;beta_14_13;delta_1_2;beta_18_11;gamma_1_7;theta_17_13;delta_18_8;beta_7_18;gamma_18_10;theta_18_6;gamma_16_6;delta_18_7;delta_17_2;gamma_13_15;gamma_18_5;alpha_17_10;alpha_12_16;delta_5_12;beta_18_9;delta_17_8;gamma_17_14;gamma_5_4;theta_17_2;gamma_16_4;delta_18_11;gamma_12_9;delta_11_4;gamma_18_7;gamma_16_10;beta_17_5;gamma_12_14;alpha_18_10;alpha_3_15;gamma_4_6;delta_6_13;theta_18_4;beta_18_5;beta_17_14;delta_3_2;gamma_8_3;alpha_9_1;gamma_18_14;gamma_5_7;gamma_18_15;alpha_11_17;beta_17_11;gamma_7_4;gamma_18_1;gamma_12_15;gamma_11_10;delta_17_13;beta_15_13;delta_12_4;gamma_17_15;alpha_18_3;gamma_18_16;gamma_12_7;alpha_7_18;beta_17_13;theta_18_10;gamma_1_4;gamma_17_5;delta_5_2;gamma_17_2;theta_17_11;gamma_16_9;beta_18_3;gamma_12_6;alpha_18_9;alpha_12_17;gamma_14_10;delta_4_12;gamma_10_15;gamma_7_18;delta_16_4;beta_18_15;gamma_8_16;beta_17_9;beta_16_13;gamma_17_10;alpha_18_15;gamma_10_14;beta_18_1
chb08,chb08_17,100,100,586;1509;602;1036;1216;294;587;1135;280;780;1346;1213;590;892;275;281;1517;908;1400;0;1217;1168;600;1522;296;1484;893;1229;896;295;625;1521;1488;273;813;279;1215;1423;1226;894;579;78;1513;1419;910;1441;299;1519;1295;598;1211;1482;1297;258;1497;35;1194;1526;1200;1185;1424;1403;142;1527;730;1528;1500;1329;763;1203;1510;1279;284;903;1345;1401;604;1342;1487;1417;588;727;69;1390;1520;1207;1054;1334;1498;1065;909;1454;190;1209;1202;1389;1353;915;95;1416,theta_17_9;gamma_17_14;theta_18_8;beta_7_18;beta_18_10;delta_18_6;theta_17_10;beta_13_15;delta_17_9;alpha_10_17;gamma_8_4;beta_18_7;theta_17_13;alpha_17_9;delta_17_4;delta_17_10;gamma_18_5;alpha_18_8;gamma_11_7;delta_1_2;beta_18_11;beta_15_13;theta_18_6;gamma_18_10;delta_18_8;gamma_16_6;alpha_17_10;gamma_1_7;alpha_17_13;delta_18_7;alpha_1_15;gamma_18_9;gamma_16_10;delta_17_2;alpha_12_16;delta_17_8;beta_18_9;gamma_12_14;gamma_1_4;alpha_17_11;theta_17_2;delta_5_12;gamma_18_1;gamma_12_9;alpha_18_10;gamma_13_15;delta_18_11;gamma_18_7;gamma_5_4;theta_18_4;beta_18_5;gamma_16_4;gamma_5_7;delta_16_4;gamma_17_2;delta_3_2;beta_17_5;gamma_18_14;beta_17_11;beta_16_13;gamma_12_15;gamma_11_10;delta_9_7;gamma_18_15;alpha_7_18;gamma_18_16;gamma_17_5;gamma_7_4;alpha_9_17;beta_17_14;gamma_17_15;gamma_4_6;delta_17_13;alpha_18_3;gamma_8_3;gamma_11_8;theta_18_10;gamma_7_18;gamma_16_9;gamma_12_7;theta_17_11;alpha_7_15;delta_5_2;gamma_10_15;gamma_18_8;beta_18_1;beta_9_1;gamma_7_10;gamma_17_3;beta_9_13;alpha_18_9;gamma_14_10;delta_12_4;beta_18_3;beta_17_13;gamma_10_14;gamma_8_12;alpha_18_15;delta_6_12;gamma_12_6
chb08,chb08_18,100,100,586;588;602;1457;1400;294;1329;587;280;1036;1213;590;892;1390;908;1522;275;281;780;1517;35;1217;1488;273;896;296;1216;600;1484;1521;893;813;295;1229;1346;78;579;1215;190;1509;279;625;1519;1423;1487;894;862;1194;910;1279;598;1497;299;1441;1297;1403;0;1513;1526;159;1226;748;1527;1211;814;1203;1342;156;1528;1500;1168;1200;1401;1510;1295;1424;903;1368;284;95;604;1419;52;1202;730;909;1209;1505;973;1185;915;1520;173;1345;848;1373;1198;1221;1471;1416,theta_17_9;theta_17_11;theta_18_8;gamma_14_13;gamma_11_7;delta_18_6;gamma_7_4;theta_17_10;delta_17_9;beta_7_18;beta_18_7;theta_17_13;alpha_17_9;gamma_10_15;alpha_18_8;gamma_18_10;delta_17_4;delta_17_10;alpha_10_17;gamma_18_5;delta_3_2;beta_18_11;gamma_16_10;delta_17_2;alpha_17_13;delta_18_8;beta_18_10;theta_18_6;gamma_16_6;gamma_18_9;alpha_17_10;alpha_12_16;delta_18_7;gamma_1_7;gamma_8_4;delta_5_12;theta_17_2;beta_18_9;delta_12_4;gamma_17_14;delta_17_8;alpha_1_15;gamma_18_7;gamma_12_14;gamma_16_9;alpha_17_11;alpha_15_13;beta_17_5;alpha_18_10;gamma_4_6;theta_18_4;gamma_17_2;delta_18_11;gamma_13_15;gamma_5_7;gamma_11_10;delta_1_2;gamma_18_1;gamma_18_14;delta_10_7;gamma_1_4;alpha_9_1;gamma_18_15;beta_18_5;alpha_12_17;beta_17_14;gamma_7_18;delta_10_4;gamma_18_16;gamma_17_5;beta_15_13;beta_17_11;gamma_11_8;gamma_17_15;gamma_5_4;gamma_12_15;alpha_18_3;gamma_9_10;delta_17_13;delta_6_12;theta_18_10;gamma_12_9;delta_4_2;beta_17_13;alpha_7_18;alpha_18_9;beta_18_3;gamma_17_10;beta_4_6;beta_16_13;alpha_18_15;gamma_18_8;delta_11_4;gamma_8_3;alpha_14_17;gamma_9_15;beta_17_9;beta_18_15;gamma_15_10;gamma_12_6
chb08,chb08_19,100,100,586;910;1226;602;1383;294;896;587;280;1517;831;275;892;1441;1213;0;281;1036;908;1403;1522;1116;1217;600;590;273;296;893;1346;1521;1484;295;1216;1297;1509;279;1215;813;1423;579;894;1419;659;598;1194;1279;1519;173;299;1488;1526;1513;35;1424;1295;1203;1211;780;78;1527;1200;1400;1198;1168;730;1497;748;1345;1510;1528;903;1390;1202;1329;1500;604;1487;1229;588;69;1368;284;1505;1209;1482;156;915;1389;1185;1221;848;1228;1342;1520;1373;1207;1334;898;1454;1416,theta_17_9;alpha_18_10;gamma_1_4;theta_18_8;gamma_10_7;delta_18_6;alpha_17_13;theta_17_10;delta_17_9;gamma_18_5;alpha_13_17;delta_17_4;alpha_17_9;gamma_13_15;beta_18_7;delta_1_2;delta_17_10;beta_7_18;alpha_18_8;gamma_11_10;gamma_18_10;beta_12_13;beta_18_11;theta_18_6;theta_17_13;delta_17_2;delta_18_8;alpha_17_10;gamma_8_4;gamma_18_9;gamma_16_6;delta_18_7;beta_18_10;gamma_5_7;gamma_17_14;delta_17_8;beta_18_9;alpha_12_16;gamma_12_14;theta_17_2;alpha_17_11;gamma_12_9;alpha_3_15;theta_18_4;beta_17_5;gamma_4_6;gamma_18_7;delta_11_4;delta_18_11;gamma_16_10;gamma_18_14;gamma_18_1;delta_3_2;gamma_12_15;gamma_5_4;beta_17_14;beta_18_5;alpha_10_17;delta_5_12;gamma_18_15;beta_17_11;gamma_11_7;beta_17_9;beta_15_13;alpha_7_18;gamma_17_2;alpha_9_1;gamma_8_3;gamma_17_15;gamma_18_16;alpha_18_3;gamma_10_15;beta_17_13;gamma_7_4;gamma_17_5;theta_18_10;gamma_16_9;gamma_1_7;theta_17_11;delta_5_2;gamma_9_10;delta_17_13;gamma_17_10;beta_18_3;gamma_16_4;delta_10_4;alpha_18_15;gamma_10_14;beta_16_13;beta_18_15;alpha_14_17;gamma_1_6;gamma_7_18;gamma_18_8;gamma_9_15;beta_18_1;gamma_7_10;alpha_17_15;gamma_14_10;gamma_12_6
chb08,chb08_20,100,100,586;1204;908;1329;759;294;587;280;602;1216;896;1417;780;1213;275;892;1403;281;1521;1036;1441;1217;0;590;1522;296;600;1517;1297;273;893;1346;258;1215;1484;295;78;279;1509;579;894;625;813;1519;1419;910;1423;1194;1279;598;1526;1488;1513;1168;1295;1527;35;1400;1211;1345;814;1497;1202;1200;1424;903;1528;1482;1229;299;284;1510;604;1226;173;1203;1500;1177;588;1487;69;1209;1185;909;1401;142;1390;915;1342;1368;848;1221;95;1498;1389;597;1382;973;190;1246,theta_17_9;beta_17_15;alpha_18_8;gamma_7_4;alpha_9_13;delta_18_6;theta_17_10;delta_17_9;theta_18_8;beta_18_10;alpha_17_13;gamma_12_7;alpha_10_17;beta_18_7;delta_17_4;alpha_17_9;gamma_11_10;delta_17_10;gamma_18_9;beta_7_18;gamma_13_15;beta_18_11;delta_1_2;theta_17_13;gamma_18_10;delta_18_8;theta_18_6;gamma_18_5;gamma_5_7;delta_17_2;alpha_17_10;gamma_8_4;delta_16_4;beta_18_9;gamma_16_6;delta_18_7;delta_5_12;delta_17_8;gamma_17_14;theta_17_2;alpha_17_11;alpha_1_15;alpha_12_16;gamma_18_7;gamma_12_9;alpha_18_10;gamma_12_14;beta_17_5;gamma_4_6;theta_18_4;gamma_18_14;gamma_16_10;gamma_18_1;beta_15_13;gamma_5_4;gamma_18_15;delta_3_2;gamma_11_7;beta_18_5;gamma_8_3;alpha_12_17;gamma_17_2;beta_17_13;beta_17_11;gamma_12_15;alpha_18_3;gamma_18_16;gamma_16_4;gamma_1_7;delta_18_11;delta_17_13;gamma_17_15;theta_18_10;gamma_1_4;delta_11_4;beta_17_14;gamma_17_5;beta_16_5;theta_17_11;gamma_16_9;delta_5_2;beta_18_3;beta_16_13;alpha_18_9;gamma_11_8;delta_9_7;gamma_10_15;alpha_18_15;gamma_7_18;gamma_9_10;alpha_14_17;beta_18_15;delta_6_12;gamma_17_3;gamma_10_14;theta_18_3;gamma_10_6;beta_4_6;delta_12_4;gamma_2_7
chb08,chb08_21,100,100,586;1505;602;335;275;1217;280;294;281;1170;1346;892;1213;896;587;296;579;1036;1522;600;780;590;1484;1517;908;279;1200;1400;258;1512;1216;1521;1226;893;1424;295;273;1279;1215;1506;598;1229;1526;0;1194;1168;1519;581;894;156;1295;1527;1202;910;1487;299;1336;290;1509;730;748;1211;173;1329;1102;1502;1523;903;1382;284;1417;1500;1441;814;1297;1513;1342;585;1403;190;1221;1203;78;588;1423;1510;1023;1520;1209;885;1198;224;888;1408;915;1243;1365;597;1094;1228,theta_17_9;gamma_17_10;theta_18_8;theta_2_14;delta_17_4;beta_18_11;delta_17_9;delta_18_6;delta_17_10;beta_15_16;gamma_8_4;alpha_17_9;beta_18_7;alpha_17_13;theta_17_10;delta_18_8;theta_17_2;beta_7_18;gamma_18_10;theta_18_6;alpha_10_17;theta_17_13;gamma_16_6;gamma_18_5;alpha_18_8;delta_17_8;beta_17_11;gamma_11_7;delta_16_4;gamma_17_18;beta_18_10;gamma_18_9;gamma_1_4;alpha_17_10;gamma_12_15;delta_18_7;delta_17_2;gamma_4_6;beta_18_9;gamma_17_11;theta_18_4;gamma_1_7;gamma_18_14;delta_1_2;beta_17_5;beta_15_13;gamma_18_7;theta_17_4;alpha_17_11;delta_10_4;gamma_5_4;gamma_18_15;beta_17_13;alpha_18_10;gamma_16_9;delta_18_11;gamma_7_12;delta_18_2;gamma_17_14;alpha_7_18;alpha_9_1;beta_18_5;delta_11_4;gamma_7_4;beta_11_16;gamma_17_7;gamma_18_11;alpha_18_3;gamma_10_6;delta_17_13;gamma_12_7;gamma_17_5;gamma_13_15;alpha_12_17;gamma_5_7;gamma_18_1;gamma_7_18;theta_17_8;gamma_11_10;delta_12_4;beta_18_15;beta_17_14;delta_5_12;theta_17_11;gamma_12_14;gamma_17_15;beta_7_4;gamma_18_8;beta_18_3;alpha_17_2;beta_17_9;delta_14_4;alpha_17_5;gamma_11_16;alpha_18_15;gamma_2_4;gamma_9_6;theta_18_3;beta_11_7;gamma_1_6
chb08,chb08_22,100,100,586;588;1329;602;1168;294;587;35;280;1521;1382;590;1216;275;281;908;1390;892;1213;1036;1488;1217;780;896;600;296;1522;273;813;893;1517;1346;1215;1400;279;1297;1509;78;295;579;894;625;1194;0;1423;258;910;1419;1519;1203;598;1226;1211;1441;1526;1482;1513;1403;1185;1510;284;1200;848;730;52;1497;1500;1295;299;1424;1527;1528;903;190;1484;909;1229;1417;1202;1454;604;1487;69;1345;1209;748;915;1342;1228;1514;1334;1065;898;814;142;1498;1068;95;1373;1221,theta_17_9;theta_17_11;gamma_7_4;theta_18_8;beta_15_13;delta_18_6;theta_17_10;delta_3_2;delta_17_9;gamma_18_9;gamma_10_6;theta_17_13;beta_18_10;delta_17_4;delta_17_10;alpha_18_8;gamma_10_15;alpha_17_9;beta_18_7;beta_7_18;gamma_16_10;beta_18_11;alpha_10_17;alpha_17_13;theta_18_6;delta_18_8;gamma_18_10;delta_17_2;alpha_12_16;alpha_17_10;gamma_18_5;gamma_8_4;beta_18_9;gamma_11_7;delta_17_8;gamma_5_7;gamma_17_14;delta_5_12;delta_18_7;theta_17_2;alpha_17_11;alpha_1_15;beta_17_5;delta_1_2;gamma_12_14;delta_16_4;alpha_18_10;gamma_12_9;gamma_18_7;beta_17_14;theta_18_4;gamma_1_4;beta_18_5;gamma_13_15;gamma_18_14;gamma_16_4;gamma_18_1;gamma_11_10;beta_16_13;gamma_17_15;delta_17_13;beta_17_11;alpha_14_17;alpha_7_18;delta_4_2;gamma_17_2;gamma_17_5;gamma_5_4;delta_18_11;gamma_12_15;gamma_18_15;gamma_18_16;alpha_18_3;delta_12_4;gamma_16_6;alpha_18_9;gamma_1_7;gamma_12_7;beta_17_13;gamma_14_10;theta_18_10;gamma_16_9;delta_5_2;gamma_8_3;beta_18_3;alpha_9_1;alpha_18_15;gamma_7_18;gamma_1_6;gamma_18_2;gamma_7_10;beta_9_13;alpha_17_15;alpha_12_17;delta_9_7;gamma_17_3;beta_9_16;delta_6_12;gamma_9_15;beta_18_15
chb08,chb08_23,100,100,586;894;1400;602;1329;294;587;0;275;280;896;1216;1373;908;1521;281;892;1213;78;814;1217;1116;590;296;600;258;1522;893;1484;273;1517;279;1488;1346;1036;1215;1229;295;625;1423;579;1509;49;1487;1519;96;598;1194;1526;35;159;910;173;1424;1211;1295;1102;1203;95;299;1200;284;154;1527;1368;1297;1513;1168;156;903;52;780;1441;1202;1510;1497;1342;1528;588;1226;909;1482;61;1403;1209;748;1419;1417;190;1500;604;1279;69;1505;1390;727;1450;915;1345;585,theta_17_9;alpha_17_11;gamma_11_7;theta_18_8;gamma_7_4;delta_18_6;theta_17_10;delta_1_2;delta_17_4;delta_17_9;alpha_17_13;beta_18_10;gamma_9_15;alpha_18_8;gamma_18_9;delta_17_10;alpha_17_9;beta_18_7;delta_5_12;alpha_12_17;beta_18_11;beta_12_13;theta_17_13;delta_18_8;theta_18_6;delta_16_4;gamma_18_10;alpha_17_10;gamma_16_6;delta_17_2;gamma_18_5;delta_17_8;gamma_16_10;gamma_8_4;beta_7_18;beta_18_9;gamma_1_7;delta_18_7;alpha_1_15;gamma_12_14;theta_17_2;gamma_17_14;delta_3_17;gamma_16_9;gamma_18_7;delta_6_13;theta_18_4;beta_17_5;gamma_18_14;delta_3_2;delta_10_7;alpha_18_10;delta_11_4;gamma_12_15;beta_18_5;gamma_5_4;beta_11_16;beta_17_14;delta_6_12;delta_18_11;beta_17_11;delta_17_13;delta_10_2;gamma_18_15;gamma_9_10;gamma_5_7;gamma_18_1;beta_15_13;delta_10_4;alpha_18_3;delta_4_2;alpha_10_17;gamma_13_15;beta_17_13;gamma_17_15;gamma_17_2;gamma_7_18;gamma_18_16;theta_17_11;gamma_1_4;alpha_18_9;gamma_16_4;delta_4_12;gamma_11_10;beta_18_3;alpha_9_1;gamma_12_9;gamma_12_7;delta_12_4;gamma_17_5;theta_18_10;gamma_4_6;delta_5_2;gamma_17_10;gamma_10_15;alpha_7_15;gamma_14_6;alpha_18_15;gamma_8_3;theta_17_8
chb08,chb08_24,100,100,586;894;908;1185;0;294;281;1346;602;1216;280;814;896;1400;1213;892;275;587;1517;1036;1522;1488;1217;590;296;1441;600;1509;273;1215;893;1229;1484;1423;1521;279;190;1295;295;910;579;1419;1526;1519;1194;35;1203;1513;598;1510;1200;78;1527;1202;780;903;1168;1226;1403;1424;1211;1297;1497;588;813;915;69;604;1482;1500;159;1342;1329;1209;1454;1221;284;1487;1505;909;173;1458;597;973;898;1528;52;730;1345;1065;625;609;1401;1368;797;890;1390;748;1207;1389,theta_17_9;alpha_17_11;alpha_18_8;beta_16_13;delta_1_2;delta_18_6;delta_17_10;gamma_8_4;theta_18_8;beta_18_10;delta_17_9;alpha_12_17;alpha_17_13;gamma_11_7;beta_18_7;alpha_17_9;delta_17_4;theta_17_10;gamma_18_5;beta_7_18;gamma_18_10;gamma_16_10;beta_18_11;theta_17_13;delta_18_8;gamma_13_15;theta_18_6;gamma_17_14;delta_17_2;beta_18_9;alpha_17_10;gamma_1_7;gamma_16_6;gamma_12_14;gamma_18_9;delta_17_8;delta_12_4;gamma_5_4;delta_18_7;alpha_18_10;theta_17_2;gamma_12_9;gamma_18_14;gamma_18_7;beta_17_5;delta_3_2;beta_17_14;gamma_18_1;theta_18_4;gamma_17_15;beta_17_11;delta_5_12;gamma_18_15;beta_17_13;alpha_10_17;alpha_18_3;beta_15_13;gamma_1_4;gamma_11_10;gamma_12_15;beta_18_5;gamma_5_7;gamma_17_2;theta_17_11;alpha_12_16;alpha_18_15;delta_5_2;theta_18_10;gamma_16_4;gamma_17_5;delta_10_7;gamma_7_18;gamma_7_4;beta_18_3;gamma_14_10;beta_18_15;delta_17_13;gamma_16_9;gamma_17_10;alpha_18_9;delta_11_4;gamma_14_15;theta_18_3;beta_4_6;alpha_17_15;gamma_18_16;delta_4_2;alpha_7_18;gamma_8_3;beta_9_13;alpha_1_15;theta_18_15;gamma_11_8;gamma_9_10;alpha_11_17;alpha_17_7;gamma_10_15;alpha_9_1;beta_18_1;gamma_10_14
chb08,chb08_29,100,100,586;1204;908;1243;294;281;602;280;780;1216;896;1400;1521;587;275;1213;1441;892;1217;0;600;1168;296;1522;590;1036;1517;1488;273;893;1423;1346;894;279;1215;1229;1509;1484;579;910;78;1487;1519;295;1526;1513;190;1527;1211;1203;1424;903;1297;598;1031;1200;1403;1194;1528;1510;35;625;1279;1202;604;763;588;1295;915;1185;1419;1209;284;813;730;1497;1221;1345;1500;1390;1505;1368;597;1329;909;1417;95;898;1482;1406;890;69;1498;797;1222;1226;609;1454;1198;173,theta_17_9;beta_17_15;alpha_18_8;gamma_2_4;delta_18_6;delta_17_10;theta_18_8;delta_17_9;alpha_10_17;beta_18_10;alpha_17_13;gamma_11_7;gamma_18_9;theta_17_10;delta_17_4;beta_18_7;gamma_13_15;alpha_17_9;beta_18_11;delta_1_2;theta_18_6;beta_15_13;delta_18_8;gamma_18_10;theta_17_13;beta_7_18;gamma_18_5;gamma_16_10;delta_17_2;alpha_17_10;gamma_12_14;gamma_8_4;alpha_17_11;delta_17_8;beta_18_9;gamma_1_7;gamma_17_14;gamma_16_6;theta_17_2;alpha_18_10;delta_5_12;gamma_16_9;gamma_18_7;delta_18_7;gamma_18_14;gamma_18_1;delta_12_4;gamma_18_15;beta_18_5;beta_17_14;gamma_12_15;alpha_18_3;gamma_5_7;theta_18_4;beta_7_13;beta_17_11;gamma_11_10;beta_17_5;gamma_18_16;gamma_17_15;delta_3_2;alpha_1_15;gamma_4_6;beta_17_13;theta_18_10;alpha_9_17;theta_17_11;gamma_5_4;alpha_18_15;beta_16_13;gamma_12_9;beta_18_3;delta_17_13;alpha_12_16;alpha_7_18;gamma_17_2;beta_18_15;gamma_8_3;gamma_17_5;gamma_10_15;gamma_17_10;gamma_9_10;theta_18_3;gamma_7_4;alpha_18_9;gamma_12_7;delta_6_12;alpha_17_15;gamma_16_4;gamma_11_14;alpha_17_7;delta_5_2;gamma_17_3;alpha_11_17;beta_18_16;gamma_1_4;theta_18_15;gamma_14_10;beta_17_9;delta_11_4
chb09,chb09_01,100,100,284;1529;987;277;305;590;608;896;1198;611;1408;1297;1522;1202;1222;1489;592;1473;600;280;1104;636;1369;583;1223;1504;1404;1446;1229;1518;1004;914;1410;298;1183;917;1528;1298;1501;1370;1395;1280;698;1401;1402;1063;294;591;1021;1386;991;892;1266;1361;594;798;281;1347;906;1472;1419;285;715;1095;1447;606;1421;1310;1314;1378;670;586;1102;969;1093;1455;994;1441;923;1327;897;1429;1387;604;286;1080;970;1397;912;1115;1340;1392;1480;1470;1166;918;974;960;1463;1487,delta_17_13;gamma_18_17;beta_5_2;delta_17_6;delta_18_17;theta_17_13;theta_18_14;alpha_17_13;beta_17_9;theta_18_17;gamma_11_16;gamma_5_7;gamma_18_10;beta_17_13;beta_18_16;gamma_16_11;theta_17_15;gamma_15_12;theta_18_6;delta_17_9;beta_11_18;alpha_2_9;gamma_9_11;theta_17_6;beta_18_17;gamma_17_9;gamma_11_12;gamma_14_2;gamma_1_7;gamma_18_6;beta_6_2;alpha_18_14;gamma_11_18;delta_18_10;beta_16_11;alpha_18_17;gamma_18_16;gamma_5_8;gamma_17_6;gamma_9_12;gamma_11_2;gamma_4_7;alpha_6_2;gamma_11_8;gamma_11_9;beta_9_11;delta_18_6;theta_17_14;beta_7_2;gamma_10_11;beta_5_7;alpha_17_9;gamma_3_10;gamma_9_2;theta_17_18;alpha_11_18;delta_17_10;gamma_8_5;alpha_18_6;gamma_15_11;gamma_12_9;delta_17_14;alpha_7_2;beta_11_8;gamma_14_3;theta_18_12;gamma_12_11;gamma_6_2;gamma_6_7;gamma_10_2;alpha_4_9;theta_17_9;beta_11_16;beta_4_1;beta_11_6;gamma_14_11;beta_5_10;gamma_13_15;beta_1_7;gamma_7_2;alpha_17_14;gamma_13_2;gamma_10_12;theta_18_10;delta_17_15;beta_10_11;beta_4_2;gamma_11_4;alpha_18_12;beta_12_11;gamma_7_16;gamma_10_17;gamma_16_2;gamma_15_9;beta_15_11;beta_1_2;beta_4_7;beta_3_10;gamma_15_2;gamma_16_9
chb09,chb09_02,100,100,284;1529;1022;277;305;590;896;608;611;1408;1198;1297;1522;1489;1528;1202;1038;592;1473;600;1223;1410;280;619;1369;583;1395;1404;1518;1229;1004;1183;914;1504;917;1104;1446;1298;1222;1501;1402;1063;698;298;1370;1401;1340;294;1386;1280;1021;1361;281;991;591;1472;606;594;1419;1429;1347;1310;1421;906;798;670;715;892;1455;1102;1378;285;1266;1441;969;1447;1314;970;1093;1080;912;1392;586;1480;1487;1387;1327;1115;923;1095;1428;918;1166;1470;897;636;1491;1463;1397;292,delta_17_13;gamma_18_17;beta_7_3;delta_17_6;delta_18_17;theta_17_13;alpha_17_13;theta_18_14;theta_18_17;gamma_11_16;beta_17_9;gamma_5_7;gamma_18_10;gamma_16_11;gamma_18_16;beta_17_13;beta_8_2;theta_17_15;gamma_15_12;theta_18_6;beta_18_17;gamma_11_18;delta_17_9;alpha_1_9;gamma_9_11;theta_17_6;gamma_11_2;gamma_11_12;gamma_18_6;gamma_1_7;beta_6_2;beta_16_11;alpha_18_14;gamma_17_9;alpha_18_17;beta_11_18;gamma_14_2;gamma_5_8;beta_18_16;gamma_17_6;gamma_11_9;beta_9_11;alpha_6_2;delta_18_10;gamma_9_12;gamma_11_8;gamma_7_16;delta_18_6;gamma_10_11;gamma_4_7;beta_7_2;gamma_9_2;delta_17_10;beta_5_7;theta_17_14;gamma_15_11;theta_18_12;theta_17_18;gamma_12_9;gamma_13_2;gamma_8_5;gamma_6_2;gamma_12_11;alpha_18_6;alpha_11_18;alpha_4_9;alpha_7_2;alpha_17_9;gamma_14_11;beta_11_16;gamma_10_2;delta_17_14;gamma_3_10;gamma_13_15;beta_4_1;gamma_14_3;gamma_6_7;beta_4_2;beta_11_6;beta_10_11;alpha_18_12;gamma_10_17;theta_17_9;gamma_16_2;gamma_16_9;gamma_10_12;gamma_7_2;beta_12_11;beta_1_7;beta_11_8;gamma_13_1;beta_1_2;beta_15_11;gamma_15_9;alpha_17_14;alpha_2_9;gamma_16_13;gamma_15_2;gamma_11_4;delta_18_4
chb09,chb09_03,100,100,284;1529;953;277;305;590;592;896;1198;611;1297;1408;608;1202;1522;1473;1528;1489;600;280;1104;583;619;1223;1404;1369;1446;1504;1004;1229;1518;1410;917;914;1183;1298;1395;1401;1222;1501;1402;969;1370;294;1021;1063;1280;281;591;594;1386;606;1361;698;298;991;960;906;1347;1419;1472;1093;1429;1310;897;636;1491;1102;892;715;1455;1095;912;1314;1378;1421;970;285;1387;586;1080;994;798;923;1428;1340;286;1470;1441;918;1480;1115;1392;670;1447;1327;1076;1166;900;1487,delta_17_13;gamma_18_17;beta_3_2;delta_17_6;delta_18_17;theta_17_13;theta_17_15;alpha_17_13;beta_17_9;theta_18_17;gamma_5_7;gamma_11_16;theta_18_14;beta_17_13;gamma_18_10;gamma_15_12;gamma_18_16;gamma_16_11;theta_18_6;delta_17_9;beta_11_18;theta_17_6;alpha_1_9;beta_18_17;gamma_11_12;gamma_9_11;gamma_14_2;gamma_17_9;beta_6_2;gamma_1_7;gamma_18_6;gamma_11_18;alpha_18_17;alpha_18_14;beta_16_11;gamma_5_8;gamma_11_2;gamma_11_8;beta_18_16;gamma_17_6;gamma_11_9;beta_4_1;gamma_9_12;delta_18_6;beta_7_2;beta_9_11;gamma_4_7;delta_17_10;theta_17_14;theta_17_18;gamma_10_11;theta_18_12;gamma_9_2;alpha_6_2;delta_18_10;beta_5_7;beta_3_10;alpha_18_6;gamma_8_5;gamma_12_9;gamma_15_11;beta_11_6;gamma_13_2;gamma_6_2;alpha_17_14;alpha_2_9;gamma_16_13;beta_11_16;alpha_17_9;alpha_7_2;gamma_14_11;beta_11_8;alpha_18_12;gamma_6_7;gamma_10_2;gamma_12_11;beta_4_2;delta_17_14;gamma_10_12;theta_17_9;beta_10_11;beta_5_10;alpha_11_18;beta_1_7;gamma_13_1;gamma_7_16;delta_17_15;gamma_15_9;gamma_13_15;beta_1_2;gamma_16_2;beta_12_11;gamma_10_17;alpha_4_9;gamma_14_3;gamma_7_2;beta_10_6;beta_15_11;alpha_17_18;gamma_16_9
chb09,chb09_04,100,100,284;611;918;592;277;1529;590;305;896;1297;1198;608;1408;1528;1522;1202;1489;600;917;1404;280;1004;1518;1369;1104;583;1223;1229;1395;619;1402;914;1410;1504;1370;1183;1021;594;298;1222;1446;1386;991;1501;1473;281;1401;294;969;591;1298;1063;698;1280;1361;1310;906;1419;1472;606;994;897;715;1429;892;1340;1421;286;1347;1455;970;1314;1093;1378;900;285;586;1327;721;1080;912;1095;923;798;1487;1480;1102;1115;953;1011;1387;1441;1491;292;293;1470;1412;1397;1166;1275,delta_17_13;theta_18_17;beta_1_2;theta_17_15;delta_17_6;gamma_18_17;theta_17_13;delta_18_17;alpha_17_13;gamma_5_7;beta_17_9;theta_18_14;gamma_11_16;gamma_18_16;gamma_18_10;beta_17_13;gamma_16_11;theta_18_6;alpha_18_17;gamma_11_12;delta_17_9;beta_6_2;gamma_18_6;gamma_9_11;beta_11_18;theta_17_6;beta_18_17;gamma_1_7;gamma_11_2;alpha_1_9;gamma_11_9;alpha_18_14;gamma_11_18;gamma_17_9;gamma_9_12;beta_16_11;beta_7_2;theta_17_18;delta_18_10;beta_18_16;gamma_14_2;gamma_10_11;beta_5_7;gamma_17_6;gamma_15_12;delta_17_10;gamma_11_8;delta_18_6;beta_4_1;theta_17_14;gamma_5_8;beta_9_11;alpha_6_2;gamma_4_7;gamma_9_2;gamma_6_2;alpha_18_6;gamma_12_9;gamma_15_11;theta_18_12;beta_5_10;alpha_17_14;alpha_7_2;gamma_13_2;alpha_17_9;gamma_7_16;gamma_12_11;delta_17_15;gamma_8_5;gamma_14_11;beta_4_2;gamma_6_7;beta_11_6;gamma_10_2;alpha_17_18;delta_17_14;theta_17_9;gamma_7_2;alpha_7_9;beta_10_11;alpha_18_12;beta_11_8;beta_1_7;alpha_11_18;gamma_16_9;gamma_16_2;beta_11_16;beta_12_11;beta_3_2;beta_6_10;gamma_10_12;gamma_13_15;gamma_16_13;delta_18_4;delta_18_5;gamma_15_9;gamma_12_2;gamma_11_4;beta_15_11;gamma_4_1
chb09,chb09_05,100,100,284;611;277;1529;590;608;1408;305;896;918;1198;1489;1202;1297;1222;1522;1473;600;280;1223;592;1369;583;1404;1410;1518;1395;1004;1229;1504;914;917;1528;1183;619;298;1298;1021;1401;594;1386;1104;1446;1402;1501;1280;1370;294;591;969;1063;1334;991;698;1361;1347;906;281;1421;1310;1102;1419;1095;1472;894;1429;1441;892;970;897;1455;276;1314;636;1428;1336;715;285;900;1392;586;1500;1327;923;1378;1080;994;798;293;1387;1447;1115;952;1093;606;1470;953;604;1480;286,delta_17_13;theta_18_17;delta_17_6;gamma_18_17;theta_17_13;theta_18_14;gamma_11_16;delta_18_17;alpha_17_13;beta_1_2;beta_17_9;gamma_16_11;beta_17_13;gamma_5_7;beta_18_16;gamma_18_10;gamma_15_12;theta_18_6;delta_17_9;beta_18_17;theta_17_15;gamma_9_11;theta_17_6;gamma_11_12;gamma_11_18;gamma_18_6;gamma_11_2;beta_6_2;gamma_1_7;gamma_17_9;alpha_18_14;alpha_18_17;gamma_18_16;beta_16_11;alpha_1_9;delta_18_10;gamma_5_8;beta_7_2;gamma_11_8;theta_17_18;gamma_10_11;beta_11_18;gamma_14_2;gamma_11_9;gamma_17_6;gamma_4_7;gamma_9_12;delta_18_6;theta_17_14;beta_4_1;beta_9_11;gamma_7_10;beta_5_7;alpha_6_2;gamma_9_2;gamma_8_5;alpha_18_6;delta_17_10;gamma_12_11;gamma_6_2;beta_11_16;gamma_12_9;beta_11_8;gamma_15_11;alpha_17_11;gamma_13_2;gamma_13_15;alpha_17_9;beta_4_2;alpha_17_14;gamma_14_11;delta_17_5;gamma_6_7;alpha_2_9;gamma_13_1;gamma_7_12;alpha_7_2;delta_17_14;alpha_17_18;gamma_10_17;theta_17_9;gamma_17_5;gamma_7_2;beta_1_7;gamma_10_2;beta_10_11;beta_5_10;alpha_11_18;delta_18_5;gamma_10_12;gamma_14_3;beta_12_11;beta_3_1;beta_11_6;theta_18_12;gamma_15_9;beta_3_2;theta_18_10;gamma_16_2;delta_17_15
chb09,chb09_06,100,100,284;1529;1434;277;305;590;953;1198;896;611;592;1489;1404;280;1044;1297;914;1202;292;1408;583;1335;1223;1369;1504;698;1528;1400;1410;600;1446;1473;1401;969;1004;1501;1229;281;712;1522;1370;1386;906;798;1392;1395;1298;1094;917;608;1021;586;1183;1222;1447;591;619;1089;715;1095;1104;1472;598;1402;1347;1500;1029;892;1310;1485;294;1421;1140;991;970;285;1063;1518;1387;1451;952;1361;1419;942;301;664;1455;1280;1111;1098;1430;1327;1055;695;929;1275;1428;918;897;1179,delta_17_13;gamma_18_17;gamma_13_7;delta_17_6;delta_18_17;theta_17_13;beta_3_2;beta_17_9;alpha_17_13;theta_18_17;theta_17_15;gamma_16_11;gamma_11_12;delta_17_9;beta_8_9;gamma_5_7;alpha_18_14;beta_17_13;delta_18_4;gamma_11_16;theta_17_6;gamma_7_11;beta_18_17;gamma_9_11;gamma_17_9;alpha_6_2;gamma_18_16;gamma_11_7;gamma_11_18;theta_18_6;gamma_14_2;gamma_15_12;gamma_11_8;beta_4_1;beta_6_2;gamma_17_6;gamma_1_7;delta_17_10;alpha_6_17;gamma_18_10;gamma_9_12;gamma_10_11;alpha_18_6;alpha_11_18;gamma_10_17;gamma_11_2;gamma_5_8;beta_11_7;alpha_18_17;theta_18_14;beta_7_2;theta_17_9;beta_16_11;beta_18_16;gamma_14_3;theta_17_14;alpha_1_9;beta_11_2;alpha_7_2;beta_11_8;beta_11_18;gamma_15_11;theta_18_4;gamma_11_9;gamma_8_5;gamma_17_5;beta_7_11;alpha_17_9;gamma_6_2;gamma_16_7;delta_18_6;gamma_12_11;beta_14_2;beta_5_7;beta_4_2;delta_17_14;beta_9_11;gamma_18_6;gamma_10_12;gamma_14_7;beta_3_1;gamma_9_2;gamma_12_9;beta_2_9;delta_18_13;alpha_4_2;gamma_14_11;gamma_4_7;beta_12_7;beta_11_12;gamma_13_3;gamma_7_2;beta_9_2;alpha_5_17;beta_1_13;gamma_4_1;gamma_13_1;beta_1_2;alpha_17_14;beta_16_7
chb09,chb09_07,100,100,284;1229;305;892;277;1529;590;896;611;608;1408;1522;1021;1489;1202;592;1222;1198;1473;1223;1297;600;798;1369;583;1404;280;1410;636;1518;1446;914;1004;917;1504;1183;1528;1298;1402;1395;281;1501;1370;1386;698;1280;1104;298;1063;594;294;1401;591;1310;991;1472;1419;1361;715;606;1421;1347;960;1441;970;906;1455;1429;670;1314;897;969;1102;1327;586;1115;1387;1447;285;1487;1340;912;923;918;1080;1378;900;1095;1392;1166;1470;994;1480;953;1505;929;292;1407;1491;1093,delta_17_13;gamma_1_7;delta_18_17;alpha_17_9;delta_17_6;gamma_18_17;theta_17_13;alpha_17_13;theta_18_17;theta_18_14;gamma_11_16;gamma_18_10;beta_7_2;gamma_16_11;beta_17_13;theta_17_15;beta_18_16;beta_17_9;gamma_15_12;beta_18_17;gamma_5_7;theta_18_6;alpha_11_18;gamma_9_11;theta_17_6;gamma_11_12;delta_17_9;gamma_11_18;alpha_2_9;gamma_18_6;gamma_14_2;alpha_18_14;beta_6_2;alpha_18_17;gamma_17_9;beta_16_11;gamma_18_16;gamma_5_8;gamma_11_9;gamma_11_2;delta_17_10;gamma_17_6;gamma_9_12;gamma_10_11;alpha_6_2;gamma_4_7;beta_11_18;delta_18_10;beta_9_11;theta_17_18;delta_18_6;gamma_11_8;theta_17_14;gamma_6_2;beta_5_7;gamma_15_11;gamma_12_9;gamma_9_2;alpha_7_2;theta_18_12;gamma_12_11;gamma_8_5;beta_3_10;gamma_13_15;beta_4_2;alpha_18_6;gamma_14_11;gamma_13_2;alpha_4_9;gamma_6_7;alpha_17_14;beta_4_1;beta_11_16;gamma_7_2;theta_17_9;beta_12_11;gamma_10_12;gamma_14_3;delta_17_14;gamma_16_9;gamma_7_16;alpha_18_12;beta_1_7;beta_1_2;beta_10_11;gamma_10_2;alpha_17_18;beta_11_8;gamma_10_17;beta_15_11;gamma_15_9;beta_5_10;gamma_16_2;beta_3_2;gamma_17_10;beta_1_13;delta_18_4;gamma_11_15;gamma_16_13;beta_11_6
chb09,chb09_08,40,40,284;600;1138;305;1229;590;1522;277;1529;896;611;608;1408;1198;1266;1202;1297;592;1489;1222;900;906;1021;298;991;313;1369;914;280;1404;1518;1491;1280;1402;1428;594;1504;1183;1410;1030,delta_17_13;theta_18_6;beta_13_18;delta_18_17;gamma_1_7;theta_17_13;gamma_18_10;delta_17_6;gamma_18_17;alpha_17_13;theta_18_17;theta_18_14;gamma_11_16;beta_17_9;gamma_3_10;beta_17_13;gamma_5_7;theta_17_15;gamma_16_11;beta_18_16;alpha_17_18;alpha_18_6;beta_7_2;delta_18_10;beta_5_7;theta_1_9;gamma_9_11;alpha_18_14;delta_17_9;gamma_11_12;gamma_18_6;gamma_16_13;gamma_4_7;gamma_11_9;gamma_13_1;theta_17_18;gamma_17_9;beta_16_11;gamma_11_18;beta_7_12
chb09,chb09_09,100,100,284;1529;1044;277;305;590;608;896;1198;1297;611;1408;1522;1021;1202;1489;280;1528;1404;600;1410;1223;1369;583;592;1504;1446;1229;1004;1518;1370;914;1183;917;1104;594;1401;281;1395;1298;1501;698;1386;1473;991;1222;298;1402;1063;1361;591;294;715;1472;1280;1310;586;606;1421;1266;1429;969;1095;1419;1102;970;906;1314;897;1455;892;798;670;1347;1378;900;1327;1093;285;1115;1447;1387;912;923;918;1080;1480;293;1397;292;994;1328;1441;1428;1166;953;1470;1442;1463;1392,delta_17_13;gamma_18_17;beta_8_9;delta_17_6;delta_18_17;theta_17_13;theta_18_14;alpha_17_13;beta_17_9;gamma_5_7;theta_18_17;gamma_11_16;gamma_18_10;beta_7_2;beta_17_13;gamma_16_11;delta_17_9;gamma_18_16;gamma_11_12;theta_18_6;gamma_11_18;beta_18_17;gamma_9_11;theta_17_6;theta_17_15;gamma_17_9;gamma_14_2;gamma_1_7;beta_6_2;gamma_18_6;gamma_9_12;alpha_18_14;beta_16_11;alpha_18_17;beta_11_18;theta_17_18;gamma_11_8;delta_17_10;gamma_11_2;gamma_5_8;gamma_17_6;alpha_6_2;gamma_10_11;gamma_15_12;beta_5_7;beta_18_16;delta_18_10;gamma_11_9;beta_9_11;gamma_9_2;theta_17_14;delta_18_6;alpha_7_2;gamma_15_11;gamma_4_7;gamma_6_2;theta_17_9;theta_18_12;gamma_12_11;gamma_3_10;gamma_13_2;beta_4_1;beta_11_8;gamma_12_9;beta_11_16;beta_4_2;alpha_18_6;gamma_6_7;alpha_17_14;gamma_14_11;alpha_17_9;alpha_11_18;alpha_4_9;gamma_8_5;gamma_10_2;alpha_17_18;gamma_7_2;beta_11_6;delta_17_14;beta_12_11;gamma_14_3;gamma_10_12;alpha_18_12;beta_1_7;beta_1_2;beta_10_11;gamma_16_2;delta_18_5;gamma_11_4;delta_18_4;beta_5_10;gamma_7_3;gamma_13_15;gamma_13_1;beta_15_11;beta_3_2;gamma_15_9;gamma_13_16;gamma_15_2;gamma_10_17
chb09,chb09_10,100,100,284;1229;305;277;1529;590;896;611;1198;953;608;1408;1522;1202;1489;1222;280;600;592;1404;1104;583;636;1369;1223;1297;1504;1361;1518;1004;1473;1410;914;281;917;1395;1183;1528;1501;1298;294;1021;1401;298;1402;594;1472;1280;1446;1370;591;586;1386;698;906;606;1063;1340;991;1429;1310;1347;1421;892;670;1419;897;969;1378;1093;970;994;1455;286;1095;1314;1480;912;1387;715;900;1392;285;1115;1447;1487;918;1102;798;923;1463;292;1080;1327;619;1076;1470;1412;604;1328,delta_17_13;gamma_1_7;delta_18_17;delta_17_6;gamma_18_17;theta_17_13;alpha_17_13;theta_18_17;beta_17_9;beta_3_2;theta_18_14;gamma_11_16;gamma_18_10;beta_17_13;gamma_16_11;beta_18_16;delta_17_9;theta_18_6;theta_17_15;gamma_11_12;beta_11_18;theta_17_6;alpha_2_9;gamma_9_11;beta_18_17;gamma_5_7;gamma_17_9;gamma_9_2;gamma_18_6;beta_6_2;gamma_15_12;gamma_11_18;alpha_18_14;delta_17_10;alpha_18_17;gamma_11_2;beta_16_11;gamma_18_16;gamma_17_6;gamma_5_8;delta_18_6;beta_7_2;gamma_11_8;delta_18_10;gamma_11_9;theta_17_18;gamma_15_11;gamma_4_7;gamma_14_2;gamma_9_12;theta_17_14;theta_17_9;gamma_10_11;alpha_6_2;alpha_18_6;theta_18_12;beta_9_11;gamma_7_16;beta_5_7;gamma_13_2;gamma_6_2;gamma_8_5;gamma_12_11;alpha_17_9;alpha_4_9;gamma_12_9;alpha_17_14;beta_4_1;gamma_10_2;beta_11_6;beta_4_2;beta_5_10;gamma_14_11;delta_17_15;beta_11_8;gamma_6_7;gamma_16_2;alpha_18_12;gamma_10_12;alpha_7_2;alpha_17_18;gamma_10_17;delta_17_14;beta_12_11;gamma_14_3;gamma_16_9;beta_1_2;beta_11_16;alpha_11_18;beta_1_7;gamma_15_2;delta_18_4;beta_10_11;gamma_7_2;alpha_1_9;beta_10_6;gamma_15_9;gamma_12_2;theta_18_10;gamma_7_3
chb09,chb09_11,100,100,284;1347;305;277;590;1529;896;1401;671;1202;611;1198;272;608;1501;623;1489;698;1522;1528;1500;1408;280;1297;1504;583;1369;592;1361;1404;1410;914;1223;1183;1004;1518;1508;298;636;1229;276;1104;722;1446;600;917;596;1063;663;1222;578;725;1473;1194;1021;1386;594;281;1402;1395;1298;591;991;1421;294;715;688;1370;317;1140;1336;586;1472;798;1280;1080;1419;897;1310;1429;902;705;1093;900;1115;691;891;970;892;1455;969;1089;906;606;1447;1166;739;1480;918;385,delta_17_13;gamma_8_5;delta_18_17;delta_17_6;theta_17_13;gamma_18_17;alpha_17_13;gamma_11_8;alpha_4_10;beta_17_13;theta_18_17;beta_17_9;delta_17_1;theta_18_14;gamma_17_6;alpha_1_13;gamma_16_11;alpha_6_2;gamma_18_10;gamma_18_16;gamma_17_5;gamma_11_16;delta_17_9;gamma_5_7;gamma_17_9;theta_17_6;gamma_9_11;theta_17_15;gamma_9_2;gamma_11_12;gamma_11_18;alpha_18_14;beta_18_17;beta_16_11;beta_6_2;gamma_18_6;gamma_17_13;delta_18_10;alpha_2_9;gamma_1_7;delta_17_5;beta_11_18;alpha_7_10;gamma_14_2;theta_18_6;alpha_18_17;theta_18_2;beta_9_11;alpha_4_1;beta_18_16;theta_17_1;alpha_7_13;gamma_15_12;beta_17_5;beta_7_2;gamma_10_11;theta_17_18;delta_17_10;gamma_11_9;gamma_11_2;gamma_5_8;theta_17_14;beta_5_7;gamma_12_11;delta_18_6;alpha_7_2;alpha_5_10;gamma_9_12;theta_1_13;beta_14_2;gamma_7_12;theta_17_9;gamma_15_11;alpha_11_18;gamma_4_7;beta_10_11;gamma_12_9;alpha_17_14;gamma_6_2;gamma_13_2;alpha_18_2;alpha_6_10;beta_11_6;alpha_17_18;beta_12_11;alpha_5_13;alpha_17_8;beta_4_2;alpha_17_9;gamma_14_11;beta_4_1;beta_11_2;alpha_18_6;theta_18_12;gamma_14_3;beta_15_11;alpha_8_10;gamma_16_2;beta_1_2;theta_5_13
chb09,chb09_12,100,100,284;953;305;1198;277;590;1529;896;1229;611;1408;608;1202;1522;1489;1222;1404;1504;1104;600;592;1369;583;1297;1223;1395;280;619;1410;1518;1004;914;1473;298;1183;594;1446;1298;1528;1280;1501;294;917;1063;1021;1370;281;1401;1402;1386;1340;1361;1347;698;1441;1472;591;1314;1266;1093;1419;1429;1102;1421;906;715;991;892;1310;798;1095;1455;900;1428;969;1336;586;1378;1080;606;897;970;1387;1349;1491;1115;670;1487;1480;604;1059;1328;1500;918;923;1392;1166;1407;1397;1327,delta_17_13;beta_3_2;delta_18_17;beta_17_9;delta_17_6;theta_17_13;gamma_18_17;alpha_17_13;gamma_1_7;theta_18_17;gamma_11_16;theta_18_14;beta_17_13;gamma_18_10;gamma_16_11;beta_18_16;gamma_11_12;gamma_17_9;beta_11_18;theta_18_6;theta_17_15;gamma_9_11;theta_17_6;gamma_5_7;beta_18_17;gamma_11_2;delta_17_9;alpha_1_9;gamma_11_18;gamma_18_6;beta_6_2;alpha_18_14;gamma_15_12;delta_18_10;beta_16_11;theta_17_18;gamma_14_2;gamma_5_8;gamma_18_16;gamma_4_7;gamma_17_6;delta_18_6;alpha_18_17;beta_9_11;beta_7_2;gamma_9_12;delta_17_10;gamma_11_8;gamma_11_9;gamma_10_11;gamma_7_16;gamma_9_2;gamma_8_5;alpha_6_2;gamma_13_15;gamma_15_11;theta_17_14;gamma_6_7;gamma_3_10;beta_11_6;gamma_12_9;gamma_13_2;beta_11_16;gamma_12_11;alpha_18_6;alpha_7_2;beta_5_7;alpha_17_9;gamma_6_2;alpha_11_18;beta_11_8;gamma_14_11;alpha_17_18;gamma_13_1;beta_4_1;gamma_7_12;theta_17_9;gamma_10_2;beta_10_11;theta_18_12;alpha_17_14;beta_4_2;gamma_10_12;gamma_8_7;gamma_16_13;beta_12_11;alpha_4_9;gamma_16_9;gamma_16_2;theta_18_10;beta_9_6;gamma_7_3;gamma_17_5;beta_1_2;beta_1_7;gamma_10_17;beta_15_11;gamma_11_15;gamma_11_4;gamma_7_2
chb09,chb09_13,100,100,284;1529;914;277;305;590;1229;896;1198;611;1408;721;1489;1522;1202;1038;600;280;1473;1222;1297;798;1369;583;1223;1504;1404;592;1410;1518;1446;1298;1004;298;1183;594;608;294;1528;1402;1401;969;1063;917;1395;1021;1501;1370;281;1280;1104;1386;1347;591;991;1429;906;1419;698;1472;1266;606;900;1093;1421;1310;897;1340;586;1447;1314;1361;1455;715;1102;1392;1387;1428;892;1327;1080;923;1397;1470;1441;670;1480;1115;970;285;1328;912;604;1059;994;1166;1342;1349;1378;1487,delta_17_13;gamma_18_17;alpha_18_14;delta_17_6;delta_18_17;theta_17_13;gamma_1_7;alpha_17_13;beta_17_9;theta_18_17;gamma_11_16;alpha_7_9;gamma_16_11;gamma_18_10;beta_17_13;beta_8_2;theta_18_6;delta_17_9;gamma_15_12;beta_18_16;gamma_5_7;alpha_11_18;gamma_9_11;theta_17_6;beta_18_17;gamma_17_9;gamma_11_12;theta_17_15;gamma_11_18;gamma_18_6;gamma_14_2;gamma_5_8;beta_6_2;delta_18_10;beta_16_11;theta_17_18;theta_18_14;delta_18_6;gamma_18_16;gamma_11_9;gamma_11_8;beta_4_1;beta_9_11;alpha_18_17;gamma_11_2;beta_7_2;gamma_17_6;gamma_9_12;delta_17_10;gamma_4_7;beta_11_18;gamma_10_11;gamma_8_5;theta_17_14;beta_5_7;gamma_13_2;alpha_18_6;gamma_12_9;alpha_6_2;gamma_15_11;gamma_3_10;theta_18_12;alpha_17_18;beta_11_6;gamma_12_11;gamma_6_2;alpha_17_14;gamma_7_16;theta_17_9;gamma_14_3;gamma_6_7;gamma_9_2;gamma_14_11;alpha_7_2;beta_11_16;gamma_10_17;gamma_10_12;gamma_13_1;alpha_17_9;gamma_7_2;beta_10_11;beta_1_7;gamma_11_4;gamma_15_9;gamma_13_15;alpha_4_9;gamma_16_2;beta_12_11;beta_4_2;delta_17_14;gamma_7_3;alpha_18_12;theta_18_10;beta_9_6;beta_5_10;beta_15_11;gamma_7_18;gamma_8_7;gamma_10_2;gamma_16_9
chb09,chb09_14,100,100,284;1529;942;277;305;590;608;1297;611;896;1198;1408;1021;1522;1489;1202;600;1473;1528;280;592;1104;1223;583;1369;1404;1504;1229;1446;914;1004;1518;1298;917;298;1410;1183;294;594;281;1395;1402;1280;715;1501;1370;1063;1222;1401;1347;591;1386;991;1429;698;1419;1472;969;1310;1361;906;721;897;1421;900;1441;1491;1314;1266;586;970;606;1455;1387;1378;1102;798;1392;923;1447;1327;1095;1115;1470;1428;892;918;285;1480;898;1080;1340;619;912;1487;994;1349;1093;953;1166,delta_17_13;gamma_18_17;beta_2_9;delta_17_6;delta_18_17;theta_17_13;theta_18_14;gamma_5_7;theta_18_17;alpha_17_13;beta_17_9;gamma_11_16;beta_7_2;gamma_18_10;gamma_16_11;beta_17_13;theta_18_6;gamma_15_12;gamma_18_16;delta_17_9;theta_17_15;beta_11_18;beta_18_17;theta_17_6;gamma_9_11;gamma_11_12;gamma_17_9;gamma_1_7;gamma_14_2;alpha_18_14;beta_6_2;gamma_18_6;gamma_5_8;alpha_18_17;delta_18_10;gamma_11_18;beta_16_11;delta_18_6;theta_17_18;delta_17_10;gamma_11_2;gamma_11_9;gamma_4_7;alpha_7_2;gamma_17_6;gamma_9_12;beta_9_11;beta_18_16;gamma_11_8;gamma_8_5;theta_17_14;gamma_10_11;beta_5_7;gamma_13_2;alpha_6_2;gamma_12_9;gamma_15_11;beta_4_1;gamma_6_2;gamma_9_2;alpha_18_6;alpha_7_9;alpha_17_14;gamma_12_11;alpha_17_18;gamma_13_15;gamma_16_13;gamma_6_7;gamma_3_10;theta_17_9;beta_4_2;theta_18_12;gamma_14_11;gamma_10_12;gamma_10_2;beta_11_16;alpha_11_18;gamma_10_17;beta_1_7;gamma_14_3;gamma_7_2;beta_11_8;beta_12_11;gamma_15_9;gamma_13_1;alpha_17_9;beta_1_2;delta_17_14;gamma_16_2;alpha_17_15;beta_10_11;gamma_7_16;alpha_1_9;alpha_18_12;gamma_16_9;beta_5_10;gamma_8_7;beta_11_6;beta_3_2;beta_15_11
chb09,chb09_15,100,100,284;1529;898;952;277;305;590;896;611;608;1198;1297;1408;1202;1489;1522;1021;1528;280;798;1473;583;1223;1369;1446;619;600;1229;1410;281;1404;1518;594;1004;914;298;1183;917;1395;1501;1298;1402;1504;698;592;1370;1222;1063;1266;1104;991;1361;1386;1401;294;1340;715;1280;1419;591;1429;586;1347;1310;1421;900;1093;1472;994;1447;892;970;1378;923;606;1455;906;969;897;636;1095;1327;1480;1392;1080;1102;918;1314;1487;1428;1115;285;604;960;1387;1022;1463;1441;1376;1470,delta_17_13;gamma_18_17;alpha_17_15;beta_3_1;delta_17_6;delta_18_17;theta_17_13;alpha_17_13;theta_18_17;theta_18_14;beta_17_9;gamma_5_7;gamma_11_16;beta_17_13;gamma_16_11;gamma_18_10;beta_7_2;gamma_18_16;delta_17_9;alpha_11_18;gamma_15_12;theta_17_6;beta_18_17;gamma_9_11;gamma_14_2;alpha_1_9;theta_18_6;gamma_1_7;gamma_11_18;delta_17_10;gamma_11_12;gamma_18_6;theta_17_18;beta_6_2;alpha_18_14;delta_18_10;beta_16_11;alpha_18_17;gamma_11_2;gamma_17_6;gamma_5_8;gamma_11_9;gamma_17_9;alpha_6_2;theta_17_15;gamma_9_12;beta_18_16;beta_9_11;gamma_3_10;beta_11_18;beta_5_7;gamma_9_2;gamma_10_11;gamma_11_8;delta_18_6;gamma_7_16;alpha_7_2;gamma_4_7;gamma_12_9;theta_17_14;gamma_13_2;theta_17_9;gamma_8_5;gamma_6_2;gamma_12_11;alpha_17_18;beta_11_6;gamma_15_11;beta_5_10;gamma_14_3;alpha_17_9;beta_4_2;gamma_10_2;beta_1_7;theta_18_12;gamma_14_11;alpha_18_6;beta_4_1;alpha_17_14;alpha_2_9;beta_11_8;gamma_7_2;gamma_16_2;gamma_10_17;beta_10_11;beta_11_16;beta_1_2;gamma_6_7;gamma_16_9;gamma_13_1;beta_12_11;delta_17_14;theta_18_10;beta_3_10;gamma_10_12;beta_7_3;gamma_15_2;gamma_13_15;gamma_9_18;gamma_15_9
chb09,chb09_16,100,100,284;1529;918;277;305;590;608;1198;896;611;1297;1408;1522;636;1528;280;1202;1489;600;798;1404;592;583;1223;1504;1369;1410;1229;914;1518;1446;1004;1473;917;594;281;1183;1298;1401;1222;698;1501;294;1395;1402;991;298;1370;1063;1104;1021;591;1334;1386;586;1280;1361;969;606;1093;1421;715;1419;906;670;1347;1429;892;900;1310;1095;1472;897;1314;1441;970;1378;1102;960;286;1080;912;1491;923;1455;1392;285;953;1076;1428;1115;1340;1387;619;1447;1487;1480;1327;1166;1349,delta_17_13;gamma_18_17;beta_1_2;delta_17_6;delta_18_17;theta_17_13;theta_18_14;beta_17_9;alpha_17_13;theta_18_17;gamma_5_7;gamma_11_16;gamma_18_10;alpha_2_9;gamma_18_16;delta_17_9;beta_17_13;gamma_16_11;theta_18_6;alpha_11_18;gamma_11_12;theta_17_15;theta_17_6;beta_18_17;gamma_17_9;gamma_9_11;gamma_11_18;gamma_1_7;alpha_18_14;gamma_18_6;gamma_14_2;beta_6_2;gamma_15_12;alpha_18_17;theta_17_18;delta_17_10;beta_16_11;gamma_5_8;gamma_11_8;beta_18_16;alpha_6_2;gamma_17_6;delta_18_6;gamma_11_2;gamma_11_9;beta_5_7;delta_18_10;gamma_9_12;beta_9_11;beta_11_18;beta_7_2;theta_17_14;gamma_7_10;gamma_10_11;theta_17_9;gamma_4_7;gamma_9_2;beta_4_1;theta_18_12;beta_11_6;gamma_12_11;alpha_7_2;gamma_12_9;alpha_18_6;alpha_4_9;gamma_8_5;gamma_13_2;alpha_17_9;alpha_17_18;gamma_6_2;beta_11_8;gamma_15_11;alpha_17_14;gamma_6_7;gamma_13_15;beta_4_2;gamma_10_2;beta_11_16;beta_3_10;delta_17_15;beta_10_11;alpha_18_12;gamma_16_13;beta_1_7;gamma_14_11;gamma_10_17;delta_17_14;beta_3_2;beta_10_6;gamma_13_1;beta_12_11;gamma_7_16;gamma_10_12;alpha_1_9;gamma_14_3;gamma_16_9;gamma_16_2;gamma_7_2;beta_15_11;gamma_8_7
chb09,chb09_17,100,100,284;1529;987;277;305;590;592;896;1229;611;1198;1408;608;1489;1202;1522;1222;1473;600;636;280;1104;1369;583;1223;1297;1446;1404;1518;1004;1410;914;1504;1183;1402;1528;917;1395;1298;298;1021;1501;1063;281;594;1280;1370;294;1386;591;969;1401;1361;1419;906;991;715;1472;1347;1429;1310;1421;619;606;892;897;1266;1340;1455;970;1314;798;1378;586;1095;1487;1102;698;285;1080;923;1327;1480;900;912;1115;960;1387;1392;1428;1470;1441;918;1491;1166;670;1463;1093;286;1349,delta_17_13;gamma_18_17;beta_5_2;delta_17_6;delta_18_17;theta_17_13;theta_17_15;alpha_17_13;gamma_1_7;theta_18_17;beta_17_9;gamma_11_16;theta_18_14;gamma_16_11;beta_17_13;gamma_18_10;beta_18_16;gamma_15_12;theta_18_6;alpha_2_9;delta_17_9;beta_11_18;gamma_9_11;theta_17_6;beta_18_17;gamma_5_7;gamma_14_2;gamma_11_12;gamma_18_6;beta_6_2;gamma_11_18;alpha_18_14;gamma_17_9;beta_16_11;gamma_11_9;gamma_18_16;alpha_18_17;gamma_11_2;gamma_5_8;delta_18_10;beta_7_2;gamma_17_6;beta_9_11;delta_17_10;theta_17_18;gamma_4_7;gamma_9_12;delta_18_6;gamma_10_11;theta_17_14;beta_4_1;gamma_11_8;gamma_9_2;gamma_12_9;alpha_18_6;beta_5_7;alpha_7_2;gamma_15_11;gamma_8_5;gamma_13_2;gamma_6_2;gamma_12_11;alpha_1_9;theta_18_12;alpha_17_9;alpha_17_14;gamma_3_10;gamma_7_16;gamma_14_11;beta_4_2;gamma_6_7;alpha_11_18;gamma_10_2;theta_17_9;beta_11_8;gamma_16_9;beta_11_16;alpha_6_2;delta_17_14;beta_10_11;beta_1_7;gamma_7_2;gamma_16_2;alpha_17_18;alpha_18_12;beta_12_11;beta_3_10;gamma_10_12;gamma_10_17;gamma_13_1;gamma_15_9;gamma_13_15;beta_1_2;gamma_16_13;beta_15_11;alpha_4_9;gamma_15_2;beta_11_6;delta_17_15;gamma_8_7
chb09,chb09_18,100,100,284;914;1529;277;305;590;1044;1408;896;1198;611;1229;715;1489;592;1202;1473;1522;280;1528;600;1297;583;1369;1223;1404;1504;1410;1446;1004;1298;608;298;1183;917;1104;1361;1518;1370;1402;1222;1334;1021;281;1063;594;1501;1280;1401;1395;969;1386;698;991;294;591;1347;1419;1429;1472;1093;1310;1421;1340;586;636;1387;1447;900;1441;906;970;1314;960;1455;1378;897;606;1102;1491;1392;918;892;923;1470;1480;798;1080;1327;1095;1076;1115;285;1487;994;1428;952;1335;1328;1412,delta_17_13;alpha_18_14;gamma_18_17;delta_17_6;delta_18_17;theta_17_13;beta_8_9;gamma_11_16;alpha_17_13;beta_17_9;theta_18_17;gamma_1_7;alpha_7_2;gamma_16_11;theta_17_15;beta_17_13;gamma_15_12;gamma_18_10;delta_17_9;gamma_18_16;theta_18_6;gamma_5_7;theta_17_6;gamma_9_11;beta_18_17;gamma_11_12;gamma_17_9;gamma_11_18;gamma_14_2;beta_6_2;gamma_5_8;theta_18_14;delta_18_10;beta_16_11;alpha_18_17;beta_11_18;gamma_9_2;gamma_18_6;gamma_9_12;gamma_11_9;beta_18_16;gamma_7_10;beta_7_2;delta_17_10;beta_9_11;theta_17_18;gamma_17_6;gamma_4_7;gamma_11_8;gamma_11_2;beta_4_1;gamma_10_11;alpha_6_2;beta_5_7;delta_18_6;theta_17_14;gamma_8_5;gamma_12_9;gamma_13_2;gamma_15_11;beta_11_6;gamma_6_2;gamma_12_11;gamma_7_16;theta_17_9;alpha_2_9;gamma_10_12;gamma_14_3;alpha_17_18;gamma_13_15;alpha_18_6;beta_4_2;gamma_6_7;beta_3_10;gamma_14_11;gamma_10_2;alpha_17_14;theta_18_12;beta_11_16;gamma_16_13;gamma_10_17;beta_1_2;alpha_17_9;beta_1_7;gamma_15_9;gamma_16_2;alpha_11_18;beta_10_11;gamma_7_2;beta_11_8;beta_10_6;beta_12_11;delta_17_14;gamma_16_9;beta_5_10;gamma_13_1;beta_3_1;gamma_7_11;gamma_7_3;gamma_12_2
chb09,chb09_19,100,100,284;611;892;277;1529;590;305;1022;896;608;1408;1522;281;1518;1070;1202;1229;1004;1489;1404;1223;276;1222;298;1410;1369;583;592;1446;1473;914;976;1198;969;917;294;930;1501;1297;1370;1183;715;1395;1104;1528;1298;280;1402;1386;1397;1021;600;1361;1102;1504;594;599;1328;1063;897;912;1347;624;1429;1419;698;1472;1340;591;1387;1421;604;1519;1089;293;1310;964;952;1378;606;1455;1359;1442;1096;970;1140;947;1080;942;1376;1113;1194;1459;918;1480;1115;1392;1280;1098;900,delta_17_13;theta_18_17;alpha_17_9;delta_17_6;gamma_18_17;theta_17_13;delta_18_17;beta_7_3;alpha_17_13;theta_18_14;gamma_11_16;gamma_18_10;delta_17_10;gamma_18_6;beta_9_18;beta_17_13;gamma_1_7;beta_6_2;gamma_16_11;gamma_11_12;beta_18_17;delta_17_5;beta_18_16;delta_18_10;gamma_11_18;gamma_9_11;theta_17_6;theta_17_15;gamma_14_2;gamma_15_12;alpha_18_14;beta_4_9;beta_17_9;beta_4_1;alpha_18_17;delta_18_6;beta_1_14;gamma_17_6;gamma_5_7;gamma_9_12;beta_16_11;alpha_7_2;gamma_11_2;beta_11_18;gamma_18_16;gamma_5_8;delta_17_9;gamma_11_9;gamma_10_11;gamma_11_4;beta_7_2;theta_18_6;gamma_9_2;beta_11_16;gamma_17_9;theta_17_18;theta_18_5;gamma_7_3;beta_9_11;alpha_17_14;alpha_18_12;gamma_8_5;alpha_1_14;gamma_13_2;gamma_12_9;alpha_6_2;gamma_15_11;gamma_7_16;theta_17_14;gamma_10_12;gamma_12_11;theta_18_10;gamma_18_7;beta_11_2;delta_18_5;gamma_6_2;beta_3_14;beta_3_1;gamma_10_2;theta_18_12;gamma_14_11;gamma_8_18;gamma_13_16;beta_11_9;beta_4_2;beta_14_2;beta_2_14;beta_10_11;beta_2_9;gamma_9_18;beta_12_9;beta_17_5;gamma_14_16;beta_1_2;gamma_16_2;beta_12_11;gamma_10_17;gamma_4_7;beta_11_12;alpha_17_18
chb10,chb10_01,80,80,892;597;1091;895;910;906;913;893;886;1523;586;296;1296;909;342;1198;903;273;912;898;587;1314;896;1201;1519;1024;299;1386;1414;915;583;1228;589;580;1368;1504;290;1009;1348;1506;914;1465;600;1297;604;1080;917;1279;477;1217;1023;992;1397;277;1229;1330;301;272;1262;295;603;1200;1062;1199;1176;990;686;920;1008;951;1218;1007;1192;1042;1507;1298;590;1004;1363;1245,alpha_17_9;theta_18_3;beta_11_4;alpha_17_12;alpha_18_10;alpha_18_6;alpha_18_13;alpha_17_10;alpha_17_3;gamma_18_11;theta_17_9;delta_18_8;gamma_5_6;alpha_18_9;theta_3_4;beta_17_9;alpha_18_3;delta_17_2;alpha_18_12;alpha_17_15;theta_17_10;gamma_6_7;alpha_17_13;beta_17_12;gamma_18_7;beta_7_5;delta_18_11;gamma_10_11;gamma_12_4;alpha_18_15;theta_17_6;gamma_1_6;theta_17_12;theta_17_3;gamma_9_10;gamma_17_9;delta_18_2;beta_6_8;gamma_8_6;gamma_17_11;alpha_18_14;gamma_15_4;theta_18_6;gamma_5_7;theta_18_10;beta_10_11;alpha_18_17;gamma_4_6;theta_11_2;beta_18_11;beta_7_4;beta_5_8;gamma_11_4;delta_17_6;gamma_1_7;gamma_7_5;delta_18_13;delta_17_1;gamma_3_6;delta_18_7;theta_18_9;beta_17_11;beta_9_10;beta_17_10;beta_16_4;beta_5_6;alpha_5_8;beta_1_4;beta_6_7;beta_2_18;beta_18_12;beta_6_5;beta_17_3;beta_8_6;gamma_17_12;gamma_5_8;theta_17_13;beta_6_2;gamma_9_4;gamma_2_6
chb10,chb10_02,80,80,892;377;273;903;912;893;1091;906;895;909;1314;1523;910;586;886;896;1198;296;914;1296;898;587;1519;913;589;299;1024;1465;703;1201;583;1348;915;290;580;1504;1386;35;1368;1506;1414;1297;600;1228;604;1330;917;277;1217;992;1279;295;1229;1397;954;1080;603;272;99;477;1008;1200;1262;1176;1009;1218;897;1023;1007;1209;1062;1004;301;990;1507;1313;1042;951;590;1363,alpha_17_9;theta_5_4;delta_17_2;alpha_18_3;alpha_18_12;alpha_17_10;beta_11_4;alpha_18_6;alpha_17_12;alpha_18_9;gamma_6_7;gamma_18_11;alpha_18_10;theta_17_9;alpha_17_3;alpha_17_13;beta_17_9;delta_18_8;alpha_18_14;gamma_5_6;alpha_17_15;theta_17_10;gamma_18_7;alpha_18_13;theta_17_12;delta_18_11;beta_7_5;gamma_15_4;alpha_6_8;beta_17_12;theta_17_6;gamma_8_6;alpha_18_15;delta_18_2;theta_17_3;gamma_17_9;gamma_10_11;delta_3_2;gamma_9_10;gamma_17_11;gamma_12_4;gamma_5_7;theta_18_6;gamma_1_6;theta_18_10;gamma_7_5;alpha_18_17;delta_17_6;beta_18_11;beta_5_8;gamma_4_6;delta_18_7;gamma_1_7;gamma_11_4;beta_3_4;beta_10_11;theta_18_9;delta_17_1;delta_6_16;theta_11_2;beta_6_7;beta_17_11;gamma_3_6;beta_16_4;beta_6_8;beta_18_12;alpha_17_14;beta_7_4;beta_6_5;beta_18_3;beta_9_10;beta_6_2;delta_18_13;beta_5_6;gamma_17_12;gamma_6_5;beta_8_6;beta_2_18;theta_17_13;gamma_9_4
chb10,chb10_03,80,80,892;36;1363;903;895;910;290;1523;913;296;1296;886;912;586;906;893;909;914;1198;1314;1201;896;915;587;1519;1007;299;1465;35;589;580;1386;273;703;1348;1368;1506;898;1397;1504;583;897;606;1228;1080;1414;295;1024;600;1229;954;1217;604;1279;1009;917;1297;603;1330;645;1209;477;1023;1200;277;1218;992;608;272;1176;1062;1008;1507;301;990;1262;1091;590;686;1192,alpha_17_9;delta_3_4;gamma_9_4;alpha_18_3;alpha_17_12;alpha_18_10;delta_18_2;gamma_18_11;alpha_18_13;delta_18_8;gamma_5_6;alpha_17_3;alpha_18_12;theta_17_9;alpha_18_6;alpha_17_10;alpha_18_9;alpha_18_14;beta_17_9;gamma_6_7;beta_17_12;alpha_17_13;alpha_18_15;theta_17_10;gamma_18_7;beta_6_5;delta_18_11;gamma_15_4;delta_3_2;theta_17_12;theta_17_3;gamma_10_11;delta_17_2;alpha_6_8;gamma_8_6;gamma_9_10;gamma_17_11;alpha_17_15;gamma_11_4;gamma_17_9;theta_17_6;alpha_17_14;theta_18_12;gamma_1_6;beta_10_11;gamma_12_4;delta_18_7;beta_7_5;theta_18_6;gamma_1_7;beta_3_4;beta_18_11;theta_18_10;gamma_4_6;beta_6_8;alpha_18_17;gamma_5_7;theta_18_9;gamma_7_5;alpha_2_18;beta_18_3;theta_11_2;beta_7_4;beta_17_11;delta_17_6;beta_18_12;beta_5_8;theta_18_14;delta_17_1;beta_16_4;beta_9_10;beta_6_7;gamma_17_12;delta_18_13;beta_5_6;gamma_3_6;beta_11_4;theta_17_13;alpha_5_8;beta_17_3
chb10,chb10_04,80,80,892;1414;273;903;895;296;910;683;913;906;1523;1296;586;886;912;893;909;896;1198;915;1201;1314;701;587;914;1397;1519;1386;589;299;35;580;1228;898;290;703;600;1465;1368;1348;1504;1506;1024;272;583;604;1080;917;1229;1217;954;1279;1202;1507;1176;1330;295;1008;992;603;897;1218;1262;171;1062;301;1023;1200;1363;277;1209;1297;590;990;99;1313;1245;686;63;1004,alpha_17_9;gamma_12_4;delta_17_2;alpha_18_3;alpha_17_12;delta_18_8;alpha_18_10;alpha_5_4;alpha_18_13;alpha_18_6;gamma_18_11;gamma_5_6;theta_17_9;alpha_17_3;alpha_18_12;alpha_17_10;alpha_18_9;alpha_17_13;beta_17_9;alpha_18_15;beta_17_12;gamma_6_7;alpha_6_5;theta_17_10;alpha_18_14;gamma_11_4;gamma_18_7;gamma_10_11;theta_17_12;delta_18_11;delta_3_2;theta_17_3;gamma_1_6;alpha_17_15;delta_18_2;alpha_6_8;theta_18_6;gamma_15_4;gamma_9_10;gamma_8_6;gamma_17_9;gamma_17_11;beta_7_5;delta_17_1;theta_17_6;theta_18_10;beta_10_11;alpha_18_17;gamma_1_7;beta_18_11;beta_3_4;gamma_4_6;beta_17_13;gamma_17_12;beta_16_4;gamma_7_5;delta_18_7;beta_6_7;beta_5_8;theta_18_9;alpha_17_14;beta_18_12;gamma_3_6;delta_11_2;beta_9_10;delta_18_13;beta_7_4;beta_17_11;gamma_9_4;delta_17_6;beta_18_3;gamma_5_7;theta_17_13;beta_5_6;delta_6_16;gamma_6_5;gamma_2_6;alpha_5_8;delta_4_14;beta_6_2
chb10,chb10_05,80,80,892;1414;273;903;895;910;296;411;896;906;1314;886;909;893;1523;912;586;914;1296;1198;915;1201;587;1397;703;913;580;1519;299;1348;589;1465;1386;898;1368;290;1024;583;1504;1506;272;606;1228;35;99;600;1229;992;295;604;954;1080;1279;1217;1330;1091;917;1297;562;1009;1218;1209;590;1023;1062;277;1507;603;1262;1176;1008;1192;1200;686;897;1007;1042;301;1202;1298,alpha_17_9;gamma_12_4;delta_17_2;alpha_18_3;alpha_17_12;alpha_18_10;delta_18_8;theta_7_4;alpha_17_13;alpha_18_6;gamma_6_7;alpha_17_3;alpha_18_9;alpha_17_10;gamma_18_11;alpha_18_12;theta_17_9;alpha_18_14;gamma_5_6;beta_17_9;alpha_18_15;beta_17_12;theta_17_10;gamma_11_4;alpha_6_8;alpha_18_13;theta_17_3;gamma_18_7;delta_18_11;gamma_8_6;theta_17_12;gamma_15_4;gamma_10_11;alpha_17_15;gamma_9_10;delta_18_2;beta_7_5;theta_17_6;gamma_17_9;gamma_17_11;delta_17_1;theta_18_12;gamma_1_6;delta_3_2;delta_6_16;theta_18_6;gamma_1_7;beta_5_8;delta_18_7;theta_18_10;beta_3_4;beta_10_11;gamma_4_6;beta_18_11;gamma_7_5;beta_11_4;alpha_18_17;gamma_5_7;theta_16_2;beta_6_8;beta_18_12;beta_18_3;theta_17_13;beta_7_4;beta_9_10;delta_17_6;gamma_17_12;theta_18_9;gamma_3_6;beta_16_4;beta_6_7;beta_17_3;beta_17_11;alpha_5_8;alpha_17_14;beta_6_5;beta_8_6;delta_18_13;beta_17_13;gamma_5_8
chb10,chb10_06,80,80,892;1380;914;377;886;895;906;910;909;903;893;1523;586;912;273;896;1296;1198;296;1314;587;913;1519;589;1007;299;1465;898;580;1201;1009;1348;290;915;583;86;1228;1506;1414;1504;604;600;954;1024;1386;295;272;917;1397;1297;1217;1279;277;1330;603;171;1023;590;1229;1176;992;1218;1200;990;1080;1368;1507;1008;301;686;1213;1262;1091;1192;1313;1202;606;1042;717;1004,alpha_17_9;gamma_10_4;alpha_18_14;theta_5_4;alpha_17_3;alpha_17_12;alpha_18_6;alpha_18_10;alpha_18_9;alpha_18_3;alpha_17_10;gamma_18_11;theta_17_9;alpha_18_12;delta_17_2;alpha_17_13;gamma_5_6;beta_17_9;delta_18_8;gamma_6_7;theta_17_10;alpha_18_13;gamma_18_7;theta_17_12;beta_6_5;delta_18_11;gamma_15_4;alpha_17_15;theta_17_3;beta_17_12;beta_6_8;gamma_8_6;delta_18_2;alpha_18_15;theta_17_6;delta_6_2;gamma_1_6;gamma_17_11;gamma_12_4;gamma_17_9;theta_18_10;theta_18_6;beta_3_4;beta_7_5;gamma_10_11;delta_18_7;delta_17_1;alpha_18_17;gamma_11_4;gamma_5_7;beta_18_11;gamma_4_6;delta_17_6;gamma_7_5;theta_18_9;delta_11_2;beta_7_4;theta_17_13;gamma_1_7;beta_16_4;beta_5_8;beta_18_12;beta_17_11;beta_5_6;beta_10_11;gamma_9_10;gamma_17_12;beta_6_7;delta_18_13;alpha_5_8;beta_18_7;gamma_3_6;beta_11_4;beta_17_3;gamma_6_5;beta_17_13;theta_18_12;beta_8_6;alpha_7_4;beta_6_2
chb10,chb10_07,80,80,892;290;1380;895;903;910;71;1523;896;1296;909;893;886;906;912;586;1198;915;1314;296;1201;913;1009;587;1519;273;1007;299;1414;589;1386;580;1228;898;914;1504;1348;1506;583;1465;1368;341;1397;703;600;1297;606;528;1024;272;295;1080;1217;1279;917;954;1229;604;992;301;1330;1507;990;1176;277;603;1023;1200;1202;1062;1209;1008;1262;686;897;1218;257;1042;590;1363,alpha_17_9;delta_18_2;gamma_10_4;alpha_17_12;alpha_18_3;alpha_18_10;delta_5_4;gamma_18_11;alpha_17_13;gamma_5_6;alpha_18_9;alpha_17_10;alpha_17_3;alpha_18_6;alpha_18_12;theta_17_9;beta_17_9;alpha_18_15;gamma_6_7;delta_18_8;beta_17_12;alpha_18_13;beta_6_8;theta_17_10;gamma_18_7;delta_17_2;beta_6_5;delta_18_11;gamma_12_4;theta_17_12;gamma_10_11;theta_17_3;gamma_1_6;alpha_17_15;alpha_18_14;gamma_17_9;gamma_8_6;gamma_17_11;theta_17_6;gamma_15_4;gamma_9_10;theta_3_2;gamma_11_4;alpha_6_8;theta_18_6;gamma_5_7;theta_18_12;theta_14_2;beta_7_5;delta_17_1;delta_18_7;beta_10_11;beta_18_11;gamma_4_6;alpha_18_17;beta_3_4;gamma_1_7;theta_18_10;beta_5_8;delta_18_13;gamma_7_5;gamma_17_12;beta_5_6;beta_16_4;delta_17_6;theta_18_9;beta_7_4;beta_17_11;beta_17_13;beta_9_10;beta_18_3;beta_6_7;gamma_3_6;alpha_5_8;alpha_17_14;beta_18_12;delta_16_3;beta_8_6;theta_17_13;gamma_9_4
chb10,chb10_08,80,80,892;1209;273;916;402;895;1176;683;910;906;586;913;886;299;1198;1296;296;903;909;893;912;1314;1523;896;589;898;703;1397;587;1519;1368;1201;915;1348;1386;290;580;1504;1414;1024;600;1506;1228;528;1229;1009;583;1465;35;914;1080;606;1297;954;1279;1217;1330;604;295;1062;301;992;1008;272;1262;603;1091;1023;1200;917;1007;686;990;1507;1402;590;1042;277;1313;1431,alpha_17_9;beta_18_3;delta_17_2;alpha_18_16;theta_6_13;alpha_17_12;beta_16_4;alpha_5_4;alpha_18_10;alpha_18_6;theta_17_9;alpha_18_13;alpha_17_3;delta_18_11;beta_17_9;gamma_5_6;delta_18_8;alpha_18_3;alpha_18_9;alpha_17_10;alpha_18_12;gamma_6_7;gamma_18_11;alpha_17_13;theta_17_12;alpha_17_15;alpha_6_8;gamma_11_4;theta_17_10;gamma_18_7;gamma_9_10;beta_17_12;alpha_18_15;gamma_8_6;gamma_10_11;delta_18_2;theta_17_3;gamma_17_9;gamma_12_4;beta_7_5;theta_18_6;gamma_17_11;gamma_1_6;theta_14_2;gamma_1_7;beta_6_8;theta_17_6;gamma_15_4;delta_3_2;alpha_18_14;beta_10_11;theta_18_12;gamma_5_7;beta_3_4;gamma_4_6;beta_18_11;gamma_7_5;theta_18_10;delta_18_7;beta_9_10;delta_18_13;beta_5_8;beta_6_7;delta_17_1;gamma_3_6;theta_18_9;beta_11_4;beta_7_4;beta_17_11;alpha_18_17;beta_6_5;alpha_5_8;beta_5_6;gamma_17_12;gamma_11_9;theta_17_13;beta_8_6;delta_17_6;gamma_6_5;gamma_13_4
chb10,chb10_12,80,80,892;916;241;903;895;910;683;906;1198;273;296;913;886;893;1523;586;896;1296;915;912;909;1201;1314;587;299;703;589;1504;1466;580;1414;1024;1519;898;1228;1386;290;583;1368;1348;1397;1217;954;1229;1330;600;914;1465;917;1009;1506;1080;604;590;1279;1209;951;277;606;992;1507;1297;1023;603;131;990;272;295;1008;171;1202;1313;1199;1262;686;1200;1363;1062;1218;1042,alpha_17_9;alpha_18_16;delta_15_4;alpha_18_3;alpha_17_12;alpha_18_10;alpha_5_4;alpha_18_6;beta_17_9;delta_17_2;delta_18_8;alpha_18_13;alpha_17_3;alpha_17_10;gamma_18_11;theta_17_9;alpha_17_13;gamma_5_6;alpha_18_15;alpha_18_12;alpha_18_9;beta_17_12;gamma_6_7;theta_17_10;delta_18_11;alpha_6_8;theta_17_12;gamma_17_9;gamma_15_5;theta_17_3;gamma_12_4;beta_7_5;gamma_18_7;alpha_17_15;gamma_1_6;gamma_10_11;delta_18_2;theta_17_6;gamma_9_10;gamma_8_6;gamma_11_4;beta_18_11;beta_3_4;gamma_1_7;gamma_7_5;theta_18_6;alpha_18_14;gamma_15_4;alpha_18_17;beta_6_8;gamma_17_11;beta_10_11;theta_18_10;theta_17_13;gamma_4_6;beta_18_3;beta_2_18;delta_17_6;theta_18_12;beta_5_8;gamma_17_12;gamma_5_7;beta_7_4;theta_18_9;delta_8_14;beta_5_6;delta_17_1;delta_18_7;beta_6_7;delta_11_2;beta_17_13;gamma_6_5;beta_17_10;gamma_3_6;alpha_5_8;beta_17_11;gamma_9_4;beta_9_10;beta_18_12;beta_8_6
chb10,chb10_13,80,80,892;1497;133;895;1363;903;910;906;586;1523;886;893;912;913;1198;411;1296;296;909;587;915;273;589;896;1314;1465;1519;1201;580;299;1024;1348;703;1504;914;898;272;583;1506;1080;1414;604;1228;290;171;600;1330;606;1229;1023;1217;992;1279;1386;295;1397;1297;603;35;1368;1200;277;1209;1007;1176;1042;1218;301;1009;1507;920;1008;917;1262;1192;1199;686;1004;1091;590,alpha_17_9;gamma_17_2;delta_8_16;alpha_17_12;gamma_9_4;alpha_18_3;alpha_18_10;alpha_18_6;theta_17_9;gamma_18_11;alpha_17_3;alpha_17_10;alpha_18_12;alpha_18_13;beta_17_9;theta_7_4;gamma_5_6;delta_18_8;alpha_18_9;theta_17_10;alpha_18_15;delta_17_2;theta_17_12;alpha_17_13;gamma_6_7;gamma_15_4;gamma_18_7;beta_17_12;theta_17_3;delta_18_11;beta_7_5;gamma_8_6;alpha_6_8;gamma_17_9;alpha_18_14;alpha_17_15;delta_17_1;theta_17_6;gamma_17_11;beta_10_11;gamma_12_4;theta_18_10;gamma_1_6;delta_18_2;delta_11_2;theta_18_6;gamma_7_5;theta_18_12;gamma_1_7;beta_7_4;beta_18_11;beta_5_8;gamma_4_6;gamma_10_11;delta_18_7;gamma_11_4;gamma_5_7;theta_18_9;delta_3_2;gamma_9_10;beta_17_11;delta_17_6;beta_18_3;beta_6_5;beta_16_4;beta_8_6;beta_18_12;delta_18_13;beta_6_8;gamma_17_12;beta_1_4;beta_6_7;alpha_18_17;gamma_3_6;beta_17_3;beta_17_10;alpha_5_8;beta_6_2;beta_11_4;theta_17_13
chb10,chb10_14,80,80,892;273;1465;903;912;895;906;913;377;910;586;1523;893;886;909;1296;1198;296;1397;1314;915;896;589;587;1519;703;299;914;1348;1201;580;1024;898;1368;1414;1386;290;1504;600;1506;1228;604;583;341;1080;171;954;1297;917;1279;295;1009;606;1217;1176;1330;1229;603;992;1062;272;1023;897;277;1262;1363;1200;301;1007;1008;1209;990;1507;99;686;1218;590;1042;1004;1091,alpha_17_9;delta_17_2;gamma_15_4;alpha_18_3;alpha_18_12;alpha_17_12;alpha_18_6;alpha_18_13;theta_5_4;alpha_18_10;theta_17_9;gamma_18_11;alpha_17_10;alpha_17_3;alpha_18_9;gamma_5_6;beta_17_9;delta_18_8;gamma_11_4;gamma_6_7;alpha_18_15;alpha_17_13;theta_17_12;theta_17_10;gamma_18_7;alpha_6_8;delta_18_11;alpha_18_14;gamma_8_6;beta_17_12;theta_17_3;beta_7_5;alpha_17_15;gamma_9_10;gamma_12_4;gamma_10_11;delta_18_2;gamma_17_9;theta_18_6;gamma_17_11;gamma_1_6;theta_18_10;theta_17_6;theta_3_2;beta_10_11;delta_11_2;beta_3_4;gamma_5_7;alpha_18_17;gamma_4_6;delta_18_7;beta_6_8;theta_18_12;beta_18_11;beta_16_4;gamma_7_5;gamma_1_7;theta_18_9;beta_5_8;beta_9_10;delta_17_1;beta_7_4;alpha_17_14;delta_17_6;gamma_3_6;gamma_9_4;beta_17_11;delta_18_13;beta_6_5;beta_6_7;beta_18_3;beta_5_6;gamma_17_12;delta_6_16;alpha_5_8;beta_18_12;theta_17_13;beta_8_6;beta_6_2;beta_11_4
chb10,chb10_15,80,80,892;914;156;906;886;895;910;377;909;903;1314;1523;893;912;586;273;896;1296;1198;296;589;913;915;587;1519;1007;1201;1465;299;703;1348;290;580;1386;1397;1368;600;1504;1506;35;1228;604;898;272;1297;1414;606;583;1024;1217;1080;954;1279;295;1229;917;1009;99;1062;301;1176;1200;1330;1209;277;1507;603;1262;992;1008;477;1363;1218;990;1023;1320;289;590;686;1042,alpha_17_9;alpha_18_14;delta_10_4;alpha_18_6;alpha_17_3;alpha_17_12;alpha_18_10;theta_5_4;alpha_18_9;alpha_18_3;gamma_6_7;gamma_18_11;alpha_17_10;alpha_18_12;theta_17_9;delta_17_2;alpha_17_13;gamma_5_6;beta_17_9;delta_18_8;theta_17_12;alpha_18_13;alpha_18_15;theta_17_10;gamma_18_7;beta_6_5;beta_17_12;gamma_15_4;delta_18_11;alpha_6_8;gamma_8_6;delta_18_2;theta_17_3;gamma_10_11;gamma_11_4;gamma_9_10;theta_18_6;gamma_17_9;gamma_17_11;delta_3_2;gamma_1_6;theta_18_10;alpha_17_15;delta_17_1;gamma_5_7;gamma_12_4;theta_18_12;theta_17_6;beta_7_5;beta_18_11;beta_10_11;beta_3_4;gamma_4_6;delta_18_7;gamma_1_7;alpha_18_17;beta_6_8;delta_6_16;beta_9_10;delta_18_13;beta_16_4;beta_17_11;gamma_7_5;beta_18_3;delta_17_6;gamma_17_12;theta_18_9;gamma_3_6;beta_5_8;beta_6_7;theta_11_2;gamma_9_4;beta_18_12;beta_5_6;beta_7_4;gamma_6_13;delta_18_1;theta_17_13;alpha_5_8;beta_8_6
chb10,chb10_16,80,80,892;36;608;903;912;895;906;1363;1314;909;893;1523;886;910;586;273;913;1198;296;1296;587;896;915;1519;589;1007;299;1465;1201;1348;720;898;290;1386;580;1504;600;1506;1228;1414;1368;606;1297;171;583;914;1397;604;1024;1217;1080;917;1009;295;1279;1023;1229;272;277;301;1330;1200;1176;992;603;1262;1218;1008;1209;35;1507;1062;954;1091;990;1402;686;1213;590;1313,alpha_17_9;delta_3_4;theta_18_14;alpha_18_3;alpha_18_12;alpha_17_12;alpha_18_6;gamma_9_4;gamma_6_7;alpha_18_9;alpha_17_10;gamma_18_11;alpha_17_3;alpha_18_10;theta_17_9;delta_17_2;alpha_18_13;beta_17_9;delta_18_8;gamma_5_6;theta_17_10;alpha_17_13;alpha_18_15;gamma_18_7;theta_17_12;beta_6_5;delta_18_11;gamma_15_4;beta_17_12;gamma_8_6;alpha_7_8;alpha_17_15;delta_18_2;gamma_10_11;theta_17_3;gamma_17_9;theta_18_6;gamma_17_11;gamma_1_6;gamma_12_4;gamma_9_10;theta_18_12;gamma_5_7;delta_11_2;theta_17_6;alpha_18_14;gamma_11_4;theta_18_10;beta_7_5;beta_18_11;beta_10_11;alpha_18_17;beta_6_8;delta_18_7;gamma_4_6;beta_7_4;gamma_1_7;delta_17_1;delta_17_6;delta_18_13;gamma_7_5;beta_17_11;beta_16_4;beta_5_8;theta_18_9;gamma_3_6;beta_18_12;beta_6_7;beta_18_3;delta_3_2;gamma_17_12;beta_9_10;beta_3_4;beta_11_4;beta_5_6;gamma_11_9;alpha_5_8;beta_18_7;theta_17_13;gamma_6_5
chb10,chb10_17,80,80,892;394;273;1414;903;895;910;296;913;906;586;886;1523;912;893;909;1296;1198;1314;915;896;587;589;1007;1465;299;1386;1201;1519;580;898;1348;290;1397;914;703;1368;1504;600;1506;1228;583;606;1297;954;1080;917;1024;604;1176;35;1217;1009;1229;301;295;1279;1330;272;477;1200;1262;603;1363;1008;1209;1023;277;992;1218;1062;116;1507;12;990;590;1192;1431;1402;1313,alpha_17_9;theta_6_4;delta_17_2;gamma_12_4;alpha_18_3;alpha_17_12;alpha_18_10;delta_18_8;alpha_18_13;alpha_18_6;theta_17_9;alpha_17_3;gamma_18_11;alpha_18_12;alpha_17_10;alpha_18_9;gamma_5_6;beta_17_9;gamma_6_7;alpha_18_15;alpha_17_13;theta_17_10;theta_17_12;beta_6_5;gamma_15_4;delta_18_11;gamma_10_11;beta_17_12;gamma_18_7;theta_17_3;alpha_17_15;gamma_8_6;delta_18_2;gamma_11_4;alpha_18_14;alpha_6_8;gamma_9_10;gamma_17_9;theta_18_6;gamma_17_11;gamma_1_6;theta_17_6;theta_18_12;gamma_5_7;beta_3_4;beta_10_11;alpha_18_17;beta_7_5;theta_18_10;beta_16_4;delta_3_2;beta_18_11;beta_6_8;gamma_1_7;delta_18_13;delta_18_7;gamma_4_6;gamma_7_5;delta_17_1;theta_11_2;beta_17_11;gamma_3_6;theta_18_9;gamma_9_4;beta_6_7;beta_18_3;beta_7_4;delta_17_6;beta_5_8;beta_18_12;beta_9_10;delta_7_16;gamma_17_12;delta_1_14;beta_5_6;theta_17_13;beta_17_3;gamma_13_4;gamma_11_9;gamma_6_5
chb10,chb10_18,80,80,892;564;594;906;886;895;910;913;377;273;586;903;296;1296;1523;912;893;1198;909;898;1314;896;589;1519;587;1397;703;915;1386;299;1201;580;1024;1465;1228;290;35;583;914;1368;1348;1506;1504;600;528;1080;606;99;1414;1229;1009;1279;604;295;954;1217;1330;301;277;1297;917;272;992;1262;1200;603;1363;1023;63;1007;1008;1209;1062;990;1176;1218;686;1245;590;1313,alpha_17_9;theta_16_4;theta_17_18;alpha_18_6;alpha_17_3;alpha_17_12;alpha_18_10;alpha_18_13;theta_5_4;delta_17_2;theta_17_9;alpha_18_3;delta_18_8;gamma_5_6;gamma_18_11;alpha_18_12;alpha_17_10;beta_17_9;alpha_18_9;alpha_17_15;gamma_6_7;alpha_17_13;theta_17_12;gamma_18_7;theta_17_10;gamma_11_4;alpha_6_8;alpha_18_15;gamma_10_11;delta_18_11;beta_17_12;theta_17_3;beta_7_5;gamma_15_4;gamma_1_6;delta_18_2;delta_3_2;theta_17_6;alpha_18_14;gamma_9_10;gamma_8_6;gamma_17_11;gamma_17_9;theta_18_6;theta_14_2;beta_10_11;theta_18_12;delta_6_16;gamma_12_4;gamma_1_7;beta_6_8;gamma_4_6;theta_18_10;delta_18_7;beta_3_4;beta_18_11;gamma_7_5;delta_18_13;delta_17_6;gamma_5_7;alpha_18_17;delta_17_1;beta_5_8;gamma_3_6;beta_17_11;theta_18_9;gamma_9_4;beta_7_4;delta_4_14;beta_6_5;beta_6_7;beta_18_3;beta_9_10;beta_5_6;beta_16_4;beta_18_12;alpha_5_8;gamma_2_6;theta_17_13;gamma_6_5
chb10,chb10_19,80,80,892;870;48;290;903;895;910;906;913;1523;586;886;912;893;909;1296;296;1198;954;1314;915;896;587;589;273;1519;1386;299;1414;1201;580;1007;35;1348;914;703;583;1504;1465;1228;1506;1368;898;600;604;1397;1297;528;606;1080;1024;717;1217;1279;1229;917;1009;295;301;272;277;1023;603;1363;1008;1330;1262;1200;992;1209;1218;1062;1176;990;1507;1004;897;686;1192;1313,alpha_17_9;alpha_16_4;delta_3_16;delta_18_2;alpha_18_3;alpha_17_12;alpha_18_10;alpha_18_6;alpha_18_13;gamma_18_11;theta_17_9;alpha_17_3;alpha_18_12;alpha_17_10;alpha_18_9;gamma_5_6;delta_18_8;beta_17_9;beta_3_4;gamma_6_7;alpha_18_15;alpha_17_13;theta_17_10;theta_17_12;delta_17_2;gamma_18_7;gamma_10_11;delta_18_11;gamma_12_4;beta_17_12;theta_17_3;beta_6_5;delta_3_2;gamma_8_6;alpha_18_14;alpha_6_8;theta_17_6;gamma_17_9;gamma_15_4;gamma_1_6;gamma_17_11;gamma_9_10;alpha_17_15;theta_18_6;theta_18_10;gamma_11_4;gamma_5_7;theta_14_2;theta_18_12;beta_10_11;beta_7_5;alpha_7_4;beta_18_11;gamma_4_6;gamma_1_7;alpha_18_17;beta_6_8;delta_18_7;delta_18_13;delta_17_1;delta_17_6;beta_7_4;theta_18_9;gamma_9_4;beta_6_7;gamma_7_5;gamma_3_6;beta_17_11;beta_5_8;beta_18_3;beta_18_12;beta_9_10;beta_16_4;beta_5_6;gamma_17_12;beta_6_2;alpha_17_14;alpha_5_8;beta_17_3;gamma_6_5
chb10,chb10_20,60,60,892;273;1414;903;899;683;1523;910;895;1296;296;886;909;583;912;586;914;210;1314;299;1198;906;681;580;1386;1465;587;1519;703;1368;1024;1397;606;1506;1348;915;589;1008;477;604;290;1080;893;301;1228;954;1330;1217;1229;1009;277;272;1279;1192;1176;603;1023;1062;1200;992,alpha_17_9;delta_17_2;gamma_12_4;alpha_18_3;alpha_17_16;alpha_5_4;gamma_18_11;alpha_18_10;alpha_17_12;gamma_5_6;delta_18_8;alpha_17_3;alpha_18_9;theta_17_6;alpha_18_12;theta_17_9;alpha_18_14;delta_13_7;gamma_6_7;delta_18_11;beta_17_9;alpha_18_6;alpha_5_2;theta_17_3;gamma_10_11;gamma_15_4;theta_17_10;gamma_18_7;alpha_6_8;gamma_9_10;beta_7_5;gamma_11_4;theta_18_12;gamma_17_11;gamma_8_6;alpha_18_15;theta_17_12;beta_6_7;theta_11_2;theta_18_10;delta_18_2;beta_10_11;alpha_17_10;delta_18_13;gamma_1_6;beta_3_4;gamma_7_5;beta_18_11;gamma_1_7;beta_6_8;delta_17_6;delta_17_1;gamma_4_6;beta_17_3;beta_16_4;theta_18_9;beta_7_4;beta_9_10;beta_17_11;beta_5_8
chb10,chb10_21,80,80,892;594;914;623;886;1414;895;906;910;1314;909;903;377;586;296;1523;912;893;1198;273;1296;896;915;589;913;587;1009;1348;299;1397;580;1201;1368;1519;898;1386;1465;290;1504;1506;1024;1228;600;1229;606;583;35;1279;954;604;171;1297;1217;1330;917;1080;1176;992;1062;1008;1200;603;990;1218;272;1023;686;295;1363;301;1042;277;1007;1209;1262;590;1507;1280;1420;897,alpha_17_9;theta_17_18;alpha_18_14;alpha_1_13;alpha_17_3;gamma_12_4;alpha_17_12;alpha_18_6;alpha_18_10;gamma_6_7;alpha_18_9;alpha_18_3;theta_5_4;theta_17_9;delta_18_8;gamma_18_11;alpha_18_12;alpha_17_10;beta_17_9;delta_17_2;gamma_5_6;alpha_17_13;alpha_18_15;theta_17_12;alpha_18_13;theta_17_10;beta_6_8;gamma_8_6;delta_18_11;gamma_11_4;theta_17_3;beta_17_12;gamma_9_10;gamma_18_7;alpha_17_15;gamma_10_11;gamma_15_4;delta_18_2;gamma_17_9;gamma_17_11;beta_7_5;gamma_1_6;theta_18_6;gamma_1_7;theta_18_12;theta_17_6;delta_3_2;gamma_4_6;beta_3_4;theta_18_10;delta_11_2;gamma_5_7;beta_18_11;gamma_7_5;alpha_18_17;beta_10_11;beta_16_4;beta_5_8;beta_9_10;beta_6_7;beta_17_11;theta_18_9;beta_5_6;beta_18_12;delta_17_1;beta_7_4;alpha_5_8;delta_18_7;gamma_9_4;delta_18_13;beta_8_6;delta_17_6;beta_6_5;beta_18_3;gamma_3_6;theta_17_13;gamma_17_12;gamma_4_7;gamma_12_10;alpha_17_14
chb10,chb10_22,80,80,892;916;1380;903;895;683;910;273;906;586;886;913;1523;893;1198;912;909;1296;915;296;896;1314;1201;1465;587;299;1024;1519;1386;290;589;580;703;1348;898;914;1504;600;1368;1506;1414;1228;1080;1397;1229;583;1330;606;1217;604;1279;954;35;295;992;1297;917;301;990;1176;1200;272;562;603;1009;1209;1062;1008;1007;1042;1218;114;1023;1091;1262;590;686;1507;291;277,alpha_17_9;alpha_18_16;gamma_10_4;alpha_18_3;alpha_17_12;alpha_5_4;alpha_18_10;delta_17_2;alpha_18_6;theta_17_9;alpha_17_3;alpha_18_13;gamma_18_11;alpha_17_10;beta_17_9;alpha_18_12;alpha_18_9;gamma_5_6;alpha_18_15;delta_18_8;alpha_17_13;gamma_6_7;beta_17_12;gamma_15_4;theta_17_10;delta_18_11;beta_7_5;gamma_18_7;gamma_10_11;delta_18_2;theta_17_12;theta_17_3;alpha_6_8;gamma_8_6;alpha_17_15;alpha_18_14;gamma_17_9;theta_18_6;gamma_9_10;gamma_17_11;gamma_12_4;gamma_1_6;beta_10_11;gamma_11_4;gamma_1_7;theta_17_6;gamma_7_5;theta_18_12;beta_18_11;theta_18_10;gamma_4_6;beta_3_4;delta_3_2;delta_18_7;beta_5_8;gamma_5_7;alpha_18_17;delta_18_13;beta_5_6;beta_16_4;beta_17_11;delta_17_1;theta_16_2;theta_18_9;beta_6_8;beta_18_3;beta_9_10;beta_6_7;beta_6_5;beta_8_6;beta_18_12;delta_7_14;beta_7_4;beta_11_4;gamma_3_6;theta_17_13;alpha_5_8;gamma_17_12;delta_18_3;delta_17_6
chb10,chb10_27,100,100,892;1363;341;903;912;273;895;910;909;1519;683;1198;886;893;906;615;1523;586;913;296;1296;898;1201;896;1314;1465;299;587;580;703;589;1080;914;1218;1504;1506;604;1024;290;1228;1414;916;1348;1229;1386;295;606;954;1397;1200;1330;600;917;1368;603;1008;1279;992;915;1484;1507;1213;1007;1023;1217;289;1209;1297;583;1176;1062;1262;686;897;990;610;1022;528;1192;1199;718;1091;1246;301;717;1313;1042;1524;1202;1009;277;894;1431;272;1245;1114;1280;1216;774;937,alpha_17_9;gamma_9_4;theta_3_2;alpha_18_3;alpha_18_12;delta_17_2;alpha_17_12;alpha_18_10;alpha_18_9;gamma_18_7;alpha_5_4;beta_17_9;alpha_17_3;alpha_17_10;alpha_18_6;alpha_1_5;gamma_18_11;theta_17_9;alpha_18_13;delta_18_8;gamma_5_6;alpha_17_15;beta_17_12;alpha_17_13;gamma_6_7;gamma_15_4;delta_18_11;theta_17_10;theta_17_3;alpha_6_8;theta_17_12;beta_10_11;alpha_18_14;beta_18_12;gamma_17_9;gamma_17_11;theta_18_10;beta_7_5;delta_18_2;gamma_1_6;gamma_12_4;alpha_18_16;gamma_8_6;gamma_1_7;gamma_10_11;delta_18_7;theta_18_12;beta_3_4;gamma_11_4;beta_17_11;gamma_7_5;theta_18_6;alpha_18_17;gamma_9_10;theta_18_9;beta_6_7;gamma_4_6;beta_5_8;alpha_18_15;gamma_16_6;gamma_17_12;beta_18_7;beta_6_5;beta_7_4;beta_18_11;delta_18_1;beta_18_3;gamma_5_7;theta_17_6;beta_16_4;beta_9_10;gamma_3_6;alpha_5_8;alpha_17_14;beta_5_6;theta_18_16;beta_7_3;theta_14_2;beta_17_3;beta_17_10;alpha_7_5;beta_11_4;gamma_2_7;delta_18_13;alpha_7_4;gamma_6_5;beta_8_6;gamma_18_12;beta_17_13;beta_6_8;delta_17_6;alpha_17_11;gamma_13_4;delta_17_1;gamma_2_6;beta_12_10;gamma_4_7;beta_18_10;alpha_10_11;beta_2_4
chb10,chb10_28,80,80,892;594;1380;886;895;906;910;913;377;903;586;296;893;909;273;1523;1296;912;1198;898;896;587;1314;1519;589;299;1009;1465;580;1201;1024;915;1228;290;1386;583;48;1368;1397;914;1506;917;1348;1504;528;1297;954;600;916;1414;604;35;289;1080;295;1279;1217;603;992;1229;1007;277;1176;1023;1200;301;1262;1330;686;1062;291;951;1218;1008;590;1091;990;1213;1192;1081,alpha_17_9;theta_17_18;gamma_10_4;alpha_17_3;alpha_17_12;alpha_18_6;alpha_18_10;alpha_18_13;theta_5_4;alpha_18_3;theta_17_9;delta_18_8;alpha_17_10;alpha_18_9;delta_17_2;gamma_18_11;gamma_5_6;alpha_18_12;beta_17_9;alpha_17_15;alpha_17_13;theta_17_10;gamma_6_7;gamma_18_7;theta_17_12;delta_18_11;beta_6_8;gamma_15_4;theta_17_3;beta_17_12;beta_7_5;alpha_18_15;gamma_1_6;delta_18_2;gamma_10_11;theta_17_6;delta_3_16;gamma_9_10;gamma_11_4;alpha_18_14;gamma_17_11;alpha_18_17;gamma_8_6;gamma_17_9;theta_14_2;gamma_5_7;beta_3_4;theta_18_6;alpha_18_16;gamma_12_4;theta_18_10;delta_3_2;delta_18_1;beta_10_11;delta_18_7;gamma_4_6;beta_18_11;theta_18_9;beta_5_8;gamma_1_7;beta_6_5;delta_17_6;beta_16_4;beta_7_4;beta_17_11;delta_18_13;gamma_3_6;gamma_7_5;alpha_5_8;beta_9_10;delta_18_3;beta_2_18;beta_18_12;beta_6_7;theta_17_13;beta_11_4;beta_5_6;beta_18_7;beta_17_3;beta_10_12
chb10,chb10_30,60,60,892;720;903;1414;895;910;906;913;273;586;893;909;1523;1198;296;886;896;915;1201;1296;587;1314;589;583;954;1519;299;1368;1465;290;1504;914;1386;898;912;679;1348;1397;35;1353;1009;603;1506;1297;600;917;1007;580;1080;277;590;604;1507;1437;295;486;1228;1176;1023;1202,alpha_17_9;alpha_7_8;alpha_18_3;gamma_12_4;alpha_17_12;alpha_18_10;alpha_18_6;alpha_18_13;delta_17_2;theta_17_9;alpha_17_10;alpha_18_9;gamma_18_11;beta_17_9;delta_18_8;alpha_17_3;alpha_17_13;alpha_18_15;beta_17_12;gamma_5_6;theta_17_10;gamma_6_7;theta_17_12;theta_17_6;beta_3_4;gamma_18_7;delta_18_11;gamma_9_10;gamma_15_4;delta_18_2;gamma_17_9;alpha_18_14;gamma_10_11;alpha_17_15;alpha_18_12;alpha_4_18;gamma_8_6;gamma_11_4;delta_3_2;gamma_8_12;beta_6_8;theta_18_9;gamma_17_11;gamma_5_7;theta_18_6;alpha_18_17;beta_6_5;theta_17_3;beta_10_11;delta_17_6;theta_17_13;theta_18_10;gamma_17_12;gamma_13_10;delta_18_7;theta_11_12;gamma_1_6;beta_16_4;beta_7_4;beta_17_13
chb10,chb10_31,60,60,892;1176;912;903;1523;273;587;896;1296;910;886;528;296;895;1314;36;909;1519;586;913;906;1024;1198;299;893;1414;1062;703;580;1506;1348;1080;1218;295;1397;1217;1279;290;1386;914;604;679;1368;1484;272;1465;1023;590;1229;915;1228;992;594;1330;1213;1200;35;301;1009;606,alpha_17_9;beta_16_4;alpha_18_12;alpha_18_3;gamma_18_11;delta_17_2;theta_17_10;alpha_17_13;gamma_5_6;alpha_18_10;alpha_17_3;theta_14_2;delta_18_8;alpha_17_12;gamma_6_7;delta_3_4;alpha_18_9;gamma_18_7;theta_17_9;alpha_18_13;alpha_18_6;beta_7_5;beta_17_9;delta_18_11;alpha_17_10;gamma_12_4;beta_9_10;alpha_6_8;theta_17_3;gamma_17_11;gamma_8_6;beta_10_11;beta_18_12;delta_18_7;gamma_11_4;beta_18_11;gamma_4_6;delta_18_2;gamma_10_11;alpha_18_14;theta_18_10;alpha_4_18;gamma_9_10;gamma_16_6;delta_17_1;gamma_15_4;beta_7_4;theta_17_13;gamma_1_7;alpha_18_15;gamma_1_6;beta_5_8;theta_17_18;gamma_7_5;beta_18_7;beta_17_11;delta_3_2;delta_18_13;beta_6_8;theta_18_12
chb10,chb10_38,100,100,892;914;1414;53;895;906;580;917;910;1314;903;893;1523;912;1198;898;414;1296;913;296;587;909;886;589;586;1320;290;1201;1519;1024;896;299;1348;1465;915;954;600;606;1397;1368;1228;273;1506;1386;1504;486;1229;992;583;604;257;1279;295;301;1023;679;718;899;35;990;897;1507;1008;1217;1042;1176;277;1408;1080;1218;1009;1200;1262;717;1199;1007;916;1330;1297;12;1062;1363;1192;592;1298;680;1213;1245;1484;611;920;1246;1337;686;1091;1420;289;291;775;937,alpha_17_9;alpha_18_14;gamma_12_4;delta_4_3;alpha_17_12;alpha_18_6;theta_17_3;alpha_18_17;alpha_18_10;gamma_6_7;alpha_18_3;alpha_17_10;gamma_18_11;alpha_18_12;beta_17_9;alpha_17_15;theta_7_8;gamma_5_6;alpha_18_13;delta_18_8;theta_17_10;alpha_18_9;alpha_17_3;theta_17_12;theta_17_9;gamma_6_13;delta_18_2;beta_17_12;gamma_18_7;beta_7_5;alpha_17_13;delta_18_11;gamma_8_6;gamma_15_4;alpha_18_15;beta_3_4;theta_18_6;theta_18_12;gamma_11_4;gamma_9_10;gamma_1_6;delta_17_2;gamma_17_11;gamma_10_11;gamma_17_9;theta_11_12;gamma_1_7;beta_5_8;theta_17_6;theta_18_10;delta_16_3;gamma_4_6;delta_18_7;delta_18_13;beta_7_4;alpha_4_18;alpha_7_5;alpha_17_16;delta_3_2;beta_5_6;alpha_17_14;gamma_17_12;beta_6_7;beta_18_11;beta_8_6;beta_16_4;delta_17_6;gamma_11_16;beta_10_11;beta_18_12;beta_6_8;beta_17_11;gamma_3_6;alpha_7_4;beta_17_10;beta_6_5;alpha_18_16;gamma_7_5;gamma_5_7;delta_1_14;beta_9_10;gamma_9_4;beta_17_3;theta_17_15;gamma_5_8;alpha_5_1;beta_18_7;gamma_2_6;gamma_16_6;theta_18_17;beta_1_4;gamma_2_7;gamma_7_13;alpha_5_8;beta_11_4;gamma_12_10;delta_18_1;delta_18_3;alpha_10_12;beta_2_4
chb10,chb10_89,100,100,892;547;1496;903;895;910;906;1198;273;912;1523;886;913;586;720;1296;909;1201;296;896;893;915;1314;299;277;589;1519;1007;1414;1504;600;1348;290;954;1386;477;422;587;1397;583;1506;917;1228;580;606;1368;914;1297;1217;1465;1024;603;1279;1209;898;1218;1080;1507;295;992;1229;590;990;287;1023;1091;604;1200;1330;1202;1262;1008;686;1062;272;1176;291;301;1042;1009;594;718;1245;1363;1213;920;899;1192;1420;354;282;1313;303;1418;1298;1280;545;1402;897;1484,alpha_17_9;theta_15_4;gamma_17_1;alpha_18_3;alpha_17_12;alpha_18_10;alpha_18_6;beta_17_9;delta_17_2;alpha_18_12;gamma_18_11;alpha_17_3;alpha_18_13;theta_17_9;alpha_7_8;gamma_5_6;alpha_18_9;beta_17_12;delta_18_8;alpha_17_13;alpha_17_10;alpha_18_15;gamma_6_7;delta_18_11;delta_17_6;theta_17_12;gamma_18_7;beta_6_5;gamma_12_4;gamma_17_9;theta_18_6;gamma_8_6;delta_18_2;beta_3_4;gamma_10_11;theta_11_2;theta_7_16;theta_17_10;gamma_11_4;theta_17_6;gamma_17_11;alpha_18_17;gamma_1_6;theta_17_3;theta_18_12;gamma_9_10;alpha_18_14;gamma_5_7;beta_18_11;gamma_15_4;beta_7_5;theta_18_9;gamma_4_6;beta_18_3;alpha_17_15;beta_18_12;beta_10_11;gamma_17_12;delta_18_7;beta_5_8;gamma_1_7;theta_17_13;beta_5_6;delta_17_16;beta_7_4;beta_11_4;theta_18_10;beta_17_11;gamma_7_5;beta_17_13;gamma_3_6;beta_6_7;alpha_5_8;beta_9_10;delta_17_1;beta_16_4;delta_18_3;delta_18_13;beta_8_6;beta_6_8;theta_17_18;alpha_7_5;gamma_2_6;gamma_9_4;beta_18_7;beta_1_4;alpha_17_16;beta_17_3;gamma_12_10;theta_3_16;delta_17_11;gamma_6_5;delta_18_15;gamma_12_8;gamma_5_8;gamma_4_7;theta_15_2;gamma_11_9;alpha_17_14;gamma_16_6
chb11,chb11_01,40,40,905;1223;910;273;1520;1211;893;1189;1524;599;1206;1011;1214;587;1353;917;908;1173;1512;1218;278;1500;1336;930;1101;1523;602;293;817;884;592;1332;1506;900;997;912;1247;604;1104;1030,alpha_18_5;beta_18_17;alpha_18_10;delta_17_2;gamma_18_8;beta_18_5;alpha_17_10;beta_16_18;gamma_18_12;theta_18_5;beta_17_18;beta_6_10;beta_18_8;theta_17_10;gamma_8_12;alpha_18_17;alpha_18_8;beta_16_1;gamma_17_18;beta_18_12;delta_17_7;gamma_17_5;gamma_7_12;beta_1_14;beta_11_15;gamma_18_11;theta_18_8;delta_18_5;alpha_13_2;alpha_17_1;theta_17_15;gamma_7_8;gamma_17_11;alpha_17_18;beta_5_13;alpha_18_12;gamma_2_8;theta_18_10;beta_11_18;beta_7_12
chb11,chb11_02,40,40,905;1206;606;647;1381;1223;1211;893;273;1520;599;1524;910;1011;1214;587;278;1512;908;1353;917;1218;1121;1500;1336;293;602;1106;1523;592;1359;884;930;1506;900;1332;1104;912;604;1202,alpha_18_5;beta_17_18;theta_18_12;alpha_3_2;gamma_10_5;beta_18_17;beta_18_5;alpha_17_10;delta_17_2;gamma_18_8;theta_18_5;gamma_18_12;alpha_18_10;beta_6_10;beta_18_8;theta_17_10;delta_17_7;gamma_17_18;alpha_18_8;gamma_8_12;alpha_18_17;beta_18_12;beta_12_18;gamma_17_5;gamma_7_12;delta_18_5;theta_18_8;beta_12_2;gamma_18_11;theta_17_15;gamma_8_18;alpha_17_1;beta_1_14;gamma_17_11;alpha_17_18;gamma_7_8;beta_11_18;alpha_18_12;theta_18_10;beta_17_13
chb11,chb11_03,40,40,905;1206;1506;800;1223;273;1211;893;1520;910;599;1524;1011;1214;1353;587;917;1512;908;1381;1218;278;1500;930;1336;293;602;1523;604;884;1121;1247;592;1332;912;900;1494;1101;1036;1202,alpha_18_5;beta_17_18;gamma_17_11;alpha_12_2;beta_18_17;delta_17_2;beta_18_5;alpha_17_10;gamma_18_8;alpha_18_10;theta_18_5;gamma_18_12;beta_6_10;beta_18_8;gamma_8_12;theta_17_10;alpha_18_17;gamma_17_18;alpha_18_8;gamma_10_5;beta_18_12;delta_17_7;gamma_17_5;beta_1_14;gamma_7_12;delta_18_5;theta_18_8;gamma_18_11;theta_18_10;alpha_17_1;beta_12_18;gamma_2_8;theta_17_15;gamma_7_8;alpha_18_12;alpha_17_18;gamma_16_17;beta_11_15;beta_7_18;beta_17_13
chb11,chb11_04,40,40,905;1329;910;1298;1223;273;1211;893;1524;599;1173;1520;1045;1206;1214;587;917;1461;1218;1512;908;1106;278;1353;1500;293;1336;602;1523;930;884;1506;900;912;604;1030;1104;290;1359;592,alpha_18_5;gamma_7_4;alpha_18_10;gamma_5_8;beta_18_17;delta_17_2;beta_18_5;alpha_17_10;gamma_18_12;theta_18_5;beta_16_1;gamma_18_8;beta_8_10;beta_17_18;beta_18_8;theta_17_10;alpha_18_17;gamma_14_18;beta_18_12;gamma_17_18;alpha_18_8;beta_12_2;delta_17_7;gamma_8_12;gamma_17_5;delta_18_5;gamma_7_12;theta_18_8;gamma_18_11;beta_1_14;alpha_17_1;gamma_17_11;alpha_17_18;alpha_18_12;theta_18_10;beta_7_12;beta_11_18;delta_18_2;gamma_8_18;theta_17_15
chb11,chb11_05,40,40,905;910;924;1157;917;273;1520;1211;893;1524;599;1011;1461;1223;1214;1512;587;1218;278;1353;908;1206;1415;1500;1336;293;602;930;1523;1115;1506;1359;592;912;604;900;1104;1332;884;1071,alpha_18_5;alpha_18_10;beta_1_8;beta_15_2;alpha_18_17;delta_17_2;gamma_18_8;beta_18_5;alpha_17_10;gamma_18_12;theta_18_5;beta_6_10;gamma_14_18;beta_18_17;beta_18_8;gamma_17_18;theta_17_10;beta_18_12;delta_17_7;gamma_8_12;alpha_18_8;beta_17_18;gamma_12_5;gamma_17_5;gamma_7_12;delta_18_5;theta_18_8;beta_1_14;gamma_18_11;beta_12_11;gamma_17_11;gamma_8_18;theta_17_15;alpha_18_12;theta_18_10;alpha_17_18;beta_11_18;gamma_7_8;alpha_17_1;beta_10_1
chb11,chb11_06,40,40,905;606;1381;1206;1223;1211;893;273;1011;1520;910;599;1524;587;1214;1353;917;1106;908;1512;1218;1031;278;1500;1336;602;1523;293;1121;1359;592;1506;604;884;1030;900;1247;912;1173;930,alpha_18_5;theta_18_12;gamma_10_5;beta_17_18;beta_18_17;beta_18_5;alpha_17_10;delta_17_2;beta_6_10;gamma_18_8;alpha_18_10;theta_18_5;gamma_18_12;theta_17_10;beta_18_8;gamma_8_12;alpha_18_17;beta_12_2;alpha_18_8;gamma_17_18;beta_18_12;beta_7_13;delta_17_7;gamma_17_5;gamma_7_12;theta_18_8;gamma_18_11;delta_18_5;beta_12_18;gamma_8_18;theta_17_15;gamma_17_11;theta_18_10;alpha_17_1;beta_7_12;alpha_17_18;gamma_2_8;alpha_18_12;beta_16_1;beta_1_14
chb11,chb11_07,40,40,905;917;1415;910;1190;273;1520;1211;893;1524;599;1223;1045;1206;1214;587;1353;1218;278;1512;908;1032;1106;1336;1121;1523;293;602;1500;592;1173;1332;1101;1506;900;1359;912;1104;1030;604,alpha_18_5;alpha_18_17;gamma_12_5;alpha_18_10;beta_17_1;delta_17_2;gamma_18_8;beta_18_5;alpha_17_10;gamma_18_12;theta_18_5;beta_18_17;beta_8_10;beta_17_18;beta_18_8;theta_17_10;gamma_8_12;beta_18_12;delta_17_7;gamma_17_18;alpha_18_8;beta_7_14;beta_12_2;gamma_7_12;beta_12_18;gamma_18_11;delta_18_5;theta_18_8;gamma_17_5;theta_17_15;beta_16_1;gamma_7_8;beta_11_15;gamma_17_11;alpha_17_18;gamma_8_18;alpha_18_12;beta_11_18;beta_7_12;theta_18_10
chb11,chb11_08,40,40,905;1223;1495;604;1214;273;1211;893;1524;1019;599;1206;943;1520;917;587;1353;908;1092;910;1512;1218;278;1500;1336;1106;293;602;1523;1101;964;884;1104;1506;900;1332;1183;912;1247;592,alpha_18_5;beta_18_17;gamma_16_18;theta_18_10;beta_18_8;delta_17_2;beta_18_5;alpha_17_10;gamma_18_12;beta_6_18;theta_18_5;beta_17_18;beta_2_10;gamma_18_8;alpha_18_17;theta_17_10;gamma_8_12;alpha_18_8;beta_11_5;alpha_18_10;gamma_17_18;beta_18_12;delta_17_7;gamma_17_5;gamma_7_12;beta_12_2;delta_18_5;theta_18_8;gamma_18_11;beta_11_15;beta_3_14;alpha_17_1;beta_11_18;gamma_17_11;alpha_17_18;gamma_7_8;beta_16_11;alpha_18_12;gamma_2_8;theta_17_15
chb11,chb11_09,40,40,905;1023;1315;910;917;1143;273;1211;1520;893;599;1524;943;1223;1512;1214;587;278;1218;1106;1206;908;293;1500;1353;1336;602;1523;1189;884;592;1506;1359;900;1030;912;930;604;1104;1183,alpha_18_5;beta_7_4;gamma_6_8;alpha_18_10;alpha_18_17;beta_14_5;delta_17_2;beta_18_5;gamma_18_8;alpha_17_10;theta_18_5;gamma_18_12;beta_2_10;beta_18_17;gamma_17_18;beta_18_8;theta_17_10;delta_17_7;beta_18_12;beta_12_2;beta_17_18;alpha_18_8;delta_18_5;gamma_17_5;gamma_8_12;gamma_7_12;theta_18_8;gamma_18_11;beta_16_18;alpha_17_1;theta_17_15;gamma_17_11;gamma_8_18;alpha_17_18;beta_7_12;alpha_18_12;beta_1_14;theta_18_10;beta_11_18;beta_16_11
chb11,chb11_10,40,40,905;1023;624;910;1223;273;1211;893;1524;817;599;1520;1206;1214;587;1353;1189;917;278;1218;1011;1512;908;1381;293;1500;1336;602;1523;592;884;604;1506;1247;900;912;1173;1030;290;1104,alpha_18_5;beta_7_4;alpha_1_14;alpha_18_10;beta_18_17;delta_17_2;beta_18_5;alpha_17_10;gamma_18_12;alpha_13_2;theta_18_5;gamma_18_8;beta_17_18;beta_18_8;theta_17_10;gamma_8_12;beta_16_18;alpha_18_17;delta_17_7;beta_18_12;beta_6_10;gamma_17_18;alpha_18_8;gamma_10_5;delta_18_5;gamma_17_5;gamma_7_12;theta_18_8;gamma_18_11;theta_17_15;alpha_17_1;theta_18_10;gamma_17_11;gamma_2_8;alpha_17_18;alpha_18_12;beta_16_1;beta_7_12;delta_18_2;beta_11_18
chb11,chb11_11,40,40,905;910;1453;917;273;1520;1211;893;1524;599;1106;1478;1223;1353;1214;1512;587;1011;1218;278;908;1206;293;1500;1336;602;930;1173;1523;884;1506;1183;1104;900;912;1359;1030;592;604;1202,alpha_18_5;alpha_18_10;gamma_14_9;alpha_18_17;delta_17_2;gamma_18_8;beta_18_5;alpha_17_10;gamma_18_12;theta_18_5;beta_12_2;gamma_15_18;beta_18_17;gamma_8_12;beta_18_8;gamma_17_18;theta_17_10;beta_6_10;beta_18_12;delta_17_7;alpha_18_8;beta_17_18;delta_18_5;gamma_17_5;gamma_7_12;theta_18_8;beta_1_14;beta_16_1;gamma_18_11;alpha_17_1;gamma_17_11;beta_16_11;beta_11_18;alpha_17_18;alpha_18_12;gamma_8_18;beta_7_12;theta_17_15;theta_18_10;beta_17_13
chb11,chb11_12,40,40,905;1223;1295;910;273;1520;1211;893;1173;1524;599;1206;1214;705;1353;587;917;1189;1218;278;1512;908;1101;964;1500;1336;602;293;1523;1106;884;1506;912;900;1410;604;1030;1247;592;1332,alpha_18_5;beta_18_17;gamma_5_4;alpha_18_10;delta_17_2;gamma_18_8;beta_18_5;alpha_17_10;beta_16_1;gamma_18_12;theta_18_5;beta_17_18;beta_18_8;alpha_6_10;gamma_8_12;theta_17_10;alpha_18_17;beta_16_18;beta_18_12;delta_17_7;gamma_17_18;alpha_18_8;beta_11_15;beta_3_14;gamma_17_5;gamma_7_12;theta_18_8;delta_18_5;gamma_18_11;beta_12_2;alpha_17_1;gamma_17_11;alpha_18_12;alpha_17_18;gamma_11_18;theta_18_10;beta_7_12;gamma_2_8;theta_17_15;gamma_7_8
chb11,chb11_13,40,40,905;1223;1494;273;1520;893;1211;910;1524;1249;599;1206;1214;587;1106;917;1353;1218;278;908;1512;930;1500;1336;1478;602;1173;293;1523;884;592;1506;1359;1104;1030;900;912;1183;604;1247,alpha_18_5;beta_18_17;gamma_16_17;delta_17_2;gamma_18_8;alpha_17_10;beta_18_5;alpha_18_10;gamma_18_12;gamma_2_10;theta_18_5;beta_17_18;beta_18_8;theta_17_10;beta_12_2;alpha_18_17;gamma_8_12;beta_18_12;delta_17_7;alpha_18_8;gamma_17_18;beta_1_14;gamma_17_5;gamma_7_12;gamma_15_18;theta_18_8;beta_16_1;delta_18_5;gamma_18_11;alpha_17_1;theta_17_15;gamma_17_11;gamma_8_18;beta_11_18;beta_7_12;alpha_17_18;alpha_18_12;beta_16_11;theta_18_10;gamma_2_8
chb11,chb11_14,40,40,905;1439;910;1315;1223;273;1211;1520;893;1011;599;1524;1206;1214;1381;917;587;1115;278;1218;1512;908;624;817;1336;1500;293;1353;602;1523;1189;884;1506;1030;900;1359;592;912;604;1071,alpha_18_5;gamma_13_12;alpha_18_10;gamma_6_8;beta_18_17;delta_17_2;beta_18_5;gamma_18_8;alpha_17_10;beta_6_10;theta_18_5;gamma_18_12;beta_17_18;beta_18_8;gamma_10_5;alpha_18_17;theta_17_10;beta_12_11;delta_17_7;beta_18_12;gamma_17_18;alpha_18_8;alpha_1_14;alpha_13_2;gamma_7_12;gamma_17_5;delta_18_5;gamma_8_12;theta_18_8;gamma_18_11;beta_16_18;alpha_17_1;gamma_17_11;beta_7_12;alpha_17_18;gamma_8_18;theta_17_15;alpha_18_12;theta_18_10;beta_10_1
chb11,chb11_15,40,40,905;1023;1315;910;917;273;1211;1524;893;1106;599;1011;1520;1223;1512;1214;587;1121;278;1218;1206;908;1101;1415;1500;1336;1353;293;602;964;1523;1506;900;290;1104;912;1359;592;1030;884,alpha_18_5;beta_7_4;gamma_6_8;alpha_18_10;alpha_18_17;delta_17_2;beta_18_5;gamma_18_12;alpha_17_10;beta_12_2;theta_18_5;beta_6_10;gamma_18_8;beta_18_17;gamma_17_18;beta_18_8;theta_17_10;beta_12_18;delta_17_7;beta_18_12;beta_17_18;alpha_18_8;beta_11_15;gamma_12_5;gamma_17_5;gamma_7_12;gamma_8_12;delta_18_5;theta_18_8;beta_3_14;gamma_18_11;gamma_17_11;alpha_17_18;delta_18_2;beta_11_18;alpha_18_12;gamma_8_18;theta_17_15;beta_7_12;alpha_17_1
chb11,chb11_16,40,40,905;1223;274;1520;910;1211;1174;893;273;1524;1189;599;1011;1214;1206;1353;587;1218;917;1512;908;1031;278;1500;1336;1381;602;293;592;1523;884;930;1036;1506;1247;604;1332;900;912;1101,alpha_18_5;beta_18_17;delta_17_3;gamma_18_8;alpha_18_10;beta_18_5;beta_16_2;alpha_17_10;delta_17_2;gamma_18_12;beta_16_18;theta_18_5;beta_6_10;beta_18_8;beta_17_18;gamma_8_12;theta_17_10;beta_18_12;alpha_18_17;gamma_17_18;alpha_18_8;beta_7_13;delta_17_7;gamma_17_5;gamma_7_12;gamma_10_5;theta_18_8;delta_18_5;theta_17_15;gamma_18_11;alpha_17_1;beta_1_14;beta_7_18;gamma_17_11;gamma_2_8;theta_18_10;gamma_7_8;alpha_17_18;alpha_18_12;beta_11_15
chb11,chb11_17,40,40,905;1264;1381;910;917;273;1211;1520;893;1524;599;1011;1206;1214;1223;587;1218;1189;278;908;1512;1106;1500;1336;1353;602;293;998;1523;592;884;1506;1359;1173;1030;900;912;604;1104;1517,alpha_18_5;gamma_3_8;gamma_10_5;alpha_18_10;alpha_18_17;delta_17_2;beta_18_5;gamma_18_8;alpha_17_10;gamma_18_12;theta_18_5;beta_6_10;beta_17_18;beta_18_8;beta_18_17;theta_17_10;beta_18_12;beta_16_18;delta_17_7;alpha_18_8;gamma_17_18;beta_12_2;gamma_17_5;gamma_7_12;gamma_8_12;theta_18_8;delta_18_5;beta_5_14;gamma_18_11;theta_17_15;alpha_17_1;gamma_17_11;gamma_8_18;beta_16_1;beta_7_12;alpha_17_18;alpha_18_12;theta_18_10;beta_11_18;gamma_18_5
chb11,chb11_18,40,40,905;1223;1494;278;1524;1211;893;273;1011;1520;910;599;1206;1214;1106;587;1353;1218;917;1512;1415;908;1101;1500;1336;602;293;1523;592;1121;884;930;1506;1030;900;1247;1071;912;604;1104,alpha_18_5;beta_18_17;gamma_16_17;delta_17_7;gamma_18_12;beta_18_5;alpha_17_10;delta_17_2;beta_6_10;gamma_18_8;alpha_18_10;theta_18_5;beta_17_18;beta_18_8;beta_12_2;theta_17_10;gamma_8_12;beta_18_12;alpha_18_17;gamma_17_18;gamma_12_5;alpha_18_8;beta_11_15;gamma_17_5;gamma_7_12;theta_18_8;delta_18_5;gamma_18_11;theta_17_15;beta_12_18;alpha_17_1;beta_1_14;gamma_17_11;beta_7_12;alpha_17_18;gamma_2_8;beta_10_1;alpha_18_12;theta_18_10;beta_11_18
chb11,chb11_19,40,40,905;278;1495;1223;1524;1211;893;273;1520;943;910;599;1353;1214;1206;587;917;1218;1174;908;1512;1500;1381;1032;602;1336;1101;293;1523;592;884;1247;1506;1036;912;900;1104;604;1332;1517,alpha_18_5;delta_17_7;gamma_16_18;beta_18_17;gamma_18_12;beta_18_5;alpha_17_10;delta_17_2;gamma_18_8;beta_2_10;alpha_18_10;theta_18_5;gamma_8_12;beta_18_8;beta_17_18;theta_17_10;alpha_18_17;beta_18_12;beta_16_2;alpha_18_8;gamma_17_18;gamma_17_5;gamma_10_5;beta_7_14;theta_18_8;gamma_7_12;beta_11_15;delta_18_5;gamma_18_11;theta_17_15;alpha_17_1;gamma_2_8;gamma_17_11;beta_7_18;alpha_18_12;alpha_17_18;beta_11_18;theta_18_10;gamma_7_8;gamma_18_5
chb11,chb11_24,40,40,905;1329;783;910;992;273;917;1211;1524;893;599;1520;1223;1512;1011;1214;587;1189;1218;278;1206;908;1173;1353;1336;1500;602;293;1523;930;884;1506;1101;912;900;1030;592;1359;1104;604,alpha_18_5;gamma_7_4;alpha_11_2;alpha_18_10;beta_5_8;delta_17_2;alpha_18_17;beta_18_5;gamma_18_12;alpha_17_10;theta_18_5;gamma_18_8;beta_18_17;gamma_17_18;beta_6_10;beta_18_8;theta_17_10;beta_16_18;beta_18_12;delta_17_7;beta_17_18;alpha_18_8;beta_16_1;gamma_8_12;gamma_7_12;gamma_17_5;theta_18_8;delta_18_5;gamma_18_11;beta_1_14;alpha_17_1;gamma_17_11;beta_11_15;alpha_18_12;alpha_17_18;beta_7_12;theta_17_15;gamma_8_18;beta_11_18;theta_18_10
chb11,chb11_25,40,40,905;1223;602;1206;1211;893;1011;1524;273;910;599;1520;1174;1214;1353;917;587;1218;1461;1512;908;1500;278;1173;1336;1523;884;293;1506;1359;930;592;912;1332;1247;900;1190;1104;604;1030,alpha_18_5;beta_18_17;theta_18_8;beta_17_18;beta_18_5;alpha_17_10;beta_6_10;gamma_18_12;delta_17_2;alpha_18_10;theta_18_5;gamma_18_8;beta_16_2;beta_18_8;gamma_8_12;alpha_18_17;theta_17_10;beta_18_12;gamma_14_18;gamma_17_18;alpha_18_8;gamma_17_5;delta_17_7;beta_16_1;gamma_7_12;gamma_18_11;alpha_17_1;delta_18_5;gamma_17_11;gamma_8_18;beta_1_14;theta_17_15;alpha_18_12;gamma_7_8;gamma_2_8;alpha_17_18;beta_17_1;beta_11_18;theta_18_10;beta_7_12
chb11,chb11_26,40,40,905;1528;1109;910;1223;273;1211;1520;893;1353;599;1524;1206;1214;1011;587;917;1218;908;1512;783;293;1500;1336;278;602;1461;1523;930;884;1506;912;604;900;1030;1247;1104;592;1332;1190,alpha_18_5;gamma_18_16;beta_12_5;alpha_18_10;beta_18_17;delta_17_2;beta_18_5;gamma_18_8;alpha_17_10;gamma_8_12;theta_18_5;gamma_18_12;beta_17_18;beta_18_8;beta_6_10;theta_17_10;alpha_18_17;beta_18_12;alpha_18_8;gamma_17_18;alpha_11_2;delta_18_5;gamma_17_5;gamma_7_12;delta_17_7;theta_18_8;gamma_14_18;gamma_18_11;beta_1_14;alpha_17_1;gamma_17_11;alpha_18_12;theta_18_10;alpha_17_18;beta_7_12;gamma_2_8;beta_11_18;theta_17_15;gamma_7_8;beta_17_1
chb11,chb11_27,40,40,905;1223;743;604;273;1524;1211;893;1214;1512;599;1055;1520;917;1353;1218;587;1478;960;910;908;1206;1088;278;1523;1336;1500;293;602;884;1104;1506;900;1247;912;1030;592;1359;1332;1503,alpha_18_5;beta_18_17;alpha_8_14;theta_18_10;delta_17_2;gamma_18_12;beta_18_5;alpha_17_10;beta_18_8;gamma_17_18;theta_18_5;beta_9_2;gamma_18_8;alpha_18_17;gamma_8_12;beta_18_12;theta_17_10;gamma_15_18;beta_3_10;alpha_18_10;alpha_18_8;beta_17_18;beta_11_1;delta_17_7;gamma_18_11;gamma_7_12;gamma_17_5;delta_18_5;theta_18_8;alpha_17_1;beta_11_18;gamma_17_11;alpha_17_18;gamma_2_8;alpha_18_12;beta_7_12;theta_17_15;gamma_8_18;gamma_7_8;gamma_17_8
chb11,chb11_53,40,40,905;917;816;910;273;1520;1211;893;994;1524;599;1512;1214;1223;1353;278;587;1218;1014;1494;1206;908;1500;1336;293;1106;1121;602;592;1523;1274;884;1506;1030;1381;900;1247;912;604;290,alpha_18_5;alpha_18_17;alpha_13_1;alpha_18_10;delta_17_2;gamma_18_8;beta_18_5;alpha_17_10;beta_5_10;gamma_18_12;theta_18_5;gamma_17_18;beta_18_8;beta_18_17;gamma_8_12;delta_17_7;theta_17_10;beta_18_12;beta_6_13;gamma_16_17;beta_17_18;alpha_18_8;gamma_17_5;gamma_7_12;delta_18_5;beta_12_2;beta_12_18;theta_18_8;theta_17_15;gamma_18_11;gamma_3_18;alpha_17_1;gamma_17_11;beta_7_12;gamma_10_5;alpha_17_18;gamma_2_8;alpha_18_12;theta_18_10;delta_18_2
chb11,chb11_54,40,40,905;917;910;1143;1190;273;1520;1211;893;1524;599;1223;1353;1512;1214;587;1317;1218;1206;908;1106;1393;592;1336;278;602;293;930;1500;1523;1247;1506;900;1332;912;604;884;1030;1104;1359,alpha_18_5;alpha_18_17;alpha_18_10;beta_14_5;beta_17_1;delta_17_2;gamma_18_8;beta_18_5;alpha_17_10;gamma_18_12;theta_18_5;beta_18_17;gamma_8_12;gamma_17_18;beta_18_8;theta_17_10;gamma_6_10;beta_18_12;beta_17_18;alpha_18_8;beta_12_2;gamma_10_18;theta_17_15;gamma_7_12;delta_17_7;theta_18_8;delta_18_5;beta_1_14;gamma_17_5;gamma_18_11;gamma_2_8;gamma_17_11;alpha_17_18;gamma_7_8;alpha_18_12;theta_18_10;alpha_17_1;beta_7_12;beta_11_18;gamma_8_18
chb11,chb11_55,40,40,905;606;1206;1381;1223;1211;893;273;1520;926;599;910;1524;1214;587;917;1353;1512;908;964;1218;1106;278;1500;1336;293;1478;1101;602;1523;592;884;604;1506;900;1030;1247;1173;912;1104,alpha_18_5;theta_18_12;beta_17_18;gamma_10_5;beta_18_17;beta_18_5;alpha_17_10;delta_17_2;gamma_18_8;beta_1_10;theta_18_5;alpha_18_10;gamma_18_12;beta_18_8;theta_17_10;alpha_18_17;gamma_8_12;gamma_17_18;alpha_18_8;beta_3_14;beta_18_12;beta_12_2;delta_17_7;gamma_17_5;gamma_7_12;delta_18_5;gamma_15_18;beta_11_15;theta_18_8;gamma_18_11;theta_17_15;alpha_17_1;theta_18_10;gamma_17_11;alpha_17_18;beta_7_12;gamma_2_8;beta_16_1;alpha_18_12;beta_11_18
chb11,chb11_56,40,40,905;1206;602;1381;1223;1211;893;273;1524;910;599;1520;688;1214;587;817;1353;1512;1218;917;278;908;1500;981;1336;293;1523;884;1121;592;1359;1506;900;912;604;1332;1247;1173;1104;1202,alpha_18_5;beta_17_18;theta_18_8;gamma_10_5;beta_18_17;beta_18_5;alpha_17_10;delta_17_2;gamma_18_12;alpha_18_10;theta_18_5;gamma_18_8;alpha_5_10;beta_18_8;theta_17_10;alpha_13_2;gamma_8_12;gamma_17_18;beta_18_12;alpha_18_17;delta_17_7;alpha_18_8;gamma_17_5;beta_4_14;gamma_7_12;delta_18_5;gamma_18_11;alpha_17_1;beta_12_18;theta_17_15;gamma_8_18;gamma_17_11;alpha_17_18;alpha_18_12;theta_18_10;gamma_7_8;gamma_2_8;beta_16_1;beta_11_18;beta_17_13
chb11,chb11_58,40,40,905;602;1206;1415;1223;1211;893;273;1524;599;1011;910;1520;1353;1214;587;917;1115;278;1218;1512;1106;908;1336;1500;293;930;1523;884;1189;592;1506;1030;900;1247;604;912;1104;1101;1332,alpha_18_5;theta_18_8;beta_17_18;gamma_12_5;beta_18_17;beta_18_5;alpha_17_10;delta_17_2;gamma_18_12;theta_18_5;beta_6_10;alpha_18_10;gamma_18_8;gamma_8_12;beta_18_8;theta_17_10;alpha_18_17;beta_12_11;delta_17_7;beta_18_12;gamma_17_18;beta_12_2;alpha_18_8;gamma_7_12;gamma_17_5;delta_18_5;beta_1_14;gamma_18_11;alpha_17_1;beta_16_18;theta_17_15;gamma_17_11;beta_7_12;alpha_17_18;gamma_2_8;theta_18_10;alpha_18_12;beta_11_18;beta_11_15;gamma_7_8
chb11,chb11_60,40,40,905;917;1227;748;910;273;1520;1211;893;1524;599;705;1214;1206;1223;1353;278;587;1218;1512;908;1106;592;1189;1336;1500;293;602;1523;947;884;1381;1247;1506;900;1030;912;1101;1104;604,alpha_18_5;alpha_18_17;gamma_1_5;alpha_9_1;alpha_18_10;delta_17_2;gamma_18_8;beta_18_5;alpha_17_10;gamma_18_12;theta_18_5;alpha_6_10;beta_18_8;beta_17_18;beta_18_17;gamma_8_12;delta_17_7;theta_17_10;beta_18_12;gamma_17_18;alpha_18_8;beta_12_2;theta_17_15;beta_16_18;gamma_7_12;gamma_17_5;delta_18_5;theta_18_8;gamma_18_11;beta_2_14;alpha_17_1;gamma_10_5;gamma_2_8;gamma_17_11;alpha_17_18;beta_7_12;alpha_18_12;beta_11_15;beta_11_18;theta_18_10
chb11,chb11_61,40,40,905;1223;1387;910;273;1520;1211;926;893;1524;1512;599;1092;1214;917;587;1353;908;592;1218;1206;1174;278;1500;1336;602;293;1478;1523;964;884;1101;1506;1030;900;1359;912;604;1517;1332,alpha_18_5;beta_18_17;gamma_10_12;alpha_18_10;delta_17_2;gamma_18_8;beta_18_5;beta_1_10;alpha_17_10;gamma_18_12;gamma_17_18;theta_18_5;beta_11_5;beta_18_8;alpha_18_17;theta_17_10;gamma_8_12;alpha_18_8;theta_17_15;beta_18_12;beta_17_18;beta_16_2;delta_17_7;gamma_17_5;gamma_7_12;theta_18_8;delta_18_5;gamma_15_18;gamma_18_11;beta_3_14;alpha_17_1;beta_11_15;gamma_17_11;beta_7_12;alpha_17_18;gamma_8_18;alpha_18_12;theta_18_10;gamma_18_5;gamma_7_8
chb11,chb11_62,40,40,905;606;1206;1174;1223;1211;893;273;1520;926;599;910;1524;1478;1214;917;1353;587;592;1512;908;1173;1218;278;1500;1336;293;602;1523;930;1359;1517;900;1104;1030;1101;1506;884;1332;1247,alpha_18_5;theta_18_12;beta_17_18;beta_16_2;beta_18_17;beta_18_5;alpha_17_10;delta_17_2;gamma_18_8;beta_1_10;theta_18_5;alpha_18_10;gamma_18_12;gamma_15_18;beta_18_8;alpha_18_17;gamma_8_12;theta_17_10;theta_17_15;gamma_17_18;alpha_18_8;beta_16_1;beta_18_12;delta_17_7;gamma_17_5;gamma_7_12;delta_18_5;theta_18_8;gamma_18_11;beta_1_14;gamma_8_18;gamma_18_5;alpha_17_18;beta_11_18;beta_7_12;beta_11_15;gamma_17_11;alpha_17_1;gamma_7_8;gamma_2_8
chb11,chb11_63,40,40,905;606;1206;1381;1223;1211;893;273;1520;599;910;1524;1011;1214;587;278;1353;917;1512;908;1121;1218;1500;592;1336;964;1106;1523;293;602;1101;900;1506;1104;1030;884;1247;912;604;1173,alpha_18_5;theta_18_12;beta_17_18;gamma_10_5;beta_18_17;beta_18_5;alpha_17_10;delta_17_2;gamma_18_8;theta_18_5;alpha_18_10;gamma_18_12;beta_6_10;beta_18_8;theta_17_10;delta_17_7;gamma_8_12;alpha_18_17;gamma_17_18;alpha_18_8;beta_12_18;beta_18_12;gamma_17_5;theta_17_15;gamma_7_12;beta_3_14;beta_12_2;gamma_18_11;delta_18_5;theta_18_8;beta_11_15;alpha_17_18;gamma_17_11;beta_11_18;beta_7_12;alpha_17_1;gamma_2_8;alpha_18_12;theta_18_10;beta_16_1
chb11,chb11_82,100,100,905;1230;910;624;917;273;1189;1520;1211;893;1524;599;278;1223;1214;1512;1011;587;1218;1092;908;1206;1353;1500;1336;602;293;1523;1174;592;1031;884;1332;1506;900;912;1188;604;1104;1202;1030;1183;1247;1190;1503;1071;290;1410;1045;578;1036;1507;1508;1199;1401;606;1194;1359;1489;1342;1101;1415;1047;296;1427;1496;1329;941;896;1200;994;1007;594;281;1106;1026;1417;1405;1517;1280;1095;930;1197;1121;1105;1023;1357;272;1217;1264;997;1528;1519;888;1317;1314;898;798;1315;1501,alpha_18_5;gamma_1_8;alpha_18_10;alpha_1_14;alpha_18_17;delta_17_2;beta_16_18;gamma_18_8;beta_18_5;alpha_17_10;gamma_18_12;theta_18_5;delta_17_7;beta_18_17;beta_18_8;gamma_17_18;beta_6_10;theta_17_10;beta_18_12;beta_11_5;alpha_18_8;beta_17_18;gamma_8_12;gamma_17_5;gamma_7_12;theta_18_8;delta_18_5;gamma_18_11;beta_16_2;theta_17_15;beta_7_13;alpha_17_1;gamma_7_8;gamma_17_11;alpha_17_18;alpha_18_12;beta_16_17;theta_18_10;beta_11_18;beta_17_13;beta_7_12;beta_16_11;gamma_2_8;beta_17_1;gamma_17_8;beta_10_1;delta_18_2;gamma_11_18;beta_8_10;theta_17_1;beta_7_18;gamma_17_12;gamma_17_13;beta_17_10;gamma_11_8;theta_18_12;beta_17_5;gamma_8_18;gamma_16_11;gamma_7_18;beta_11_15;gamma_12_5;beta_8_12;delta_18_8;gamma_12_18;gamma_17_1;gamma_7_4;beta_2_8;alpha_17_13;beta_17_11;beta_5_10;beta_6_5;theta_17_18;delta_17_10;beta_12_2;beta_7_8;gamma_12_7;gamma_11_13;gamma_18_5;gamma_4_7;beta_11_8;beta_1_14;beta_17_8;beta_12_18;beta_12_1;beta_7_4;gamma_8_16;delta_17_1;beta_18_11;gamma_3_8;beta_5_13;gamma_18_16;gamma_18_7;alpha_17_5;gamma_6_10;gamma_6_7;alpha_17_15;alpha_11_18;gamma_6_8;gamma_17_6
chb11,chb11_92,20,20,905;1206;1313;766;908;1223;1211;893;273;1524;599;910;624;1520;1353;1495;1214;587;1011;1512,alpha_18_5;beta_17_18;gamma_6_5;alpha_10_2;alpha_18_8;beta_18_17;beta_18_5;alpha_17_10;delta_17_2;gamma_18_12;theta_18_5;alpha_18_10;alpha_1_14;gamma_18_8;gamma_8_12;gamma_16_18;beta_18_8;theta_17_10;beta_6_10;gamma_17_18
chb11,chb11_99,60,60,583;285;1058;1529;1047;1211;277;273;1223;889;386;1461;905;1524;1158;1359;278;1218;893;1341;1520;1349;1214;603;1512;584;1517;1121;912;1045;817;1195;1120;1421;131;917;1464;908;1119;1358;1336;17;1247;606;1393;1126;1206;1506;1107;80;1335;1427;602;1051;1437;1314;1332;301;1104;1449,theta_17_6;delta_17_14;beta_9_5;gamma_18_17;beta_8_12;beta_18_5;delta_17_6;delta_17_2;beta_18_17;alpha_17_6;theta_5_14;gamma_14_18;alpha_18_5;gamma_18_12;beta_15_3;gamma_8_18;delta_17_7;beta_18_12;alpha_17_10;gamma_7_17;gamma_18_8;gamma_8_7;beta_18_8;theta_18_9;gamma_17_18;theta_17_7;gamma_18_5;beta_12_18;alpha_18_12;beta_8_10;alpha_13_2;beta_17_6;beta_12_17;gamma_12_11;delta_8_14;alpha_18_17;gamma_15_3;alpha_18_8;beta_12_16;gamma_8_17;gamma_7_12;delta_2_1;gamma_2_8;theta_18_12;gamma_10_18;beta_13_5;beta_17_18;gamma_17_11;beta_12_3;delta_5_14;gamma_7_11;gamma_12_18;theta_18_8;beta_8_16;gamma_13_10;gamma_6_7;gamma_7_8;delta_18_13;beta_11_18;gamma_14_5
chb12,chb12_06,80,80,892;1507;623;1196;911;909;1296;94;1509;1215;186;1198;446;1424;586;1206;891;1280;184;603;1389;1217;453;1521;285;294;584;905;1502;34;1204;275;1520;40;1407;273;1203;1519;585;1083;483;161;1377;277;901;1248;159;899;1211;1213;1423;205;1455;377;492;1504;1486;79;1508;1345;140;605;1390;232;1510;890;471;1523;147;274;1336;1406;235;1263;1373;136;111;1524;898;246,alpha_17_9;gamma_17_12;alpha_1_13;beta_17_7;alpha_18_11;alpha_18_9;gamma_5_6;delta_6_11;gamma_17_14;beta_18_9;delta_11_18;beta_17_9;theta_9_5;gamma_12_15;theta_17_9;beta_17_18;alpha_17_8;gamma_4_7;delta_11_16;theta_18_9;gamma_10_14;beta_18_11;theta_9_13;gamma_18_9;delta_17_14;delta_18_6;theta_17_7;alpha_18_5;gamma_17_7;delta_3_1;beta_17_15;delta_17_4;gamma_18_8;delta_3_8;gamma_11_15;delta_17_2;beta_17_14;gamma_18_7;theta_17_8;beta_10_14;theta_11_8;delta_10_9;gamma_10_1;delta_17_6;alpha_18_1;gamma_2_9;delta_10_7;alpha_17_16;beta_18_5;beta_18_7;gamma_12_14;delta_13_2;gamma_14_11;theta_5_4;theta_11_18;gamma_17_9;gamma_16_8;delta_5_13;gamma_17_13;gamma_8_3;delta_9_5;theta_18_11;gamma_10_15;delta_14_12;gamma_17_15;alpha_17_7;theta_10_14;gamma_18_11;delta_9_13;delta_17_3;gamma_7_12;gamma_11_14;delta_14_16;gamma_3_7;gamma_9_15;delta_9_1;delta_7_11;gamma_18_12;alpha_17_15;delta_15_9
chb12,chb12_08,80,80,892;1507;128;543;1196;911;1407;909;294;385;1509;1215;899;161;1377;1198;1206;1280;184;891;1217;586;1248;140;584;1389;1204;603;1502;377;1424;1521;277;1213;483;1296;186;585;905;270;593;1332;1520;453;408;1195;901;1510;1083;1238;1063;1482;1345;178;1519;1373;885;1224;605;169;111;900;285;446;890;1390;116;232;1501;1411;292;263;898;79;1441;278;1516;205;492;490,alpha_17_9;gamma_17_12;delta_8_11;theta_14_18;beta_17_7;alpha_18_11;gamma_11_15;alpha_18_9;delta_18_6;theta_5_13;gamma_17_14;beta_18_9;alpha_17_16;delta_10_9;gamma_10_1;beta_17_9;beta_17_18;gamma_4_7;delta_11_16;alpha_17_8;beta_18_11;theta_17_9;gamma_2_9;delta_9_5;theta_17_7;gamma_10_14;beta_17_15;theta_18_9;gamma_17_7;theta_5_4;gamma_12_15;gamma_18_9;delta_17_6;beta_18_7;theta_11_8;gamma_5_6;delta_11_18;theta_17_8;alpha_18_5;delta_16_17;theta_17_16;gamma_7_8;gamma_18_8;theta_9_13;theta_7_1;beta_17_6;alpha_18_1;gamma_17_15;beta_10_14;gamma_1_16;beta_9_11;gamma_16_4;gamma_8_3;delta_11_9;gamma_18_7;gamma_9_15;alpha_17_2;gamma_1_2;theta_18_11;delta_10_18;delta_7_11;alpha_17_18;delta_17_14;theta_9_5;alpha_17_7;gamma_10_15;delta_7_16;delta_14_12;gamma_17_6;gamma_12_1;delta_18_4;delta_16_9;alpha_17_15;delta_5_13;gamma_13_15;delta_17_7;gamma_18_4;delta_13_2;theta_11_18;theta_11_16
chb12,chb12_09,100,100,892;1509;1196;900;911;159;909;453;1407;1507;94;1215;385;586;1296;1502;585;1198;294;184;899;1411;1217;603;584;446;186;1521;1248;905;1389;34;1204;377;1280;1345;1519;1336;777;593;1206;277;273;1520;891;205;1424;229;1332;79;136;292;1213;1510;111;1455;1523;278;1083;492;1211;48;890;177;298;1203;140;1524;1238;1373;1195;691;17;150;77;1377;1263;178;605;289;169;1504;1224;471;411;1390;285;1516;898;130;1486;204;275;1423;128;1192;147;1501;152;1288,alpha_17_9;gamma_17_14;beta_17_7;alpha_17_18;alpha_18_11;delta_10_7;alpha_18_9;theta_9_13;gamma_11_15;gamma_17_12;delta_6_11;beta_18_9;theta_5_13;theta_17_9;gamma_5_6;gamma_17_7;theta_17_8;beta_17_9;delta_18_6;delta_11_16;alpha_17_16;gamma_12_1;beta_18_11;theta_18_9;theta_17_7;theta_9_5;delta_11_18;gamma_18_9;gamma_2_9;alpha_18_5;gamma_10_14;delta_3_1;beta_17_15;theta_5_4;gamma_4_7;gamma_8_3;gamma_18_7;gamma_7_12;alpha_10_14;theta_17_16;beta_17_18;delta_17_6;delta_17_2;gamma_18_8;alpha_17_8;delta_13_2;gamma_12_15;delta_14_9;gamma_7_8;delta_5_13;delta_9_1;delta_18_4;beta_18_7;gamma_17_15;delta_7_11;gamma_14_11;gamma_18_11;delta_17_7;beta_10_14;theta_11_18;beta_18_5;delta_3_16;alpha_17_7;delta_11_8;delta_18_10;beta_17_14;delta_9_5;gamma_18_12;gamma_1_16;gamma_9_15;beta_17_6;alpha_5_13;delta_2_1;delta_9_16;delta_5_11;gamma_10_1;gamma_3_7;delta_11_9;theta_18_11;delta_18_1;delta_10_18;gamma_17_9;gamma_1_2;theta_10_14;theta_7_4;gamma_10_15;delta_17_14;gamma_18_4;alpha_17_15;delta_8_13;gamma_16_8;delta_13_1;delta_17_4;gamma_12_14;delta_8_11;beta_17_3;delta_9_13;gamma_17_6;delta_9_18;gamma_4_15
chb12,chb12_10,60,60,892;1507;560;1196;1424;909;1217;140;294;1215;385;1509;899;490;1198;1248;1411;584;1519;586;1389;453;603;94;891;1521;1204;1206;1407;292;51;277;1255;285;733;688;1296;1332;136;1083;911;186;538;1195;178;1280;901;1510;1224;890;1520;1373;905;593;205;1213;1502;275;1063;177,alpha_17_9;gamma_17_12;theta_15_18;beta_17_7;gamma_12_15;alpha_18_9;beta_18_11;delta_9_5;delta_18_6;beta_18_9;theta_5_13;gamma_17_14;alpha_17_16;theta_11_16;beta_17_9;gamma_2_9;gamma_12_1;theta_17_7;gamma_18_7;theta_17_9;gamma_10_14;theta_9_13;theta_18_9;delta_6_11;alpha_17_8;gamma_18_9;beta_17_15;beta_17_18;gamma_11_15;delta_18_4;delta_4_1;delta_17_6;gamma_2_16;delta_17_14;alpha_8_3;alpha_5_10;gamma_5_6;gamma_7_8;delta_9_1;beta_10_14;alpha_18_11;delta_11_18;theta_14_12;beta_17_6;delta_11_9;gamma_4_7;alpha_18_1;gamma_17_15;gamma_1_2;alpha_17_7;gamma_18_8;gamma_9_15;alpha_18_5;theta_17_16;delta_13_2;beta_18_7;gamma_17_7;delta_17_4;beta_9_11;delta_11_8
chb12,chb12_11,80,80,892;911;199;1196;691;1507;909;492;1296;446;899;1215;1407;1198;294;1509;586;184;584;246;603;1217;891;1389;94;1521;285;905;1377;1204;34;593;1206;1424;377;1238;292;1248;277;1455;205;1519;585;186;1520;136;1207;1083;453;1280;1373;890;79;885;1510;160;1345;1523;752;116;1504;178;1213;1502;1332;1203;1441;8;275;1211;152;1524;1423;150;1192;385;901;140;1390;1195,alpha_17_9;alpha_18_11;delta_12_14;beta_17_7;alpha_5_13;gamma_17_12;alpha_18_9;theta_11_18;gamma_5_6;theta_9_5;alpha_17_16;beta_18_9;gamma_11_15;beta_17_9;delta_18_6;gamma_17_14;theta_17_9;delta_11_16;theta_17_7;delta_15_9;theta_18_9;beta_18_11;alpha_17_8;gamma_10_14;delta_6_11;gamma_18_9;delta_17_14;alpha_18_5;gamma_10_1;beta_17_15;delta_3_1;theta_17_16;beta_17_18;gamma_12_15;theta_5_4;gamma_1_16;delta_18_4;gamma_2_9;delta_17_6;gamma_14_11;delta_13_2;gamma_18_7;theta_17_8;delta_11_18;gamma_18_8;delta_9_1;beta_18_1;beta_10_14;theta_9_13;gamma_4_7;gamma_9_15;alpha_17_7;delta_5_13;alpha_17_2;gamma_17_15;delta_10_8;gamma_8_3;gamma_18_11;alpha_9_5;delta_7_16;gamma_17_9;delta_11_9;beta_18_7;gamma_17_7;gamma_7_8;beta_17_14;gamma_13_15;delta_1_10;delta_17_4;beta_18_5;delta_9_18;gamma_18_12;gamma_12_14;delta_9_16;beta_17_3;theta_5_13;alpha_18_1;delta_9_5;gamma_10_15;beta_17_6
chb12,chb12_19,60,60,892;1196;911;492;1507;1296;909;385;252;1407;1215;140;294;1198;1509;585;586;1248;1377;453;899;94;1217;1389;1521;377;603;1502;483;584;1345;905;1204;1206;1424;1455;1332;178;1519;292;1280;277;891;34;1083;1238;1213;205;186;446;285;232;593;1520;1373;79;717;1504;184;1510,alpha_17_9;beta_17_7;alpha_18_11;theta_11_18;gamma_17_12;gamma_5_6;alpha_18_9;theta_5_13;delta_15_16;gamma_11_15;beta_18_9;delta_9_5;delta_18_6;beta_17_9;gamma_17_14;theta_17_8;theta_17_9;gamma_2_9;gamma_10_1;theta_9_13;alpha_17_16;delta_6_11;beta_18_11;gamma_10_14;gamma_18_9;theta_5_4;theta_18_9;gamma_17_7;theta_11_8;theta_17_7;gamma_8_3;alpha_18_5;beta_17_15;beta_17_18;gamma_12_15;gamma_14_11;gamma_7_8;delta_11_9;gamma_18_7;delta_18_4;gamma_4_7;delta_17_6;alpha_17_8;delta_3_1;beta_10_14;gamma_1_16;beta_18_7;delta_13_2;delta_11_18;theta_9_5;delta_17_14;delta_14_12;theta_17_16;gamma_18_8;gamma_9_15;delta_5_13;alpha_7_4;gamma_17_9;delta_11_16;gamma_17_15
chb12,chb12_20,60,60,892;907;722;1509;475;1215;1196;140;292;909;1296;1507;1424;130;1198;1217;294;184;586;899;1248;94;1389;1521;603;584;178;377;1377;1206;905;1204;891;34;1407;1519;1280;1345;177;285;911;1455;277;1238;205;1083;593;186;1332;453;1207;1523;1213;1211;79;159;1293;585;446;1373,alpha_17_9;alpha_18_7;alpha_7_10;gamma_17_14;theta_10_18;beta_18_9;beta_17_7;delta_9_5;delta_18_4;alpha_18_9;gamma_5_6;gamma_17_12;gamma_12_15;delta_8_13;beta_17_9;beta_18_11;delta_18_6;delta_11_16;theta_17_9;alpha_17_16;gamma_2_9;delta_6_11;gamma_10_14;gamma_18_9;theta_18_9;theta_17_7;delta_11_9;theta_5_4;gamma_10_1;beta_17_18;alpha_18_5;beta_17_15;alpha_17_8;delta_3_1;gamma_11_15;gamma_18_7;gamma_4_7;gamma_8_3;delta_11_8;delta_17_14;alpha_18_11;gamma_14_11;delta_17_6;gamma_1_16;delta_13_2;beta_10_14;theta_17_16;delta_11_18;gamma_7_8;theta_9_13;beta_18_1;gamma_18_11;beta_18_7;beta_18_5;delta_5_13;delta_10_7;gamma_5_2;theta_17_8;theta_9_5;gamma_9_15
chb12,chb12_21,60,60,892;1509;1196;186;1332;1296;911;1215;195;909;1507;385;1198;294;184;1407;1502;586;585;446;1217;377;1389;1521;899;603;1377;94;1206;1248;584;905;34;1345;1280;205;1424;1455;285;177;277;1510;453;169;1213;1336;1083;891;1520;1519;1293;136;593;79;1204;159;1373;1207;178;1523,alpha_17_9;gamma_17_14;beta_17_7;delta_11_18;gamma_7_8;gamma_5_6;alpha_18_11;beta_18_9;delta_12_9;alpha_18_9;gamma_17_12;theta_5_13;beta_17_9;delta_18_6;delta_11_16;gamma_11_15;gamma_17_7;theta_17_9;theta_17_8;theta_9_5;beta_18_11;theta_5_4;gamma_10_14;gamma_18_9;alpha_17_16;theta_18_9;gamma_10_1;delta_6_11;beta_17_18;gamma_2_9;theta_17_7;alpha_18_5;delta_3_1;gamma_8_3;gamma_4_7;delta_13_2;gamma_12_15;gamma_14_11;delta_17_14;delta_11_8;delta_17_6;gamma_17_15;theta_9_13;delta_10_18;beta_18_7;gamma_7_12;beta_10_14;alpha_17_8;gamma_18_8;gamma_18_7;gamma_5_2;delta_9_1;theta_17_16;delta_5_13;beta_17_15;delta_10_7;gamma_9_15;beta_18_1;delta_11_9;gamma_18_11
chb12,chb12_23,80,80,892;1509;176;1196;1217;1215;1316;683;909;1198;446;1507;586;1424;385;1521;899;905;186;603;584;232;1296;1389;285;294;161;1206;911;1510;1211;1407;274;1504;184;1213;116;160;1285;94;1502;1377;277;885;900;901;1430;169;1204;1352;891;1083;1520;140;693;593;377;51;453;605;691;1373;1345;1280;152;375;1313;367;292;215;1203;890;178;1207;159;1390;1248;1523;177;1423,alpha_17_9;gamma_17_14;delta_11_7;beta_17_7;beta_18_11;beta_18_9;gamma_6_9;alpha_5_4;alpha_18_9;beta_17_9;theta_9_5;gamma_17_12;theta_17_9;gamma_12_15;theta_5_13;gamma_18_9;alpha_17_16;alpha_18_5;delta_11_18;theta_18_9;theta_17_7;delta_14_12;gamma_5_6;gamma_10_14;delta_17_14;delta_18_6;delta_10_9;beta_17_18;alpha_18_11;gamma_17_15;beta_18_5;gamma_11_15;delta_17_3;gamma_17_9;delta_11_16;beta_18_7;delta_7_16;delta_10_8;gamma_4_12;delta_6_11;gamma_17_7;gamma_10_1;delta_17_6;alpha_17_2;alpha_17_18;alpha_18_1;gamma_13_3;delta_10_18;beta_17_15;gamma_8_11;alpha_17_8;beta_10_14;gamma_18_8;delta_9_5;alpha_5_15;theta_17_16;theta_5_4;delta_4_1;theta_9_13;theta_18_11;alpha_5_13;gamma_9_15;gamma_8_3;gamma_4_7;delta_9_18;theta_5_2;gamma_6_5;theta_4_12;delta_18_4;delta_13_12;beta_17_14;alpha_17_7;delta_11_9;beta_18_1;delta_10_7;gamma_10_15;gamma_2_9;gamma_18_11;delta_11_8;gamma_12_14
chb12,chb12_24,60,60,892;717;594;1196;1217;1215;1509;552;186;909;1507;1198;1296;1502;1424;586;585;294;1377;184;140;385;1521;1389;603;899;94;584;905;1336;34;911;1407;1204;177;1206;1455;1248;1519;277;891;1293;453;275;1083;1280;285;1345;159;1213;205;1332;1523;446;76;492;1211;178;1373;232,alpha_17_9;alpha_7_4;theta_17_18;beta_17_7;beta_18_11;beta_18_9;gamma_17_14;theta_15_9;delta_11_18;alpha_18_9;gamma_17_12;beta_17_9;gamma_5_6;gamma_17_7;gamma_12_15;theta_17_9;theta_17_8;delta_18_6;gamma_10_1;delta_11_16;delta_9_5;theta_5_13;gamma_18_9;gamma_10_14;theta_18_9;alpha_17_16;delta_6_11;theta_17_7;alpha_18_5;gamma_7_12;delta_3_1;alpha_18_11;gamma_11_15;beta_17_15;delta_11_8;beta_17_18;gamma_14_11;gamma_2_9;gamma_18_7;delta_17_6;alpha_17_8;gamma_5_2;theta_9_13;delta_17_4;beta_10_14;gamma_4_7;delta_17_14;gamma_8_3;delta_10_7;beta_18_7;delta_13_2;gamma_7_8;gamma_18_11;theta_9_5;delta_5_10;theta_11_18;beta_18_5;delta_11_9;gamma_9_15;delta_14_12
chb12,chb12_32,60,60,892;1196;911;193;1296;1509;909;733;1507;1215;79;1407;446;1198;1502;184;294;586;585;1248;178;1217;186;1389;603;584;1206;1521;899;1377;34;377;1519;905;1204;1424;1455;483;891;94;1083;277;1207;1345;453;1280;1520;1238;205;285;1213;169;273;593;1510;140;1373;382;1523;1332,alpha_17_9;beta_17_7;alpha_18_11;delta_12_7;gamma_5_6;gamma_17_14;alpha_18_9;alpha_8_3;gamma_17_12;beta_18_9;delta_5_13;gamma_11_15;theta_9_5;beta_17_9;gamma_17_7;delta_11_16;delta_18_6;theta_17_9;theta_17_8;gamma_2_9;delta_11_9;beta_18_11;delta_11_18;gamma_10_14;theta_18_9;theta_17_7;beta_17_18;gamma_18_9;alpha_17_16;gamma_10_1;delta_3_1;theta_5_4;gamma_18_7;alpha_18_5;beta_17_15;gamma_12_15;gamma_14_11;theta_11_8;alpha_17_8;delta_6_11;beta_10_14;delta_17_6;beta_18_1;gamma_8_3;theta_9_13;gamma_4_7;gamma_18_8;gamma_1_16;delta_13_2;delta_17_14;beta_18_7;delta_10_18;delta_17_2;theta_17_16;gamma_17_15;delta_9_5;gamma_9_15;theta_5_10;gamma_18_11;gamma_7_8
chb12,chb12_33,100,100,892;911;1196;509;1507;1296;909;79;1407;446;294;1215;184;891;1198;1510;586;1238;377;1206;1377;899;1217;1389;246;1509;603;177;1248;277;1521;584;901;1519;1455;286;585;1204;1195;1424;186;34;94;453;1345;1083;292;1520;593;159;1502;385;205;293;900;1523;178;1213;905;235;898;1224;1207;140;1280;169;1373;275;683;777;1501;130;605;483;285;1423;1192;263;232;885;1332;1524;278;1390;492;116;1489;136;1518;470;1516;583;1203;1282;113;150;1504;17;717;299,alpha_17_9;alpha_18_11;beta_17_7;theta_12_18;gamma_17_12;gamma_5_6;alpha_18_9;delta_5_13;gamma_11_15;theta_9_5;delta_18_6;beta_18_9;delta_11_16;alpha_17_8;beta_17_9;gamma_17_15;theta_17_9;gamma_1_16;theta_5_4;beta_17_18;gamma_10_1;alpha_17_16;beta_18_11;gamma_10_14;delta_15_9;gamma_17_14;theta_18_9;delta_11_8;gamma_2_9;delta_17_6;gamma_18_9;theta_17_7;alpha_18_1;gamma_18_7;gamma_14_11;delta_17_15;theta_17_8;beta_17_15;beta_17_6;gamma_12_15;delta_11_18;delta_3_1;delta_6_11;theta_9_13;gamma_8_3;beta_10_14;delta_18_4;gamma_18_8;theta_17_16;delta_10_7;gamma_17_7;theta_5_13;delta_13_2;delta_18_5;alpha_17_18;gamma_18_11;delta_11_9;beta_18_7;alpha_18_5;delta_14_16;alpha_17_15;gamma_1_2;beta_18_1;delta_9_5;gamma_4_7;delta_10_18;gamma_9_15;delta_17_4;alpha_5_4;alpha_10_14;gamma_17_6;delta_8_13;theta_18_11;theta_11_8;delta_17_14;gamma_12_14;beta_17_3;delta_16_9;delta_14_12;alpha_17_2;gamma_7_8;gamma_18_12;delta_17_7;gamma_10_15;theta_11_18;delta_7_16;gamma_16_11;delta_9_1;gamma_18_6;theta_10_13;gamma_18_4;theta_17_6;beta_17_14;gamma_4_9;delta_7_13;delta_9_16;gamma_17_9;delta_2_1;alpha_7_4;delta_18_11
chb12,chb12_34,60,60,892;1196;484;911;1507;79;909;1407;159;1215;1509;294;891;1198;1377;1502;586;140;184;899;1217;1206;603;1248;186;1389;1519;584;1521;377;1296;1510;94;1238;905;1424;34;585;453;277;901;1455;177;1520;1204;511;1083;593;890;446;385;1280;1345;1523;169;275;1373;1213;246;285,alpha_17_9;beta_17_7;theta_11_9;alpha_18_11;gamma_17_12;delta_5_13;alpha_18_9;gamma_11_15;delta_10_7;beta_18_9;gamma_17_14;delta_18_6;alpha_17_8;beta_17_9;gamma_10_1;gamma_17_7;theta_17_9;delta_9_5;delta_11_16;alpha_17_16;beta_18_11;beta_17_18;theta_18_9;gamma_2_9;delta_11_18;gamma_10_14;gamma_18_7;theta_17_7;gamma_18_9;theta_5_4;gamma_5_6;gamma_17_15;delta_6_11;gamma_1_16;alpha_18_5;gamma_12_15;delta_3_1;theta_17_8;theta_9_13;delta_17_6;alpha_18_1;gamma_14_11;delta_11_8;gamma_18_8;beta_17_15;theta_13_2;beta_10_14;theta_17_16;alpha_17_7;theta_9_5;theta_5_13;gamma_4_7;gamma_8_3;gamma_18_11;delta_10_18;delta_17_4;gamma_9_15;beta_18_7;delta_15_9;delta_17_14
chb12,chb12_35,60,60,892;446;623;1196;1507;1345;1217;909;186;294;1215;1509;585;1198;1407;1502;586;1377;453;377;899;184;603;1206;34;1204;1389;1521;584;1248;905;94;891;1519;1296;1520;178;911;277;1424;177;901;1455;285;205;1280;292;1083;169;1336;1213;136;1510;79;593;1523;140;1373;246;382,alpha_17_9;theta_9_5;alpha_1_13;beta_17_7;gamma_17_12;gamma_8_3;beta_18_11;alpha_18_9;delta_11_18;delta_18_6;beta_18_9;gamma_17_14;theta_17_8;beta_17_9;gamma_11_15;gamma_17_7;theta_17_9;gamma_10_1;theta_9_13;theta_5_4;alpha_17_16;delta_11_16;theta_18_9;beta_17_18;delta_3_1;beta_17_15;gamma_10_14;gamma_18_9;theta_17_7;gamma_2_9;alpha_18_5;delta_6_11;alpha_17_8;gamma_18_7;gamma_5_6;gamma_18_8;delta_11_9;alpha_18_11;delta_17_6;gamma_12_15;delta_11_8;alpha_18_1;gamma_14_11;delta_17_14;delta_13_2;gamma_4_7;delta_18_4;beta_10_14;delta_10_18;gamma_7_12;beta_18_7;delta_9_1;gamma_17_15;delta_5_13;theta_17_16;gamma_18_11;delta_9_5;gamma_9_15;delta_15_9;theta_5_10
chb12,chb12_36,100,100,892;605;453;1196;1296;1509;909;186;1407;1198;1507;446;1215;294;585;586;1248;184;683;385;899;1389;1217;603;584;1519;1206;34;1345;1521;1377;905;94;483;891;1424;1204;277;246;1263;1502;1455;285;1332;901;911;1083;593;492;1520;136;48;1373;1213;232;1336;140;1510;1523;79;1211;205;890;717;161;1195;150;1390;275;1504;51;1423;1203;152;278;900;885;1224;111;1441;1516;177;178;292;548;1497;1313;235;777;1192;377;1282;96;1524;298;169;1063;1493;1280;1207,alpha_17_9;theta_18_11;theta_9_13;beta_17_7;gamma_5_6;gamma_17_14;alpha_18_9;delta_11_18;gamma_11_15;beta_17_9;gamma_17_12;theta_9_5;beta_18_9;delta_18_6;theta_17_8;theta_17_9;gamma_2_9;delta_11_16;alpha_5_4;theta_5_13;alpha_17_16;gamma_10_14;beta_18_11;theta_18_9;theta_17_7;gamma_18_7;beta_17_18;delta_3_1;gamma_8_3;gamma_18_9;gamma_10_1;alpha_18_5;delta_6_11;theta_11_8;alpha_17_8;gamma_12_15;beta_17_15;delta_17_6;delta_15_9;gamma_3_7;gamma_17_7;gamma_14_11;delta_17_14;gamma_7_8;alpha_18_1;alpha_18_11;beta_10_14;theta_17_16;theta_11_18;gamma_18_8;delta_9_1;delta_3_16;gamma_9_15;beta_18_7;delta_14_12;gamma_7_12;delta_9_5;gamma_17_15;gamma_18_11;delta_5_13;beta_18_5;delta_13_2;alpha_17_7;alpha_7_4;delta_10_9;beta_17_6;delta_9_16;gamma_10_15;delta_17_4;gamma_17_9;delta_4_1;gamma_12_14;beta_17_14;delta_9_18;delta_17_7;alpha_17_18;alpha_17_2;gamma_1_2;delta_7_11;gamma_13_15;gamma_18_4;delta_11_8;delta_11_9;delta_18_4;theta_15_5;gamma_17_2;gamma_6_5;delta_14_16;alpha_10_14;beta_17_3;theta_5_4;gamma_4_9;delta_6_13;gamma_18_12;delta_18_10;delta_10_18;beta_9_11;gamma_16_15;gamma_4_7;beta_18_1
chb12,chb12_37,60,60,892;605;708;1196;186;1509;909;1424;1507;1215;1296;891;294;1198;446;184;586;1217;377;584;1377;603;899;178;1389;1521;1206;905;585;1238;94;1519;1204;1407;901;277;1280;1248;34;483;1345;593;453;1083;292;911;1455;152;1520;1213;205;79;1195;140;285;1510;890;1332;1373;159,alpha_17_9;theta_18_11;alpha_6_13;beta_17_7;delta_11_18;gamma_17_14;alpha_18_9;gamma_12_15;gamma_17_12;beta_18_9;gamma_5_6;alpha_17_8;delta_18_6;beta_17_9;theta_9_5;delta_11_16;theta_17_9;beta_18_11;theta_5_4;theta_17_7;gamma_10_1;theta_18_9;alpha_17_16;delta_11_9;gamma_10_14;gamma_18_9;beta_17_18;alpha_18_5;theta_17_8;gamma_1_16;delta_6_11;gamma_18_7;beta_17_15;gamma_11_15;alpha_18_1;delta_17_6;gamma_4_7;gamma_2_9;delta_3_1;theta_11_8;gamma_8_3;theta_17_16;theta_9_13;beta_10_14;delta_18_4;alpha_18_11;gamma_14_11;delta_9_18;gamma_18_8;beta_18_7;delta_13_2;delta_5_13;beta_17_6;delta_9_5;delta_17_14;gamma_17_15;alpha_17_7;gamma_7_8;gamma_9_15;delta_10_7
chb12,chb12_38,100,100,892;1519;734;790;899;909;1206;1217;1407;79;1509;1198;446;1238;1215;294;186;585;1507;586;184;905;1364;1196;273;1389;603;111;593;1293;165;1521;1204;453;1280;76;1489;34;246;1248;891;1523;1424;820;277;71;177;1345;292;1377;1332;911;178;1520;885;1211;113;1083;205;1344;854;272;411;1296;263;490;1203;1336;159;1213;1455;1126;301;1195;1486;584;169;1510;195;1373;94;1504;105;902;900;130;871;471;1276;161;898;240;1423;8;377;102;552;285;1306;167,alpha_17_9;gamma_18_7;alpha_8_4;alpha_11_9;alpha_17_16;alpha_18_9;beta_17_18;beta_18_11;gamma_11_15;delta_5_13;gamma_17_14;beta_17_9;theta_9_5;gamma_1_16;beta_18_9;delta_18_6;delta_11_18;theta_17_8;gamma_17_12;theta_17_9;delta_11_16;alpha_18_5;gamma_9_5;beta_17_7;delta_17_2;gamma_10_14;theta_18_9;delta_7_11;theta_17_16;gamma_5_2;delta_10_14;gamma_18_9;beta_17_15;theta_9_13;gamma_4_7;delta_5_10;gamma_16_11;delta_3_1;delta_15_9;gamma_2_9;alpha_17_8;gamma_18_11;gamma_12_15;alpha_13_5;delta_17_6;delta_5_4;delta_11_8;gamma_8_3;delta_18_4;gamma_10_1;gamma_7_8;alpha_18_11;delta_11_9;gamma_18_8;alpha_17_2;beta_18_5;delta_7_13;beta_10_14;delta_13_2;gamma_8_2;alpha_15_5;delta_17_1;theta_7_4;gamma_5_6;delta_16_9;theta_11_16;beta_17_14;gamma_7_12;delta_10_7;beta_18_7;gamma_14_11;beta_13_5;delta_18_13;beta_17_6;gamma_16_8;theta_17_7;delta_10_18;gamma_17_15;delta_12_9;gamma_9_15;delta_6_11;gamma_17_9;delta_7_4;alpha_18_2;alpha_17_18;delta_8_13;alpha_16_5;theta_10_14;gamma_4_2;delta_10_9;alpha_17_15;delta_15_3;gamma_12_14;delta_1_10;theta_5_4;delta_7_1;theta_15_9;delta_17_14;gamma_5_16;delta_10_16
chb12,chb12_39,60,60,892;584;252;1343;1507;909;317;1217;1407;1196;1215;186;585;1198;1509;586;140;294;1238;377;1377;1206;229;899;603;1389;1521;1248;891;1296;94;1502;1204;905;1424;1519;911;1455;277;1207;1083;34;593;1520;205;453;1332;602;285;177;1213;1345;1510;152;1373;136;1523;79;184;890,alpha_17_9;theta_17_7;delta_15_16;gamma_8_1;gamma_17_12;alpha_18_9;theta_1_13;beta_18_11;gamma_11_15;beta_17_7;beta_18_9;delta_11_18;theta_17_8;beta_17_9;gamma_17_14;theta_17_9;delta_9_5;delta_18_6;gamma_1_16;theta_5_4;gamma_10_1;beta_17_18;delta_14_9;alpha_17_16;theta_18_9;gamma_10_14;gamma_18_9;gamma_2_9;alpha_17_8;gamma_5_6;delta_6_11;gamma_17_7;beta_17_15;alpha_18_5;gamma_12_15;gamma_18_7;alpha_18_11;gamma_14_11;delta_17_6;beta_18_1;beta_10_14;delta_3_1;theta_17_16;gamma_18_8;delta_13_2;theta_9_13;gamma_7_8;theta_18_8;delta_17_14;delta_11_8;beta_18_7;gamma_8_3;gamma_17_15;delta_9_18;gamma_9_15;delta_9_1;gamma_18_11;delta_5_13;delta_11_16;alpha_17_7
chb12,chb12_40,60,60,892;334;1509;1196;1296;1217;909;186;140;1507;1424;1215;891;294;1198;235;586;1248;377;899;552;1521;1238;1389;584;603;1206;94;905;1377;34;1520;585;1204;471;277;1407;1519;911;483;593;1345;453;901;159;1455;1280;1523;1502;1213;79;446;1083;232;292;1195;169;900;205;184,alpha_17_9;theta_2_13;gamma_17_14;beta_17_7;gamma_5_6;beta_18_11;alpha_18_9;delta_11_18;delta_9_5;gamma_17_12;gamma_12_15;beta_18_9;alpha_17_8;delta_18_6;beta_17_9;delta_14_16;theta_17_9;gamma_2_9;theta_5_4;alpha_17_16;theta_15_9;gamma_18_9;gamma_1_16;gamma_10_14;theta_17_7;theta_18_9;beta_17_18;delta_6_11;alpha_18_5;gamma_10_1;delta_3_1;gamma_18_8;theta_17_8;beta_17_15;theta_10_14;delta_17_6;gamma_11_15;gamma_18_7;alpha_18_11;theta_11_8;theta_17_16;gamma_8_3;theta_9_13;alpha_18_1;delta_10_7;gamma_14_11;gamma_4_7;gamma_18_11;gamma_17_7;beta_18_7;delta_5_13;theta_9_5;beta_10_14;delta_14_12;delta_18_4;beta_17_6;delta_10_18;alpha_17_18;delta_13_2;delta_11_16
chb12,chb12_41,60,60,892;911;509;1509;1196;909;1296;140;1407;1507;79;1215;586;585;1198;294;184;377;1248;603;1217;535;1389;899;905;1411;1521;584;94;1206;1238;901;1204;1519;1424;34;891;160;902;277;186;1083;1520;453;285;1280;593;1455;205;885;1345;446;1373;385;1207;1213;116;1504;292;1523,alpha_17_9;alpha_18_11;theta_12_18;gamma_17_14;beta_17_7;alpha_18_9;gamma_5_6;delta_9_5;gamma_11_15;gamma_17_12;delta_5_13;beta_18_9;theta_17_9;theta_17_8;beta_17_9;delta_18_6;delta_11_16;theta_5_4;gamma_2_9;theta_18_9;beta_18_11;theta_14_9;gamma_10_14;alpha_17_16;alpha_18_5;gamma_12_1;gamma_18_9;theta_17_7;delta_6_11;beta_17_18;gamma_1_16;alpha_18_1;beta_17_15;gamma_18_7;gamma_12_15;delta_3_1;alpha_17_8;delta_10_8;alpha_18_2;delta_17_6;delta_11_18;beta_10_14;gamma_18_8;theta_9_13;delta_17_14;gamma_4_7;theta_17_16;gamma_14_11;delta_13_2;alpha_17_2;gamma_8_3;theta_9_5;gamma_9_15;theta_5_13;beta_18_1;beta_18_7;delta_7_16;gamma_17_9;delta_18_4;gamma_18_11
chb12,chb12_42,80,80,892;900;734;1196;1507;443;911;1215;1296;1198;1377;909;499;140;1509;586;471;1217;294;1502;1248;1407;184;885;603;385;1206;1389;585;1521;186;1520;51;584;905;94;1238;1519;899;1345;277;1523;136;275;285;1424;453;1083;23;295;1204;891;1421;137;605;1415;1195;483;1332;683;152;1201;1213;272;1518;777;446;1524;150;274;1423;79;890;298;161;1282;511;1504;593;1373,alpha_17_9;alpha_17_18;alpha_8_4;beta_17_7;gamma_17_12;theta_9_2;alpha_18_11;beta_18_9;gamma_5_6;beta_17_9;gamma_10_1;alpha_18_9;theta_12_7;delta_9_5;gamma_17_14;theta_17_9;theta_10_14;beta_18_11;delta_18_6;gamma_17_7;gamma_2_9;gamma_11_15;delta_11_16;alpha_17_2;theta_18_9;theta_5_13;beta_17_18;gamma_10_14;theta_17_8;gamma_18_9;delta_11_18;gamma_18_8;delta_4_1;theta_17_7;alpha_18_5;delta_6_11;gamma_1_16;gamma_18_7;alpha_17_16;gamma_8_3;delta_17_6;gamma_18_11;delta_9_1;delta_17_4;delta_17_14;gamma_12_15;theta_9_13;beta_10_14;delta_2_8;delta_18_7;beta_17_15;alpha_17_8;gamma_12_11;delta_9_2;theta_18_11;gamma_12_5;beta_17_6;theta_11_8;gamma_7_8;alpha_5_4;delta_9_18;beta_17_12;beta_18_7;delta_17_1;gamma_18_6;alpha_10_14;theta_9_5;gamma_18_12;delta_9_16;delta_17_3;gamma_12_14;delta_5_13;alpha_17_7;delta_18_10;delta_10_9;gamma_4_9;theta_13_2;gamma_17_9;theta_17_16;gamma_9_15
chb13,chb13_02,100,100,1507;1243;292;1092;1519;1485;1207;1327;1524;905;1307;1511;1505;1201;484;1527;1523;307;1509;901;1433;1286;1522;1211;585;1528;1205;1187;1515;608;1359;1199;1434;1526;1213;1209;599;1498;938;1510;1217;888;1228;274;221;1407;1221;1468;1218;296;1513;1346;1192;1380;909;1203;1376;184;56;595;1222;1382;1517;178;1239;334;1366;602;1408;1460;953;582;1320;1490;891;1215;376;1216;1430;273;1285;1508;1451;238;1506;1342;903;1194;603;1329;1399;197;263;1275;1449;1179;1193;580;1461;1021,gamma_17_12;gamma_2_4;delta_18_4;beta_11_5;gamma_18_7;gamma_16_7;beta_18_1;gamma_7_2;gamma_18_12;alpha_18_5;gamma_5_17;gamma_17_16;gamma_17_10;beta_17_12;theta_11_9;gamma_18_15;gamma_18_11;theta_1_3;gamma_17_14;alpha_18_1;gamma_13_6;gamma_4_13;gamma_18_10;beta_18_5;theta_17_8;gamma_18_16;beta_17_16;beta_16_15;gamma_18_3;theta_18_14;gamma_8_18;beta_17_10;gamma_13_7;gamma_18_14;beta_18_7;beta_18_3;theta_18_5;gamma_17_3;beta_2_5;gamma_17_15;beta_18_11;alpha_17_5;gamma_1_6;delta_17_3;delta_14_1;gamma_11_15;beta_18_15;gamma_15_7;beta_18_12;delta_18_8;gamma_18_1;gamma_8_4;beta_17_3;gamma_10_4;alpha_18_9;beta_17_14;gamma_9_18;delta_11_16;delta_4_7;theta_18_1;beta_18_16;gamma_10_6;gamma_18_5;delta_11_9;gamma_1_17;theta_2_13;gamma_9_7;theta_18_8;gamma_11_16;gamma_14_17;beta_3_2;theta_17_5;gamma_6_13;gamma_16_12;alpha_17_8;beta_18_9;theta_5_3;beta_18_10;gamma_13_3;delta_17_2;gamma_4_12;gamma_17_13;gamma_14_7;delta_15_1;gamma_17_11;gamma_7_18;alpha_18_3;beta_17_5;theta_18_9;gamma_7_4;gamma_11_6;delta_12_11;delta_16_9;gamma_4_1;gamma_14_5;beta_16_7;beta_17_4;theta_17_3;gamma_14_18;beta_7_2
chb13,chb13_03,100,100,1507;1417;608;1327;901;837;1519;1524;1228;1511;1505;1207;307;1201;1365;1509;1523;484;1522;905;1239;1527;334;585;1528;1211;1205;1192;1380;1199;1187;1375;1515;1346;1213;1526;1485;1498;595;1320;1209;1274;1217;1244;599;273;296;909;1203;1407;1218;1221;1517;1376;274;1364;1468;1222;1510;1408;1513;221;953;888;1382;891;178;1307;1366;602;1323;613;1508;1215;1275;184;1216;1395;1506;1434;582;886;903;1449;1021;238;603;1329;1286;1433;1033;197;1193;1430;90;1451;1194;1342;580;263,gamma_17_12;gamma_12_7;theta_18_14;gamma_7_2;alpha_18_1;alpha_14_5;gamma_18_7;gamma_18_12;gamma_1_6;gamma_17_16;gamma_17_10;beta_18_1;theta_1_3;beta_17_12;gamma_9_6;gamma_17_14;gamma_18_11;theta_11_9;gamma_18_10;alpha_18_5;gamma_1_17;gamma_18_15;theta_2_13;theta_17_8;gamma_18_16;beta_18_5;beta_17_16;beta_17_3;gamma_10_4;beta_17_10;beta_16_15;gamma_9_17;gamma_18_3;gamma_8_4;beta_18_7;gamma_18_14;gamma_16_7;gamma_17_3;theta_18_1;gamma_6_13;beta_18_3;gamma_3_18;beta_18_11;gamma_2_5;theta_18_5;delta_17_2;delta_18_8;alpha_18_9;beta_17_14;gamma_11_15;beta_18_12;beta_18_15;gamma_18_5;gamma_9_18;delta_17_3;gamma_9_5;gamma_15_7;beta_18_16;gamma_17_15;gamma_11_16;gamma_18_1;delta_14_1;beta_3_2;alpha_17_5;gamma_10_6;alpha_17_8;delta_11_9;gamma_5_17;gamma_9_7;theta_18_8;gamma_6_16;alpha_1_3;gamma_17_13;beta_18_9;gamma_4_1;delta_11_16;beta_18_10;gamma_11_2;gamma_17_11;gamma_13_7;theta_17_5;alpha_17_3;alpha_18_3;gamma_14_5;beta_7_2;delta_15_1;theta_18_9;gamma_7_4;gamma_4_13;gamma_13_6;beta_7_15;delta_12_11;beta_17_4;gamma_13_3;delta_6_7;gamma_14_7;beta_17_5;gamma_7_18;theta_17_3;delta_16_9
chb13,chb13_04,100,100,1507;891;1081;1239;70;901;1519;1485;1509;178;1511;1346;1522;1207;1327;1524;1527;1399;1201;905;1505;1523;608;334;1211;1495;1528;1192;1187;1205;1432;1515;938;1199;1526;1468;1498;1213;599;1209;221;1407;1320;1217;585;595;1323;274;1221;1430;888;1228;1203;1408;1510;1366;1382;296;1513;1021;531;1517;1359;1222;909;484;1307;307;1218;602;1434;1275;1375;582;1216;252;1461;903;273;1260;1433;197;1179;1215;90;1276;1449;1329;886;1508;1194;1286;1506;1451;580;238;419;603;908;1499,gamma_17_12;alpha_17_8;beta_10_12;gamma_1_17;delta_5_3;alpha_18_1;gamma_18_7;gamma_16_7;gamma_17_14;delta_11_9;gamma_17_16;gamma_8_4;gamma_18_10;beta_18_1;gamma_7_2;gamma_18_12;gamma_18_15;gamma_11_6;beta_17_12;alpha_18_5;gamma_17_10;gamma_18_11;theta_18_14;theta_2_13;beta_18_5;gamma_16_18;gamma_18_16;beta_17_3;beta_16_15;beta_17_16;gamma_13_5;gamma_18_3;beta_2_5;beta_17_10;gamma_18_14;gamma_15_7;gamma_17_3;beta_18_7;theta_18_5;beta_18_3;delta_14_1;gamma_11_15;gamma_6_13;beta_18_11;theta_17_8;theta_18_1;gamma_6_16;delta_17_3;beta_18_15;gamma_13_3;alpha_17_5;gamma_1_6;beta_17_14;gamma_11_16;gamma_17_15;gamma_9_7;gamma_10_6;delta_18_8;gamma_18_1;beta_7_2;theta_14_5;gamma_18_5;gamma_8_18;beta_18_16;alpha_18_9;theta_11_9;gamma_5_17;theta_1_3;beta_18_12;theta_18_8;gamma_13_7;gamma_4_1;gamma_9_17;theta_17_5;beta_18_10;delta_15_16;gamma_14_18;alpha_18_3;delta_17_2;gamma_3_4;gamma_13_6;delta_12_11;beta_16_7;beta_18_9;delta_6_7;gamma_4_2;gamma_14_5;gamma_7_4;alpha_17_3;gamma_17_13;beta_17_5;gamma_4_13;gamma_17_11;gamma_14_7;theta_17_3;delta_15_1;theta_7_13;theta_18_9;alpha_18_8;gamma_17_4
chb13,chb13_05,100,100,1507;893;359;1239;1417;1207;858;1519;1524;1327;1511;1365;901;608;1201;1346;1527;1509;1522;905;1187;1523;1380;1505;1286;1211;1205;1376;1192;871;1528;585;1515;1366;1213;595;1209;1228;1510;599;1460;1526;1498;1407;1274;274;1199;1513;938;1217;1468;1203;221;1221;1021;1307;252;909;1218;484;296;1408;1517;1382;1222;888;307;1485;1449;891;1320;1490;90;1215;1461;602;903;1319;1434;1275;1506;178;1430;886;1260;1276;1216;582;334;1375;1508;580;1399;1273;1451;603;1329;238;1101;1193,gamma_17_12;alpha_17_10;theta_4_3;gamma_1_17;gamma_12_7;beta_18_1;alpha_15_9;gamma_18_7;gamma_18_12;gamma_7_2;gamma_17_16;gamma_9_6;alpha_18_1;theta_18_14;beta_17_12;gamma_8_4;gamma_18_15;gamma_17_14;gamma_18_10;alpha_18_5;beta_16_15;gamma_18_11;gamma_10_4;gamma_17_10;gamma_4_13;beta_18_5;beta_17_16;gamma_9_18;beta_17_3;alpha_16_5;gamma_18_16;theta_17_8;gamma_18_3;gamma_9_7;beta_18_7;theta_18_1;beta_18_3;gamma_1_6;gamma_17_15;theta_18_5;gamma_14_17;gamma_18_14;gamma_17_3;gamma_11_15;gamma_3_18;delta_17_3;beta_17_10;gamma_18_1;beta_2_5;beta_18_11;gamma_15_7;beta_17_14;delta_14_1;beta_18_15;beta_7_2;gamma_5_17;delta_15_16;alpha_18_9;beta_18_12;theta_11_9;delta_18_8;gamma_11_16;gamma_18_5;gamma_10_6;beta_18_16;alpha_17_5;theta_1_3;gamma_16_7;gamma_14_5;alpha_17_8;gamma_6_13;gamma_16_12;delta_6_7;beta_18_9;gamma_14_18;theta_18_8;alpha_18_3;gamma_6_12;gamma_13_7;gamma_4_1;gamma_17_11;delta_11_9;gamma_13_3;alpha_17_3;gamma_3_4;gamma_4_2;beta_18_10;theta_17_5;theta_2_13;gamma_9_17;gamma_17_13;theta_17_3;gamma_11_6;gamma_3_17;gamma_14_7;theta_18_9;gamma_7_4;delta_15_1;beta_11_15;beta_17_4
chb13,chb13_06,100,100,1507;752;1323;520;901;891;1519;1327;1524;1509;1485;1239;1207;1511;1505;1527;1399;484;1201;1523;1522;307;905;1286;1528;1346;1211;1192;1187;1515;608;1205;1199;1380;1209;938;1376;1213;1526;1468;1498;1217;595;1375;274;1221;296;221;599;1228;1407;1408;334;1513;1510;1218;1364;1203;1366;1517;1307;1382;56;909;1021;252;1222;585;888;1342;178;1320;273;1216;1434;602;1215;886;903;376;1275;1433;1506;238;1329;582;1451;1193;1461;1508;580;603;1449;953;1273;1244;1395;246;911;1499,gamma_17_12;alpha_9_5;gamma_6_16;theta_13_11;alpha_18_1;alpha_17_8;gamma_18_7;gamma_7_2;gamma_18_12;gamma_17_14;gamma_16_7;gamma_1_17;beta_18_1;gamma_17_16;gamma_17_10;gamma_18_15;gamma_11_6;theta_11_9;beta_17_12;gamma_18_11;gamma_18_10;theta_1_3;alpha_18_5;gamma_4_13;gamma_18_16;gamma_8_4;beta_18_5;beta_17_3;beta_16_15;gamma_18_3;theta_18_14;beta_17_16;beta_17_10;gamma_10_4;beta_18_3;beta_2_5;gamma_9_18;beta_18_7;gamma_18_14;gamma_15_7;gamma_17_3;beta_18_11;theta_18_1;gamma_9_17;delta_17_3;beta_18_15;delta_18_8;delta_14_1;theta_18_5;gamma_1_6;gamma_11_15;gamma_11_16;theta_2_13;gamma_18_1;gamma_17_15;beta_18_12;gamma_9_5;beta_17_14;gamma_9_7;gamma_18_5;gamma_5_17;gamma_10_6;delta_4_7;alpha_18_9;beta_7_2;delta_15_16;beta_18_16;theta_17_8;alpha_17_5;gamma_7_18;delta_11_9;gamma_6_13;delta_17_2;beta_18_10;gamma_13_7;theta_18_8;beta_18_9;alpha_17_3;alpha_18_3;theta_5_3;gamma_4_1;gamma_13_6;gamma_17_11;delta_15_1;gamma_7_4;theta_17_5;gamma_14_7;beta_17_4;gamma_14_18;gamma_17_13;theta_17_3;theta_18_9;gamma_14_5;beta_3_2;gamma_3_17;gamma_2_5;gamma_11_2;delta_15_9;alpha_18_11;gamma_17_4
chb13,chb13_07,100,100,1507;1370;657;608;1207;1327;1519;1468;1399;1511;1346;1505;1524;535;1527;1201;901;1239;1509;905;1187;307;1522;1528;1523;1205;1211;585;1364;1515;1375;1209;938;1510;1485;1199;1378;274;1213;1192;1526;1286;531;1221;599;1498;1495;1228;595;1217;1359;252;1408;296;909;1434;1513;1382;1222;1407;1021;1203;1517;197;1218;1323;178;888;1366;1307;602;1380;221;1215;1320;273;613;903;1275;891;1433;1508;603;1329;1216;1451;580;1449;1461;1430;1506;90;886;1244;582;484;953;1499;1179;1033,gamma_17_12;gamma_9_12;alpha_3_13;theta_18_14;beta_18_1;gamma_7_2;gamma_18_7;gamma_15_7;gamma_11_6;gamma_17_16;gamma_8_4;gamma_17_10;gamma_18_12;theta_14_9;gamma_18_15;beta_17_12;alpha_18_1;gamma_1_17;gamma_17_14;alpha_18_5;beta_16_15;theta_1_3;gamma_18_10;gamma_18_16;gamma_18_11;beta_17_16;beta_18_5;theta_17_8;gamma_9_5;gamma_18_3;gamma_9_17;beta_18_3;beta_2_5;gamma_17_15;gamma_16_7;beta_17_10;gamma_10_2;delta_17_3;beta_18_7;beta_17_3;gamma_18_14;gamma_4_13;theta_14_5;beta_18_15;theta_18_5;gamma_17_3;gamma_16_18;gamma_1_6;theta_18_1;beta_18_11;gamma_8_18;delta_15_16;gamma_11_16;delta_18_8;alpha_18_9;gamma_13_7;gamma_18_1;gamma_10_6;beta_18_16;gamma_11_15;beta_7_2;beta_17_14;gamma_18_5;delta_12_11;beta_18_12;gamma_6_16;delta_11_9;alpha_17_5;gamma_9_7;gamma_5_17;theta_18_8;gamma_10_4;delta_14_1;beta_18_9;gamma_6_13;delta_17_2;alpha_1_3;alpha_18_3;gamma_4_1;alpha_17_8;gamma_13_6;gamma_17_13;theta_18_9;gamma_7_4;beta_18_10;gamma_14_7;theta_17_3;gamma_14_5;gamma_14_18;gamma_13_3;gamma_17_11;delta_6_7;alpha_17_3;gamma_2_5;theta_17_5;theta_11_9;beta_3_2;gamma_17_4;beta_16_7;beta_7_15
chb13,chb13_08,100,100,1507;1260;229;1495;1415;901;891;1519;1327;1524;1468;1511;1523;1239;1207;1201;334;1509;1522;905;1527;1187;307;1505;1528;1211;1382;1205;1213;1209;608;1192;938;1515;503;1485;1217;599;1228;1526;531;595;296;1320;1510;1498;1407;1380;1218;1221;274;1346;1408;1199;1517;1366;1203;585;909;1375;221;1342;1222;1021;1513;178;1307;105;888;1433;1434;903;602;273;1461;1215;1449;1216;1329;1506;1378;1451;252;886;1323;1490;376;582;1499;1286;90;1101;1399;603;953;238;580;1275;911;246,gamma_17_12;gamma_3_4;delta_14_9;gamma_16_18;gamma_12_5;alpha_18_1;alpha_17_8;gamma_18_7;gamma_7_2;gamma_18_12;gamma_15_7;gamma_17_16;gamma_18_11;gamma_1_17;beta_18_1;beta_17_12;theta_2_13;gamma_17_14;gamma_18_10;alpha_18_5;gamma_18_15;beta_16_15;theta_1_3;gamma_17_10;gamma_18_16;beta_18_5;gamma_10_6;beta_17_16;beta_18_7;beta_18_3;theta_18_14;beta_17_3;beta_2_5;gamma_18_3;theta_12_11;gamma_16_7;beta_18_11;theta_18_5;gamma_1_6;gamma_18_14;theta_14_5;theta_18_1;delta_18_8;gamma_6_13;gamma_17_15;gamma_17_3;gamma_11_15;gamma_10_4;beta_18_12;beta_18_15;delta_17_3;gamma_8_4;gamma_11_16;beta_17_10;gamma_18_5;gamma_9_7;beta_17_14;theta_17_8;alpha_18_9;gamma_9_17;delta_14_1;gamma_7_18;beta_18_16;beta_7_2;gamma_18_1;delta_11_9;gamma_5_17;delta_7_4;alpha_17_5;gamma_13_6;gamma_13_7;alpha_18_3;theta_18_8;delta_17_2;gamma_14_18;beta_18_9;gamma_14_5;beta_18_10;gamma_7_4;gamma_17_11;gamma_10_2;gamma_14_7;delta_15_16;alpha_17_3;gamma_6_16;gamma_16_12;theta_5_3;theta_17_5;gamma_17_4;gamma_4_13;delta_6_7;beta_11_15;gamma_11_6;theta_18_9;beta_3_2;delta_15_1;theta_17_3;gamma_4_1;alpha_18_11;delta_15_9
chb13,chb13_09,100,100,1507;1390;1048;901;569;1519;1485;1307;1524;1327;1527;1382;1511;1207;307;1201;1509;1522;1523;905;585;1380;1528;531;1346;1505;1211;1205;1495;1526;1192;1213;1468;1209;1515;1228;595;1217;184;1498;296;599;1375;1221;1432;1021;1218;1203;1366;909;1239;1378;1510;221;1407;1513;1268;1199;1222;178;1517;1408;938;274;1320;602;1433;1434;888;608;56;1215;613;1490;1179;903;891;1291;1461;1506;953;1329;484;603;1399;273;1323;886;197;1216;1451;1499;1430;582;238;1508;1273;1449;1193;911,gamma_17_12;gamma_10_15;beta_8_13;alpha_18_1;theta_16_9;gamma_18_7;gamma_16_7;gamma_5_17;gamma_18_12;gamma_7_2;gamma_18_15;gamma_10_6;gamma_17_16;beta_18_1;theta_1_3;beta_17_12;gamma_17_14;gamma_18_10;gamma_18_11;alpha_18_5;theta_17_8;gamma_10_4;gamma_18_16;theta_14_5;gamma_8_4;gamma_17_10;beta_18_5;beta_17_16;gamma_16_18;gamma_18_14;beta_17_3;beta_18_7;gamma_15_7;beta_18_3;gamma_18_3;gamma_1_6;theta_18_1;beta_18_11;delta_11_16;gamma_17_3;delta_18_8;theta_18_5;gamma_9_17;beta_18_15;gamma_13_5;beta_7_2;beta_18_12;beta_17_14;gamma_9_7;alpha_18_9;gamma_1_17;gamma_10_2;gamma_17_15;delta_14_1;gamma_11_15;gamma_18_1;gamma_3_12;beta_17_10;beta_18_16;delta_11_9;gamma_18_5;gamma_11_16;beta_2_5;delta_17_3;gamma_6_13;theta_18_8;gamma_13_6;gamma_13_7;alpha_17_5;theta_18_14;delta_4_7;beta_18_9;alpha_1_3;gamma_16_12;beta_16_7;alpha_18_3;alpha_17_8;gamma_4_18;gamma_14_18;gamma_17_11;beta_3_2;gamma_7_4;theta_11_9;theta_18_9;gamma_11_6;delta_17_2;gamma_6_16;alpha_17_3;delta_12_11;beta_18_10;gamma_14_7;gamma_17_4;gamma_13_3;theta_17_5;delta_15_1;gamma_17_13;gamma_3_17;gamma_14_5;beta_17_4;alpha_18_11
chb13,chb13_10,100,100,1507;484;105;1291;1417;901;1327;1519;891;1433;1509;1524;1207;1511;1527;1239;1522;1201;905;1286;1523;1495;1505;1528;307;1364;1211;1192;1380;1187;1205;1346;1515;1526;1213;1485;1209;938;599;221;1221;595;1498;296;1217;1510;1199;274;334;1203;1468;888;1407;1375;1513;1408;1382;909;1222;178;585;1517;376;1228;252;1021;1218;1366;531;1307;1320;582;90;903;1490;1215;1434;273;1461;1499;602;1449;608;1506;613;1329;1430;603;886;1399;1216;1451;1275;263;1323;1193;238;580;1342;1194,gamma_17_12;theta_11_9;delta_7_4;gamma_4_18;gamma_12_7;alpha_18_1;gamma_7_2;gamma_18_7;alpha_17_8;gamma_13_6;gamma_17_14;gamma_18_12;beta_18_1;gamma_17_16;gamma_18_15;gamma_1_17;gamma_18_10;beta_17_12;alpha_18_5;gamma_4_13;gamma_18_11;gamma_16_18;gamma_17_10;gamma_18_16;theta_1_3;gamma_9_5;beta_18_5;beta_17_3;gamma_10_4;beta_16_15;beta_17_16;gamma_8_4;gamma_18_3;gamma_18_14;beta_18_7;gamma_16_7;beta_18_3;beta_2_5;theta_18_5;delta_14_1;beta_18_15;theta_18_1;gamma_17_3;delta_18_8;beta_18_11;gamma_17_15;beta_17_10;delta_17_3;theta_2_13;beta_17_14;gamma_15_7;alpha_17_5;gamma_11_15;gamma_9_17;gamma_18_1;gamma_11_16;gamma_10_6;alpha_18_9;beta_18_16;delta_11_9;theta_17_8;gamma_18_5;theta_5_3;gamma_1_6;delta_15_16;beta_7_2;beta_18_12;gamma_9_7;theta_14_5;gamma_5_17;gamma_6_13;theta_17_5;delta_6_7;alpha_18_3;gamma_16_12;beta_18_9;gamma_13_7;delta_17_2;gamma_14_18;gamma_17_4;theta_18_8;gamma_14_5;theta_18_14;gamma_17_11;alpha_1_3;gamma_7_4;gamma_13_3;theta_18_9;alpha_17_3;gamma_11_6;beta_18_10;gamma_14_7;gamma_4_1;delta_16_9;gamma_6_16;beta_17_4;delta_15_1;theta_17_3;gamma_7_18;beta_17_5
chb13,chb13_11,100,100,1507;608;871;1342;1417;901;1524;410;1523;1511;1327;1207;1433;1505;1201;569;1239;1527;1519;1509;905;1522;1187;1528;1211;585;1205;1346;1380;1515;1320;1526;1192;1213;938;1485;1209;1199;595;1364;1217;1498;599;1375;296;1221;1408;1513;1203;197;1434;1510;953;1218;1517;1407;274;1395;1228;909;307;484;1307;334;1382;1222;888;221;602;1444;1468;1323;90;1490;273;1215;1506;1275;1366;1449;1329;903;1021;891;1216;252;603;1499;1430;582;178;105;1286;1399;1193;886;1451;531;613;911,gamma_17_12;theta_18_14;alpha_16_5;gamma_7_18;gamma_12_7;alpha_18_1;gamma_18_12;theta_7_3;gamma_18_11;gamma_17_16;gamma_7_2;beta_18_1;gamma_13_6;gamma_17_10;beta_17_12;theta_16_9;gamma_1_17;gamma_18_15;gamma_18_7;gamma_17_14;alpha_18_5;gamma_18_10;beta_16_15;gamma_18_16;beta_18_5;theta_17_8;beta_17_16;gamma_8_4;gamma_10_4;gamma_18_3;gamma_6_13;gamma_18_14;beta_17_3;beta_18_7;beta_2_5;gamma_16_7;beta_18_3;beta_17_10;theta_18_1;gamma_9_5;beta_18_11;gamma_17_3;theta_18_5;gamma_9_17;delta_18_8;beta_18_15;gamma_11_16;gamma_18_1;beta_17_14;delta_12_11;gamma_13_7;gamma_17_15;beta_3_2;beta_18_12;gamma_18_5;gamma_11_15;delta_17_3;gamma_11_2;gamma_1_6;alpha_18_9;theta_1_3;theta_11_9;gamma_5_17;theta_2_13;gamma_10_6;beta_18_16;alpha_17_5;delta_14_1;theta_18_8;gamma_13_18;gamma_15_7;gamma_6_16;delta_6_7;gamma_16_12;delta_17_2;beta_18_9;gamma_17_11;gamma_4_1;gamma_9_7;gamma_14_5;gamma_7_4;alpha_18_3;beta_7_2;alpha_17_8;beta_18_10;delta_15_16;theta_18_9;gamma_17_4;gamma_13_3;theta_17_5;delta_11_9;delta_7_4;gamma_4_13;gamma_11_6;beta_17_4;alpha_17_3;gamma_14_7;theta_14_5;alpha_1_3;alpha_18_11
chb13,chb13_12,100,100,1507;569;419;1417;1327;901;1307;1519;891;1511;1527;1524;1207;1433;1346;1509;1201;1505;905;1523;1376;1522;307;1205;1211;1187;1528;1364;1515;1526;938;1498;1320;1199;1221;1468;1213;1209;599;1510;221;1228;1217;1192;1380;162;595;296;1517;1239;1407;1203;1375;1513;1408;953;1485;909;585;274;1222;484;1342;1382;888;1218;252;1366;56;531;1323;1329;1215;602;1461;1490;1506;105;1021;1434;608;1275;273;582;1286;1449;903;1216;1395;603;376;178;1399;1499;1508;1273;334;1451;238;886,gamma_17_12;theta_16_9;theta_7_13;gamma_12_7;gamma_7_2;alpha_18_1;gamma_5_17;gamma_18_7;alpha_17_8;gamma_17_16;gamma_18_15;gamma_18_12;beta_18_1;gamma_13_6;gamma_8_4;gamma_17_14;beta_17_12;gamma_17_10;alpha_18_5;gamma_18_11;gamma_9_18;gamma_18_10;theta_1_3;beta_17_16;beta_18_5;beta_16_15;gamma_18_16;gamma_9_5;gamma_18_3;gamma_18_14;beta_2_5;gamma_17_3;gamma_6_13;beta_17_10;beta_18_15;gamma_15_7;beta_18_7;beta_18_3;theta_18_5;gamma_17_15;delta_14_1;gamma_1_6;beta_18_11;beta_17_3;gamma_10_4;delta_10_11;theta_18_1;delta_18_8;gamma_18_5;gamma_1_17;gamma_11_15;beta_17_14;gamma_9_17;gamma_18_1;gamma_11_16;beta_3_2;gamma_16_7;alpha_18_9;theta_17_8;delta_17_3;beta_18_16;theta_11_9;gamma_7_18;gamma_10_6;alpha_17_5;beta_18_12;delta_15_16;gamma_9_7;delta_4_7;theta_14_5;gamma_6_16;gamma_7_4;beta_18_9;theta_18_8;gamma_14_18;gamma_16_12;gamma_17_11;delta_7_4;beta_7_2;gamma_13_7;theta_18_14;gamma_4_1;delta_17_2;theta_17_5;gamma_4_13;gamma_14_5;alpha_18_3;beta_18_10;gamma_11_2;theta_18_9;theta_5_3;delta_11_9;gamma_11_6;gamma_17_4;gamma_17_13;gamma_3_17;theta_2_13;gamma_14_7;delta_15_1;alpha_17_3
chb13,chb13_13,100,100,1507;623;1327;1137;901;1519;1239;608;1485;1524;1511;1346;246;1207;1505;1201;1527;1433;1509;1523;905;307;1522;1187;1528;1211;1380;1192;1205;585;1364;938;1515;221;1213;1393;1526;1209;1468;1199;1498;595;1359;274;1217;1286;599;1407;1510;1221;1228;953;1366;1408;531;1222;1513;296;1203;909;1307;1517;484;1382;1218;891;252;888;1434;1490;613;886;1323;1215;1395;1275;602;903;1460;1320;1021;1506;1179;1193;238;1216;1329;1427;1449;273;580;582;178;1399;1342;1430;603;1499;1451;1273,gamma_17_12;alpha_1_13;gamma_7_2;beta_13_17;alpha_18_1;gamma_18_7;gamma_1_17;theta_18_14;gamma_16_7;gamma_18_12;gamma_17_16;gamma_8_4;delta_15_9;beta_18_1;gamma_17_10;beta_17_12;gamma_18_15;gamma_13_6;gamma_17_14;gamma_18_11;alpha_18_5;theta_1_3;gamma_18_10;beta_16_15;gamma_18_16;beta_18_5;gamma_10_4;beta_17_3;beta_17_16;theta_17_8;gamma_9_5;beta_2_5;gamma_18_3;delta_14_1;beta_18_7;gamma_10_18;gamma_18_14;beta_18_3;gamma_15_7;beta_17_10;gamma_17_3;theta_18_1;gamma_8_18;delta_17_3;beta_18_11;gamma_4_13;theta_18_5;gamma_11_15;gamma_17_15;beta_18_15;gamma_1_6;beta_3_2;gamma_9_7;gamma_11_16;theta_14_5;beta_18_16;gamma_18_1;delta_18_8;beta_17_14;alpha_18_9;gamma_5_17;gamma_18_5;theta_11_9;gamma_10_6;beta_18_12;alpha_17_8;delta_15_16;alpha_17_5;gamma_13_7;gamma_16_12;alpha_1_3;alpha_17_3;gamma_6_16;beta_18_9;gamma_11_2;gamma_4_1;theta_18_8;alpha_18_3;gamma_14_17;gamma_6_13;beta_7_2;gamma_17_11;beta_16_7;beta_17_4;delta_15_1;beta_18_10;gamma_7_4;gamma_12_18;gamma_14_5;delta_17_2;theta_17_3;theta_17_5;delta_11_9;gamma_11_6;gamma_7_18;gamma_13_3;theta_18_9;gamma_17_4;gamma_14_7;gamma_3_17
chb13,chb13_14,100,100,1507;484;1417;1239;377;901;1327;1524;1519;891;1527;1511;1433;1509;1207;1201;1522;1523;1187;905;1286;1505;608;1528;1211;1205;1346;1495;1515;1364;1192;307;938;1526;1213;1485;1209;274;221;1199;599;1221;1359;1217;296;595;1228;1510;1498;1407;1203;1382;1218;1468;1408;909;1021;252;1513;1222;1517;585;178;1375;888;1307;1366;1320;1323;613;1380;531;90;1215;602;1434;886;1449;1329;334;1506;197;903;582;1399;603;1184;953;273;1216;1193;580;1451;1461;790;376;238;1275;1508;1499,gamma_17_12;theta_11_9;gamma_12_7;gamma_1_17;theta_5_4;alpha_18_1;gamma_7_2;gamma_18_12;gamma_18_7;alpha_17_8;gamma_18_15;gamma_17_16;gamma_13_6;gamma_17_14;beta_18_1;beta_17_12;gamma_18_10;gamma_18_11;beta_16_15;alpha_18_5;gamma_4_13;gamma_17_10;theta_18_14;gamma_18_16;beta_18_5;beta_17_16;gamma_8_4;gamma_16_18;gamma_18_3;gamma_9_5;beta_17_3;theta_1_3;beta_2_5;gamma_18_14;beta_18_7;gamma_16_7;beta_18_3;delta_17_3;delta_14_1;beta_17_10;theta_18_5;beta_18_15;gamma_8_18;beta_18_11;delta_18_8;theta_18_1;gamma_1_6;gamma_17_15;gamma_17_3;gamma_11_15;beta_17_14;gamma_10_6;beta_18_12;gamma_15_7;gamma_11_16;alpha_18_9;beta_7_2;delta_15_16;gamma_18_1;beta_18_16;gamma_18_5;theta_17_8;delta_11_9;gamma_9_17;alpha_17_5;gamma_5_17;gamma_9_7;gamma_6_13;gamma_6_16;alpha_1_3;gamma_10_4;theta_14_5;delta_6_7;beta_18_9;theta_18_8;gamma_13_7;alpha_17_3;gamma_14_5;gamma_7_4;theta_2_13;gamma_17_11;delta_12_11;alpha_18_3;theta_17_5;gamma_11_6;theta_18_9;beta_16_12;beta_3_2;delta_17_2;beta_18_10;beta_17_4;theta_17_3;gamma_14_7;gamma_14_18;alpha_11_9;theta_5_3;delta_15_1;gamma_4_1;gamma_17_13;gamma_17_4
chb13,chb13_15,100,100,1507;70;1007;1365;901;891;1519;1485;1524;1327;1207;1307;1509;1511;178;1522;1201;1523;1346;905;1527;1505;608;1211;1205;1187;221;1515;1375;1528;1320;1192;1380;1209;1510;1468;1285;1213;1526;1364;1199;599;1498;595;1217;296;1393;1513;1221;953;334;1203;1382;274;1239;1408;1218;1517;1434;1407;909;252;1228;585;484;1222;531;888;1366;1323;197;1342;1490;1506;1215;1430;602;307;903;1021;1216;1433;1193;238;1461;1451;1329;603;886;273;1275;582;1286;1508;1460;1499;263;1273;1179;580,gamma_17_12;delta_5_3;beta_6_5;gamma_9_6;alpha_18_1;alpha_17_8;gamma_18_7;gamma_16_7;gamma_18_12;gamma_7_2;beta_18_1;gamma_5_17;gamma_17_14;gamma_17_16;delta_11_9;gamma_18_10;beta_17_12;gamma_18_11;gamma_8_4;alpha_18_5;gamma_18_15;gamma_17_10;theta_18_14;beta_18_5;beta_17_16;beta_16_15;delta_14_1;gamma_18_3;gamma_9_17;gamma_18_16;gamma_6_13;beta_17_3;gamma_10_4;beta_18_3;gamma_17_15;gamma_15_7;gamma_4_12;beta_18_7;gamma_18_14;gamma_9_5;beta_17_10;theta_18_5;gamma_17_3;theta_18_1;beta_18_11;delta_18_8;gamma_10_18;gamma_18_1;beta_18_15;beta_3_2;theta_2_13;beta_17_14;gamma_10_6;delta_17_3;gamma_1_17;gamma_11_16;beta_18_12;gamma_18_5;gamma_13_7;gamma_11_15;alpha_18_9;delta_15_16;gamma_1_6;theta_17_8;theta_11_9;beta_18_16;theta_14_5;alpha_17_5;gamma_9_7;gamma_6_16;delta_12_11;gamma_7_18;gamma_16_12;gamma_17_11;beta_18_9;gamma_13_3;theta_18_8;theta_1_3;alpha_18_3;beta_7_2;beta_18_10;gamma_13_6;beta_17_4;delta_15_1;gamma_14_18;gamma_14_7;gamma_7_4;theta_18_9;alpha_17_3;delta_17_2;gamma_4_1;theta_17_5;gamma_4_13;gamma_17_13;gamma_14_17;gamma_17_4;delta_16_9;gamma_3_17;beta_16_7;theta_17_3
chb13,chb13_16,100,100,1507;891;1325;569;1393;901;1519;1327;1399;1524;1511;1485;1207;1527;1239;1201;608;1522;1509;905;1346;1523;1505;1205;1286;1211;307;1528;1192;1187;1515;1364;1209;938;1213;1375;1526;1366;296;1510;599;274;1228;1498;1221;221;1217;1199;595;1021;1513;1408;334;1433;1203;1468;484;909;585;1222;1307;1407;1517;1218;888;1323;1380;197;1434;1320;273;602;1275;1215;1329;1490;531;903;252;1382;90;1461;953;886;1508;1179;1216;1506;1430;1193;178;603;1460;582;613;580;1285;1451;1273;1449,gamma_17_12;alpha_17_8;gamma_6_18;theta_16_9;gamma_10_18;alpha_18_1;gamma_18_7;gamma_7_2;gamma_11_6;gamma_18_12;gamma_17_16;gamma_16_7;beta_18_1;gamma_18_15;gamma_1_17;beta_17_12;theta_18_14;gamma_18_10;gamma_17_14;alpha_18_5;gamma_8_4;gamma_18_11;gamma_17_10;beta_17_16;gamma_4_13;beta_18_5;theta_1_3;gamma_18_16;beta_17_3;beta_16_15;gamma_18_3;gamma_9_5;beta_18_3;beta_2_5;beta_18_7;gamma_9_17;gamma_18_14;gamma_9_7;delta_18_8;gamma_17_15;theta_18_5;delta_17_3;gamma_1_6;gamma_17_3;beta_18_15;delta_14_1;beta_18_11;beta_17_10;theta_18_1;beta_7_2;gamma_18_1;gamma_11_16;theta_2_13;gamma_13_6;beta_17_14;gamma_15_7;theta_11_9;alpha_18_9;theta_17_8;beta_18_16;gamma_5_17;gamma_11_15;gamma_18_5;beta_18_12;alpha_17_5;gamma_6_16;gamma_10_4;delta_12_11;gamma_13_7;gamma_6_13;delta_17_2;theta_18_8;gamma_4_1;beta_18_9;gamma_7_4;gamma_16_12;theta_14_5;alpha_18_3;delta_15_16;gamma_10_6;delta_6_7;gamma_14_18;beta_3_2;alpha_17_3;gamma_17_13;beta_16_7;beta_18_10;gamma_17_11;gamma_13_3;beta_17_4;delta_11_9;theta_18_9;gamma_14_17;theta_17_5;alpha_1_3;theta_17_3;gamma_4_12;gamma_14_7;gamma_3_17;gamma_14_5
chb13,chb13_18,100,100,1507;1239;1400;105;891;901;1519;569;1524;1327;1509;1207;1511;1365;1522;1286;1527;1201;1505;1523;905;608;1528;1346;1211;938;1205;1199;1187;1515;1485;531;1498;595;1375;1526;1291;1209;307;1213;599;1380;1510;1192;296;1217;1393;1221;1228;1468;909;334;1203;1364;1407;1513;1218;1378;585;274;1222;484;1517;1021;1408;1382;221;1307;1366;888;602;1320;252;1275;1216;273;1434;1215;1033;903;603;1268;1490;613;1433;90;1506;197;1461;178;1193;1451;582;1342;1329;1449;1508;886;1430;1244,gamma_17_12;gamma_1_17;gamma_11_7;delta_7_4;alpha_17_8;alpha_18_1;gamma_18_7;theta_16_9;gamma_18_12;gamma_7_2;gamma_17_14;beta_18_1;gamma_17_16;gamma_9_6;gamma_18_10;gamma_4_13;gamma_18_15;beta_17_12;gamma_17_10;gamma_18_11;alpha_18_5;theta_18_14;gamma_18_16;gamma_8_4;beta_18_5;beta_2_5;beta_17_16;beta_17_10;beta_16_15;gamma_18_3;gamma_16_7;theta_14_5;gamma_17_3;theta_18_1;gamma_9_17;gamma_18_14;gamma_4_18;beta_18_3;theta_1_3;beta_18_7;theta_18_5;gamma_10_4;gamma_17_15;beta_17_3;delta_18_8;beta_18_11;gamma_10_18;beta_18_15;gamma_1_6;gamma_15_7;alpha_18_9;theta_2_13;beta_17_14;gamma_9_5;gamma_11_15;gamma_18_1;beta_18_12;gamma_10_2;theta_17_8;delta_17_3;beta_18_16;theta_11_9;gamma_18_5;beta_7_2;gamma_11_16;gamma_10_6;delta_14_1;gamma_5_17;gamma_9_7;alpha_17_5;theta_18_8;gamma_6_13;delta_15_16;gamma_4_1;beta_18_10;delta_17_2;gamma_13_7;beta_18_9;beta_7_15;alpha_18_3;theta_18_9;gamma_3_12;gamma_16_12;alpha_1_3;gamma_13_6;delta_6_7;gamma_17_11;delta_12_11;gamma_14_18;delta_11_9;beta_17_4;gamma_14_7;theta_17_5;gamma_7_18;gamma_7_4;gamma_14_5;gamma_17_13;alpha_17_3;gamma_13_3;gamma_2_5
chb13,chb13_19,100,100,1507;105;1342;1207;1109;1327;1519;1468;1511;1527;290;1524;901;1201;1228;1509;263;1523;1528;1505;608;1205;1239;1522;1382;1211;1187;1209;1526;905;1213;1192;1286;1380;1515;296;1217;1485;1510;1323;1498;1513;307;1221;274;953;1408;1346;595;1222;252;1366;1517;1407;1443;1199;599;1218;1508;1329;1203;1490;221;585;1193;1433;903;1179;909;1379;1427;1021;484;1499;1320;1506;1307;602;580;911;1434;1215;411;886;1216;90;1451;596;334;1449;1375;1293;1244;238;197;1225;1378;915;1162;178,gamma_17_12;delta_7_4;gamma_7_18;beta_18_1;beta_12_5;gamma_7_2;gamma_18_7;gamma_15_7;gamma_17_16;gamma_18_15;delta_18_2;gamma_18_12;alpha_18_1;beta_17_12;gamma_1_6;gamma_17_14;delta_16_9;gamma_18_11;gamma_18_16;gamma_17_10;theta_18_14;beta_17_16;gamma_1_17;gamma_18_10;gamma_10_6;beta_18_5;beta_16_15;beta_18_3;gamma_18_14;alpha_18_5;beta_18_7;beta_17_3;gamma_4_13;gamma_10_4;gamma_18_3;delta_18_8;beta_18_11;gamma_16_7;gamma_17_15;gamma_6_16;gamma_17_3;gamma_18_1;theta_1_3;beta_18_15;delta_17_3;beta_3_2;gamma_11_16;gamma_8_4;theta_18_1;beta_18_16;delta_15_16;gamma_9_7;gamma_18_5;gamma_11_15;gamma_13_17;beta_17_10;theta_18_5;beta_18_12;gamma_17_13;gamma_7_4;beta_17_14;gamma_16_12;delta_14_1;theta_17_8;beta_17_4;gamma_13_6;alpha_18_3;beta_16_7;alpha_18_9;gamma_10_3;gamma_12_18;beta_7_2;theta_11_9;gamma_17_4;gamma_6_13;gamma_17_11;gamma_5_17;theta_18_8;theta_17_3;alpha_18_11;gamma_13_7;beta_18_9;theta_7_4;alpha_17_3;beta_18_10;delta_6_7;gamma_14_7;theta_18_2;theta_2_13;gamma_14_5;gamma_9_17;gamma_5_2;gamma_2_5;delta_15_1;delta_12_11;gamma_1_3;gamma_10_2;alpha_18_15;beta_15_7;delta_11_9
chb13,chb13_21,100,100,1507;1187;362;1359;1523;608;1511;901;1524;501;1509;1505;1495;905;1201;1519;1239;1207;1399;1527;1327;1528;1522;1205;1485;1211;1040;1498;1526;1286;1209;1199;1217;1192;599;1515;1203;184;1213;1228;1364;1221;1375;585;1510;1218;595;1378;1222;1033;909;1408;1384;1193;1329;1513;221;430;903;1517;1434;1499;334;274;1382;296;1268;888;911;1346;1184;1216;1215;1430;197;1318;1506;531;1407;1283;1366;886;602;1225;1320;1307;603;1444;201;582;1386;1449;1468;953;178;938;1497;1460;1204;1433,gamma_17_12;beta_16_15;theta_4_7;gamma_8_18;gamma_18_11;theta_18_14;gamma_17_16;alpha_18_1;gamma_18_12;theta_12_9;gamma_17_14;gamma_17_10;gamma_16_18;alpha_18_5;beta_17_12;gamma_18_7;gamma_1_17;beta_18_1;gamma_11_6;gamma_18_15;gamma_7_2;gamma_18_16;gamma_18_10;beta_17_16;gamma_16_7;beta_18_5;beta_8_4;gamma_17_3;gamma_18_14;gamma_4_13;beta_18_3;beta_17_10;beta_18_11;beta_17_3;theta_18_5;gamma_18_3;beta_17_14;delta_11_16;beta_18_7;gamma_1_6;gamma_9_5;beta_18_15;gamma_9_17;theta_17_8;gamma_17_15;beta_18_12;theta_18_1;gamma_10_2;beta_18_16;beta_7_15;alpha_18_9;gamma_11_16;gamma_10_8;beta_17_4;gamma_7_4;gamma_18_1;delta_14_1;theta_8_6;alpha_18_3;gamma_18_5;gamma_13_7;gamma_17_4;theta_2_13;delta_17_3;gamma_10_6;delta_18_8;gamma_3_12;alpha_17_5;alpha_18_11;gamma_8_4;beta_16_12;beta_18_10;beta_18_9;gamma_13_3;delta_12_11;gamma_6_11;gamma_17_11;theta_14_5;gamma_11_15;gamma_4_10;gamma_9_7;alpha_17_3;theta_18_8;gamma_1_3;gamma_6_13;gamma_5_17;theta_18_9;gamma_13_18;delta_12_16;theta_17_5;gamma_10_11;gamma_14_5;gamma_15_7;beta_3_2;delta_11_9;beta_2_5;gamma_17_2;gamma_14_17;beta_17_15;gamma_13_6
chb13,chb13_22,100,100,1507;891;317;1239;901;1417;1327;1519;1524;1509;484;1207;1522;1511;307;1201;1364;1527;1523;938;905;1380;1505;608;1291;1211;1528;1192;1407;1515;1382;1205;1346;1485;1209;221;1199;1213;1510;595;1498;1526;1286;599;296;274;1393;1217;1221;1228;184;1203;1468;1518;1513;1218;585;888;909;1307;273;1375;1517;1408;178;613;1366;1222;197;1021;1433;602;531;1506;1275;903;1430;1323;603;1320;1216;1215;1434;582;1101;1508;90;886;1342;1461;1329;1449;1490;263;580;1244;238;1451;376;279,gamma_17_12;alpha_17_8;theta_1_13;gamma_1_17;alpha_18_1;gamma_12_7;gamma_7_2;gamma_18_7;gamma_18_12;gamma_17_14;theta_11_9;beta_18_1;gamma_18_10;gamma_17_16;theta_1_3;beta_17_12;gamma_9_5;gamma_18_15;gamma_18_11;beta_2_5;alpha_18_5;gamma_10_4;gamma_17_10;theta_18_14;gamma_4_18;beta_18_5;gamma_18_16;beta_17_3;gamma_11_15;gamma_18_3;gamma_10_6;beta_17_16;gamma_8_4;gamma_16_7;beta_18_3;delta_14_1;beta_17_10;beta_18_7;gamma_17_15;theta_18_1;gamma_17_3;gamma_18_14;gamma_4_13;theta_18_5;delta_18_8;delta_17_3;gamma_10_18;beta_18_11;beta_18_15;gamma_1_6;delta_11_16;beta_17_14;gamma_15_7;gamma_18_6;gamma_18_1;beta_18_12;theta_17_8;alpha_17_5;alpha_18_9;gamma_5_17;delta_17_2;gamma_9_17;gamma_18_5;gamma_11_16;delta_11_9;alpha_1_3;gamma_9_7;beta_18_16;delta_12_11;beta_7_2;gamma_13_6;theta_18_8;theta_14_5;gamma_17_11;gamma_4_1;alpha_18_3;gamma_13_3;gamma_6_16;theta_18_9;gamma_6_13;beta_18_10;beta_18_9;gamma_13_7;theta_17_5;beta_11_15;gamma_17_13;delta_6_7;alpha_17_3;gamma_7_18;gamma_14_18;gamma_7_4;gamma_14_5;gamma_16_12;delta_16_9;theta_17_3;gamma_2_5;delta_15_1;gamma_14_7;theta_5_3;delta_17_8
chb13,chb13_24,100,100,1507;1327;230;1400;1207;1519;891;1524;1239;1511;901;871;1527;1201;1346;1433;1509;1523;1522;1286;905;1187;178;1505;1528;1211;1495;1205;1515;1192;1209;1380;1213;938;1526;1434;1228;595;296;599;1498;1359;1221;307;1217;1364;1199;274;1510;1218;1513;1407;1203;221;1468;1517;1323;1382;585;909;1408;1021;1222;1375;888;246;1320;1490;1485;602;1307;608;903;1275;1215;252;1395;1216;1366;273;1193;1449;886;334;1461;1329;582;1506;90;238;953;1508;580;1319;603;1467;1499;1451;1430;484,gamma_17_12;gamma_7_2;delta_14_10;gamma_11_7;beta_18_1;gamma_18_7;alpha_17_8;gamma_18_12;gamma_1_17;gamma_17_16;alpha_18_1;alpha_16_5;gamma_18_15;beta_17_12;gamma_8_4;gamma_13_6;gamma_17_14;gamma_18_11;gamma_18_10;gamma_4_13;alpha_18_5;beta_16_15;delta_11_9;gamma_17_10;gamma_18_16;beta_18_5;gamma_16_18;beta_17_16;gamma_18_3;beta_17_3;beta_18_3;gamma_10_4;beta_18_7;beta_2_5;gamma_18_14;gamma_13_7;gamma_1_6;theta_18_1;delta_18_8;theta_18_5;gamma_17_3;gamma_8_18;beta_18_15;theta_1_3;beta_18_11;gamma_9_5;beta_17_10;delta_17_3;gamma_17_15;beta_18_12;gamma_18_1;gamma_11_15;beta_17_14;delta_14_1;gamma_15_7;gamma_18_5;gamma_6_16;gamma_10_6;theta_17_8;alpha_18_9;gamma_11_16;beta_7_2;beta_18_16;gamma_9_17;alpha_17_5;delta_15_9;gamma_6_13;gamma_16_12;gamma_16_7;theta_18_8;gamma_5_17;theta_18_14;alpha_18_3;gamma_4_1;beta_18_9;delta_15_16;gamma_11_2;beta_18_10;gamma_9_7;delta_17_2;beta_17_4;gamma_14_5;alpha_17_3;theta_2_13;gamma_14_18;gamma_7_4;theta_17_5;gamma_17_11;delta_6_7;delta_15_1;beta_3_2;gamma_17_13;theta_17_3;gamma_6_12;theta_18_9;gamma_15_6;gamma_17_4;gamma_14_7;gamma_13_3;theta_11_9
chb13,chb13_30,100,100,1507;893;1432;1239;1207;1485;1519;359;1524;1327;1527;1201;901;1511;608;1522;1495;1509;1523;841;1346;905;1505;1528;1286;1211;1382;1205;585;1515;1187;1526;1468;1209;1228;1213;595;221;1217;1192;1430;599;1359;1510;296;1221;1218;184;1498;909;1323;1366;1199;1408;1513;938;1203;837;274;1375;1517;1307;1407;1222;891;334;178;888;1433;307;1434;602;1021;1320;1215;1490;1329;1518;1508;273;603;1451;1506;1378;1216;1449;903;1275;582;1319;105;1461;1193;1399;1179;238;613;886;484;908,gamma_17_12;alpha_17_10;gamma_13_5;gamma_1_17;beta_18_1;gamma_16_7;gamma_18_7;theta_4_3;gamma_18_12;gamma_7_2;gamma_18_15;beta_17_12;alpha_18_1;gamma_17_16;theta_18_14;gamma_18_10;gamma_16_18;gamma_17_14;gamma_18_11;alpha_14_9;gamma_8_4;alpha_18_5;gamma_17_10;gamma_18_16;gamma_4_13;beta_18_5;gamma_10_6;beta_17_16;theta_17_8;gamma_18_3;beta_16_15;gamma_18_14;gamma_15_7;beta_18_3;gamma_1_6;beta_18_7;theta_18_1;delta_14_1;beta_18_11;beta_17_3;gamma_13_3;theta_18_5;gamma_8_18;gamma_17_15;delta_18_8;beta_18_15;beta_18_12;delta_11_16;gamma_17_3;alpha_18_9;gamma_6_16;gamma_9_7;beta_17_10;gamma_11_16;gamma_18_1;beta_2_5;beta_17_14;alpha_14_5;delta_17_3;gamma_9_17;gamma_18_5;gamma_5_17;gamma_11_15;beta_18_16;alpha_17_8;theta_2_13;delta_11_9;alpha_17_5;gamma_13_6;theta_1_3;gamma_13_7;theta_18_8;beta_7_2;gamma_6_13;beta_18_9;gamma_16_12;gamma_7_4;gamma_18_6;gamma_17_13;delta_17_2;theta_18_9;gamma_14_7;gamma_17_11;gamma_10_2;beta_18_10;gamma_14_5;alpha_18_3;gamma_4_1;theta_17_5;gamma_6_12;delta_7_4;gamma_14_18;beta_17_4;gamma_11_6;beta_16_7;delta_15_1;alpha_1_3;alpha_17_3;theta_11_9;alpha_18_8
chb13,chb13_36,100,100,1507;535;431;1327;901;1524;1307;608;1519;1468;1346;1511;1527;1201;1364;1207;1505;1509;1523;1187;905;1286;1522;307;1205;1495;1211;585;1528;1433;221;1515;1209;1192;1213;1526;1485;1199;1408;595;1510;1217;1342;599;296;1498;1203;1221;1460;1513;105;274;531;1380;1218;1228;909;1366;1407;334;1239;602;1517;178;1021;1222;888;252;1320;1434;1382;1215;197;1329;1033;891;903;1461;938;1506;1323;238;582;1451;1193;1216;1449;886;613;603;1273;1508;484;1430;908;272;580;1499;1375;1374,gamma_17_12;theta_14_9;theta_8_7;gamma_7_2;alpha_18_1;gamma_18_12;gamma_5_17;theta_18_14;gamma_18_7;gamma_15_7;gamma_8_4;gamma_17_16;gamma_18_15;beta_17_12;gamma_9_5;beta_18_1;gamma_17_10;gamma_17_14;gamma_18_11;beta_16_15;alpha_18_5;gamma_4_13;gamma_18_10;theta_1_3;beta_17_16;gamma_16_18;beta_18_5;theta_17_8;gamma_18_16;gamma_13_6;delta_14_1;gamma_18_3;beta_18_3;beta_17_3;beta_18_7;gamma_18_14;gamma_16_7;beta_17_10;gamma_11_16;theta_18_1;gamma_17_15;beta_18_11;gamma_7_18;theta_18_5;delta_18_8;gamma_17_3;beta_17_14;beta_18_15;gamma_14_17;gamma_18_1;delta_7_4;delta_17_3;theta_14_5;gamma_10_4;beta_18_12;gamma_1_6;alpha_18_9;gamma_9_7;gamma_11_15;theta_2_13;gamma_1_17;theta_18_8;gamma_18_5;delta_11_9;beta_7_2;beta_18_16;alpha_17_5;delta_15_16;gamma_6_13;gamma_13_7;gamma_10_6;beta_18_9;delta_12_11;gamma_7_4;beta_7_15;alpha_17_8;alpha_18_3;gamma_14_18;beta_2_5;gamma_17_11;gamma_6_16;delta_15_1;theta_17_5;gamma_14_7;beta_17_4;beta_18_10;gamma_14_5;alpha_17_3;alpha_1_3;theta_18_9;gamma_3_17;gamma_17_13;theta_11_9;gamma_13_3;alpha_18_8;delta_17_1;theta_17_3;gamma_17_4;gamma_9_17;gamma_9_16
chb13,chb13_37,100,100,1507;803;1275;608;901;623;1519;1307;1524;1327;1468;1511;1207;1201;1346;1509;1433;1505;905;307;1527;1523;484;1495;1522;1205;1291;1211;1187;1528;585;1515;599;1498;1485;1526;1213;1375;1209;1228;595;1199;1510;1320;1408;1513;1192;1217;221;1203;1221;1239;252;296;1382;1366;1517;1218;909;1380;1407;1222;1021;888;274;1364;1329;602;1395;1434;613;178;1323;1508;1215;1244;197;891;1461;582;903;1430;1286;1179;238;1193;1506;1490;1399;90;603;273;1451;1033;1216;376;1273;1499;1449;1460,gamma_17_12;alpha_12_5;gamma_4_1;theta_18_14;alpha_18_1;alpha_1_13;gamma_18_7;gamma_5_17;gamma_18_12;gamma_7_2;gamma_15_7;gamma_17_16;beta_18_1;beta_17_12;gamma_8_4;gamma_17_14;gamma_13_6;gamma_17_10;alpha_18_5;theta_1_3;gamma_18_15;gamma_18_11;theta_11_9;gamma_16_18;gamma_18_10;beta_17_16;gamma_4_18;beta_18_5;beta_16_15;gamma_18_16;theta_17_8;gamma_18_3;theta_18_5;gamma_17_3;gamma_16_7;gamma_18_14;beta_18_7;gamma_9_17;beta_18_3;gamma_1_6;theta_18_1;beta_17_10;gamma_17_15;gamma_6_13;gamma_11_16;gamma_18_1;beta_17_3;beta_18_11;delta_14_1;beta_17_14;beta_18_15;gamma_1_17;delta_15_16;delta_18_8;gamma_10_6;gamma_9_7;gamma_18_5;beta_18_12;alpha_18_9;gamma_10_4;gamma_11_15;beta_18_16;beta_7_2;alpha_17_5;delta_17_3;gamma_9_5;gamma_7_4;theta_18_8;gamma_11_2;gamma_13_7;alpha_1_3;delta_11_9;gamma_6_16;gamma_17_13;beta_18_9;gamma_2_5;delta_12_11;alpha_17_8;gamma_14_18;theta_17_5;alpha_18_3;gamma_13_3;gamma_4_13;beta_16_7;delta_15_1;beta_17_4;gamma_17_11;gamma_16_12;gamma_11_6;delta_6_7;theta_18_9;delta_17_2;gamma_14_7;beta_7_15;beta_18_10;theta_5_3;gamma_3_17;gamma_17_4;gamma_14_5;gamma_14_17
chb13,chb13_38,100,100,1507;1432;891;1342;1417;901;1524;1327;1519;263;1511;1509;1527;1346;1201;1207;1522;1239;1523;1382;905;1187;1528;307;1505;1205;1211;608;221;1498;1495;334;1526;1515;1468;1192;1228;1209;296;1213;1217;1244;599;1380;1221;274;1320;1510;252;595;1408;1199;1366;1203;1323;1375;585;909;1222;1407;484;1517;1218;1433;531;1021;1513;1307;1485;888;602;1329;90;1215;1364;1430;1434;903;1193;105;238;1506;1461;178;1216;1499;886;1399;273;1490;1451;1508;603;1286;1275;582;613;580;197;908,gamma_17_12;gamma_13_5;alpha_17_8;gamma_7_18;gamma_12_7;alpha_18_1;gamma_18_12;gamma_7_2;gamma_18_7;delta_16_9;gamma_17_16;gamma_17_14;gamma_18_15;gamma_8_4;beta_17_12;beta_18_1;gamma_18_10;gamma_1_17;gamma_18_11;gamma_10_6;alpha_18_5;beta_16_15;gamma_18_16;theta_1_3;gamma_17_10;beta_17_16;beta_18_5;theta_18_14;delta_14_1;gamma_17_3;gamma_16_18;theta_2_13;gamma_18_14;gamma_18_3;gamma_15_7;beta_17_3;gamma_1_6;beta_18_3;delta_18_8;beta_18_7;beta_18_11;gamma_2_5;theta_18_5;gamma_10_4;beta_18_15;delta_17_3;gamma_6_13;gamma_17_15;delta_15_16;theta_18_1;gamma_11_16;beta_17_10;gamma_9_7;beta_17_14;gamma_6_16;gamma_9_17;theta_17_8;alpha_18_9;beta_18_16;gamma_11_15;theta_11_9;gamma_18_5;beta_18_12;gamma_13_6;theta_14_5;beta_7_2;gamma_18_1;gamma_5_17;gamma_16_7;alpha_17_5;theta_18_8;gamma_7_4;delta_6_7;beta_18_9;gamma_9_5;gamma_13_3;gamma_13_7;alpha_18_3;beta_17_4;delta_7_4;delta_15_1;gamma_17_11;gamma_14_18;delta_11_9;beta_18_10;gamma_17_4;alpha_17_3;gamma_11_6;delta_17_2;gamma_16_12;gamma_14_7;gamma_17_13;theta_18_9;gamma_4_13;gamma_4_1;theta_17_5;alpha_1_3;theta_17_3;delta_12_11;alpha_18_8
chb13,chb13_39,100,100,1507;841;1376;1326;901;105;1519;891;1524;1239;1511;1327;1468;1207;1509;1522;1201;1527;905;1523;837;1528;1505;1187;1211;1346;1205;1365;608;1320;1526;1209;1515;1213;1485;1192;595;1380;1359;599;1228;1510;296;1217;252;1498;1222;1199;1513;1021;1203;221;1221;1375;1218;1408;1307;1434;1517;178;307;888;1407;274;909;1323;585;1193;1364;334;1382;1499;1366;1244;602;1329;1215;903;1430;1506;90;1179;582;1216;1461;1508;484;238;603;886;1273;1433;273;1286;1451;613;1449;197;1490;953,gamma_17_12;alpha_14_9;gamma_9_18;gamma_7_1;alpha_18_1;delta_7_4;gamma_18_7;alpha_17_8;gamma_18_12;gamma_1_17;gamma_17_16;gamma_7_2;gamma_15_7;beta_18_1;gamma_17_14;gamma_18_10;beta_17_12;gamma_18_15;alpha_18_5;gamma_18_11;alpha_14_5;gamma_18_16;gamma_17_10;beta_16_15;beta_18_5;gamma_8_4;beta_17_16;gamma_9_6;theta_18_14;gamma_6_13;gamma_18_14;beta_18_3;gamma_18_3;beta_18_7;gamma_16_7;beta_17_3;theta_18_1;gamma_10_4;gamma_8_18;theta_18_5;gamma_1_6;gamma_17_15;delta_18_8;beta_18_11;delta_15_16;gamma_17_3;beta_18_16;beta_17_10;gamma_18_1;beta_7_2;beta_17_14;delta_14_1;beta_18_15;gamma_9_17;beta_18_12;gamma_11_16;gamma_5_17;gamma_13_7;gamma_18_5;delta_11_9;theta_1_3;alpha_17_5;gamma_11_15;delta_17_3;alpha_18_9;gamma_6_16;theta_17_8;beta_17_4;gamma_9_5;theta_2_13;gamma_10_6;gamma_17_4;gamma_9_7;gamma_2_5;theta_18_8;gamma_7_4;beta_18_9;alpha_18_3;gamma_13_3;gamma_17_11;delta_6_7;beta_16_7;theta_17_5;beta_18_10;gamma_14_18;gamma_17_13;theta_11_9;delta_15_1;theta_18_9;alpha_17_3;gamma_3_17;gamma_13_6;delta_17_2;gamma_4_13;gamma_14_7;alpha_1_3;gamma_14_5;delta_12_11;gamma_16_12;beta_3_2
chb13,chb13_40,100,100,1507;484;1306;891;53;901;1393;1519;1239;1527;1524;1511;1207;1505;1523;1522;1187;1201;871;1434;1205;885;1515;1244;595;1528;1213;1192;1327;905;1221;1518;1399;1217;909;1209;1457;1346;1498;1286;1199;1211;1510;1033;1509;1513;1222;1421;599;1216;1218;221;274;1366;105;1281;603;1364;1526;1407;1506;1517;908;1215;1307;1410;903;1408;886;911;259;1468;1275;580;585;1228;307;888;1203;1461;1243;915;334;252;602;204;1380;1426;1485;907;582;1484;579;1316;1329;605;225;1276;289;1204,gamma_17_12;theta_11_9;gamma_5_16;alpha_17_8;delta_4_3;alpha_18_1;gamma_10_18;gamma_18_7;gamma_1_17;gamma_18_15;gamma_18_12;gamma_17_16;beta_18_1;gamma_17_10;gamma_18_11;gamma_18_10;beta_16_15;beta_17_12;alpha_16_5;gamma_13_7;beta_17_16;alpha_17_2;gamma_18_3;gamma_2_5;theta_18_1;gamma_18_16;beta_18_7;beta_17_3;gamma_7_2;alpha_18_5;beta_18_15;gamma_18_6;gamma_11_6;beta_18_11;alpha_18_9;beta_18_3;gamma_14_13;gamma_8_4;gamma_17_3;gamma_4_13;beta_17_10;beta_18_5;gamma_17_15;beta_7_15;gamma_17_14;gamma_18_1;beta_18_16;gamma_12_11;theta_18_5;beta_18_10;beta_18_12;delta_14_1;delta_17_3;gamma_9_7;delta_7_4;gamma_4_8;theta_18_9;gamma_9_5;gamma_18_14;gamma_11_15;gamma_17_11;gamma_18_5;alpha_18_8;beta_18_9;gamma_5_17;gamma_11_18;alpha_18_3;gamma_11_16;alpha_17_3;alpha_18_11;delta_16_5;gamma_15_7;gamma_4_1;theta_17_3;theta_17_8;gamma_1_6;theta_1_3;alpha_17_5;beta_17_14;gamma_14_18;gamma_2_4;alpha_18_15;theta_2_13;delta_15_16;theta_18_8;delta_13_1;gamma_10_4;gamma_12_17;gamma_16_7;alpha_18_7;theta_17_5;gamma_16_6;theta_17_2;gamma_6_9;gamma_7_4;theta_18_11;delta_14_5;gamma_4_2;delta_18_1;beta_17_15
chb13,chb13_47,100,100,1507;1342;608;104;1519;1468;1207;891;1511;1382;1523;501;1327;1201;901;1505;1509;1239;1213;1527;905;1524;221;1528;1522;1211;1187;1346;1375;1205;1515;1393;334;1498;1217;296;595;1380;1209;1364;1434;1526;1199;1192;252;1323;1221;938;599;1510;1513;1222;1407;1203;585;1286;909;1366;1408;178;1517;1228;1021;531;274;1218;888;1307;1433;1485;307;602;1430;1329;1506;1215;1275;903;1490;1268;1451;603;273;484;1320;1216;1444;911;279;238;1399;1291;886;1276;582;1193;1449;90;197;907,gamma_17_12;gamma_7_18;theta_18_14;delta_7_3;gamma_18_7;gamma_15_7;beta_18_1;alpha_17_8;gamma_17_16;gamma_10_6;gamma_18_11;theta_12_9;gamma_7_2;beta_17_12;alpha_18_1;gamma_17_10;gamma_17_14;gamma_1_17;beta_18_7;gamma_18_15;alpha_18_5;gamma_18_12;delta_14_1;gamma_18_16;gamma_18_10;beta_18_5;beta_16_15;gamma_8_4;gamma_9_17;beta_17_16;gamma_18_3;gamma_10_18;theta_2_13;gamma_17_3;beta_18_11;delta_18_8;theta_18_1;gamma_10_4;beta_18_3;gamma_9_5;gamma_13_7;gamma_18_14;beta_17_10;beta_17_3;delta_15_16;gamma_6_16;beta_18_15;beta_2_5;theta_18_5;gamma_17_15;gamma_18_1;beta_18_16;gamma_11_15;beta_17_14;theta_17_8;gamma_4_13;alpha_18_9;gamma_9_7;gamma_11_16;delta_11_9;gamma_18_5;gamma_1_6;beta_7_2;theta_14_5;delta_17_3;beta_18_12;alpha_17_5;gamma_5_17;gamma_13_6;gamma_16_7;theta_1_3;theta_18_8;gamma_13_3;gamma_7_4;gamma_17_11;beta_18_9;gamma_4_1;alpha_18_3;gamma_16_12;gamma_3_12;gamma_14_7;theta_18_9;delta_17_2;theta_11_9;gamma_6_13;beta_18_10;gamma_13_18;alpha_18_11;delta_17_8;delta_15_1;gamma_11_6;gamma_4_18;alpha_17_3;gamma_4_2;theta_17_5;beta_17_4;gamma_14_5;delta_6_7;delta_12_11;alpha_18_7
chb13,chb13_55,100,100,1507;1014;1364;124;901;1519;891;1179;1509;1524;1239;1207;1522;307;1511;1527;1327;905;1523;1528;569;1346;1201;1505;1211;1291;1187;1515;1433;1192;1510;1205;1323;1526;1366;1209;599;1393;1430;1213;1498;221;274;1221;1408;1513;1320;1217;595;585;1203;1485;1199;1222;1517;105;1407;1378;909;1342;888;1382;1468;296;903;376;1218;1375;531;1216;1268;1508;1286;252;886;1329;1434;484;1215;1307;608;1461;602;580;334;603;1449;1506;582;1451;1374;1274;1;1499;1399;238;197;911;1490;1395,gamma_17_12;beta_6_13;gamma_9_5;delta_8_6;alpha_18_1;gamma_18_7;alpha_17_8;beta_16_7;gamma_17_14;gamma_18_12;gamma_1_17;beta_18_1;gamma_18_10;theta_1_3;gamma_17_16;gamma_18_15;gamma_7_2;alpha_18_5;gamma_18_11;gamma_18_16;theta_16_9;gamma_8_4;beta_17_12;gamma_17_10;beta_18_5;gamma_4_18;beta_16_15;gamma_18_3;gamma_13_6;beta_17_3;gamma_17_15;beta_17_16;gamma_6_16;gamma_18_14;gamma_9_7;beta_18_3;theta_18_5;gamma_10_18;gamma_13_3;beta_18_7;gamma_17_3;delta_14_1;delta_17_3;beta_18_15;gamma_11_16;gamma_18_1;gamma_6_13;beta_18_11;theta_18_1;theta_17_8;beta_17_14;gamma_16_7;beta_17_10;beta_18_16;gamma_18_5;delta_7_4;gamma_11_15;gamma_10_2;alpha_18_9;gamma_7_18;alpha_17_5;gamma_10_6;gamma_15_7;delta_18_8;alpha_18_3;theta_5_3;beta_18_12;gamma_9_17;theta_14_5;beta_18_10;gamma_3_12;gamma_17_13;gamma_4_13;delta_15_16;alpha_17_3;gamma_7_4;gamma_13_7;theta_11_9;beta_18_9;gamma_5_17;theta_18_14;gamma_14_18;theta_18_8;theta_17_3;theta_2_13;theta_18_9;gamma_14_5;gamma_17_11;theta_17_5;gamma_14_7;gamma_9_16;gamma_3_18;delta_1_3;gamma_17_4;gamma_11_6;delta_15_1;delta_12_11;alpha_18_11;gamma_16_12;gamma_11_2
chb13,chb13_56,100,100,1527;953;1495;1432;901;1507;1523;608;1207;1383;1509;1239;1524;905;1187;1505;1511;1221;1522;1510;790;1201;1211;1346;1519;1320;595;1515;909;307;1528;1365;1205;1217;599;1327;1526;585;1209;1468;1513;1498;274;938;1192;1490;1291;1203;1517;1199;1213;1506;603;1215;1407;1485;915;602;1222;221;888;1382;1218;1228;1408;1508;1434;484;911;613;1307;1204;1380;1375;891;903;1193;582;1366;1275;1216;184;837;296;1286;1461;580;578;1329;1433;1268;886;1430;605;1499;1021;1451;1342;1194;1364,gamma_18_15;beta_3_2;gamma_16_18;gamma_13_5;alpha_18_1;gamma_17_12;gamma_18_11;theta_18_14;beta_18_1;gamma_10_7;gamma_17_14;gamma_1_17;gamma_18_12;alpha_18_5;beta_16_15;gamma_17_10;gamma_17_16;beta_18_15;gamma_18_10;gamma_17_15;alpha_11_9;beta_17_12;beta_18_5;gamma_8_4;gamma_18_7;gamma_6_13;theta_18_1;gamma_18_3;alpha_18_9;theta_1_3;gamma_18_16;gamma_9_6;beta_17_16;beta_18_11;theta_18_5;gamma_7_2;gamma_18_14;theta_17_8;beta_18_3;gamma_15_7;gamma_18_1;gamma_17_3;delta_17_3;beta_2_5;beta_17_3;gamma_16_12;gamma_4_18;beta_17_14;gamma_18_5;beta_17_10;beta_18_7;gamma_17_11;theta_18_9;beta_18_9;gamma_11_15;gamma_16_7;alpha_18_15;theta_18_8;beta_18_16;delta_14_1;alpha_17_5;gamma_10_6;beta_18_12;gamma_1_6;gamma_11_16;gamma_17_13;gamma_13_7;theta_11_9;alpha_18_11;alpha_1_3;gamma_5_17;beta_17_15;gamma_10_4;gamma_9_17;alpha_17_8;alpha_18_3;beta_17_4;theta_17_5;gamma_9_7;gamma_4_1;beta_18_10;delta_11_16;alpha_14_5;delta_18_8;gamma_4_13;gamma_14_18;theta_17_3;theta_17_1;gamma_7_4;gamma_13_6;gamma_3_12;alpha_17_3;gamma_13_3;theta_18_11;gamma_17_4;beta_7_2;gamma_14_7;gamma_7_18;beta_17_5;gamma_9_5
chb13,chb13_58,60,60,1507;1342;552;891;1207;1382;1511;1468;53;1519;1211;1524;901;1327;1522;1201;1239;1509;1286;1505;905;1527;608;1205;1523;1376;274;837;1528;1498;1346;1510;184;1407;1192;909;1213;1485;1513;1517;1515;1228;1526;296;1217;1215;1433;1209;28;599;1380;221;595;1199;1323;1221;484;1408;1203;1434,gamma_17_12;gamma_7_18;theta_15_9;alpha_17_8;beta_18_1;gamma_10_6;gamma_17_16;gamma_15_7;delta_4_3;gamma_18_7;beta_18_5;gamma_18_12;alpha_18_1;gamma_7_2;gamma_18_10;beta_17_12;gamma_1_17;gamma_17_14;gamma_4_13;gamma_17_10;alpha_18_5;gamma_18_15;theta_18_14;beta_17_16;gamma_18_11;gamma_9_18;delta_17_3;alpha_14_5;gamma_18_16;gamma_17_3;gamma_8_4;gamma_17_15;delta_11_16;gamma_11_15;beta_17_3;alpha_18_9;beta_18_7;gamma_16_7;gamma_18_1;gamma_18_5;gamma_18_3;gamma_1_6;gamma_18_14;delta_18_8;beta_18_11;beta_18_9;gamma_13_6;beta_18_3;delta_2_13;theta_18_5;gamma_10_4;delta_14_1;theta_18_1;beta_17_10;gamma_6_16;beta_18_15;theta_11_9;gamma_11_16;beta_17_14;gamma_13_7
chb13,chb13_59,80,80,1507;1342;1400;394;608;871;1327;1207;1505;1320;1524;535;1519;1433;1201;1273;905;1407;273;1527;585;1523;1346;1522;334;901;878;1211;953;1449;1408;1376;1511;1468;274;296;1228;1213;1509;1217;1443;888;114;1378;178;1209;1323;307;599;1259;1485;602;1221;221;1205;1199;1239;1382;1286;1510;1101;903;1434;1193;1192;419;1021;1513;1325;252;579;582;1448;484;1218;1517;938;1451;411;1364,gamma_17_12;gamma_7_18;gamma_11_7;theta_6_4;theta_18_14;alpha_16_5;gamma_7_2;beta_18_1;gamma_17_10;gamma_6_13;gamma_18_12;theta_14_9;gamma_18_7;gamma_13_6;beta_17_12;gamma_3_17;alpha_18_5;gamma_11_15;delta_17_2;gamma_18_15;theta_17_8;gamma_18_11;gamma_8_4;gamma_18_10;theta_2_13;alpha_18_1;alpha_16_12;beta_18_5;beta_3_2;gamma_14_5;gamma_11_16;gamma_9_18;gamma_17_16;gamma_15_7;delta_17_3;delta_18_8;gamma_1_6;beta_18_7;gamma_17_14;beta_18_11;gamma_13_17;alpha_17_5;delta_7_14;gamma_10_2;delta_11_9;beta_18_3;gamma_6_16;theta_1_3;theta_18_5;gamma_3_2;gamma_16_7;theta_18_8;beta_18_15;delta_14_1;beta_17_16;beta_17_10;gamma_1_17;gamma_10_6;gamma_4_13;gamma_17_15;beta_11_15;alpha_18_3;gamma_13_7;beta_17_4;beta_17_3;theta_7_13;beta_7_2;gamma_18_1;gamma_6_18;delta_15_16;theta_17_2;theta_17_5;gamma_14_4;theta_11_9;beta_18_12;gamma_18_5;beta_2_5;gamma_14_7;theta_7_4;gamma_9_5
chb13,chb13_60,100,100,1507;484;674;1417;1522;1239;905;1524;1327;1519;1509;1207;1433;1511;1505;1515;608;1527;1201;1346;1523;901;1528;1209;1211;1187;1526;585;1376;1408;1205;1364;1213;1498;599;1366;1199;1323;1380;1192;1375;1221;938;1510;1217;1320;274;296;1517;1222;184;1203;1468;595;221;105;1216;1513;1407;1395;909;1359;273;602;1218;1382;1485;1307;888;1329;903;1228;953;178;613;1215;891;1434;1460;580;1430;1275;1427;531;582;252;886;1506;197;1285;1399;603;1259;1033;1374;1449;279;1451;1499;911,gamma_17_12;theta_11_9;alpha_4_13;gamma_12_7;gamma_18_10;gamma_1_17;alpha_18_5;gamma_18_12;gamma_7_2;gamma_18_7;gamma_17_14;beta_18_1;gamma_13_6;gamma_17_16;gamma_17_10;gamma_18_3;theta_18_14;gamma_18_15;beta_17_12;gamma_8_4;gamma_18_11;alpha_18_1;gamma_18_16;beta_18_3;beta_18_5;beta_16_15;gamma_18_14;theta_17_8;gamma_9_18;gamma_11_16;beta_17_16;gamma_9_5;beta_18_7;gamma_17_3;theta_18_5;gamma_9_7;beta_17_10;gamma_6_16;gamma_10_4;beta_17_3;gamma_9_17;beta_18_15;beta_2_5;gamma_17_15;beta_18_11;gamma_6_13;delta_17_3;delta_18_8;gamma_18_5;beta_18_16;delta_11_16;beta_17_14;gamma_15_7;theta_18_1;delta_14_1;delta_7_4;beta_18_10;gamma_18_1;gamma_11_15;gamma_11_2;alpha_18_9;gamma_8_18;delta_17_2;theta_18_8;beta_18_12;gamma_10_6;gamma_16_7;gamma_5_17;alpha_17_5;gamma_7_4;alpha_18_3;gamma_1_6;beta_3_2;delta_11_9;alpha_1_3;beta_18_9;alpha_17_8;gamma_13_7;gamma_14_17;theta_17_3;gamma_13_3;gamma_4_1;gamma_12_18;theta_14_5;theta_17_5;delta_15_16;alpha_17_3;gamma_17_11;delta_12_11;gamma_4_12;gamma_11_6;theta_18_9;gamma_3_2;beta_7_15;gamma_9_16;gamma_14_5;delta_17_8;gamma_14_7;gamma_17_4;alpha_18_11
chb13,chb13_62,100,100,1507;484;396;1365;1313;1207;1526;1417;891;888;1307;1524;1509;307;1499;1211;1412;1511;1342;1515;28;901;1201;1364;1508;1528;1346;1513;197;273;1203;1517;1327;1519;391;1194;1193;1485;272;1382;1527;1192;1283;585;178;905;1522;613;1205;1490;531;582;1525;1209;1285;1468;938;602;1218;1460;1498;909;1448;263;1222;1478;1273;125;238;1221;1467;595;376;296;1202;1434;1320;1505;1215;1430;195;1523;277;919;1450;603;1244;1493;1451;274;214;599;1275;579;837;1359;90;1510;1518;246,gamma_17_12;theta_11_9;theta_6_7;gamma_9_6;gamma_6_5;beta_18_1;gamma_18_14;gamma_12_7;alpha_17_8;alpha_17_5;gamma_5_17;gamma_18_12;gamma_17_14;theta_1_3;gamma_17_4;beta_18_5;gamma_12_2;gamma_17_16;gamma_7_18;gamma_18_3;delta_2_13;alpha_18_1;beta_17_12;gamma_9_5;gamma_17_13;gamma_18_16;gamma_8_4;gamma_18_1;delta_12_11;delta_17_2;beta_17_14;gamma_18_5;gamma_7_2;gamma_18_7;theta_6_1;beta_17_5;beta_17_4;gamma_16_7;delta_17_1;gamma_10_6;gamma_18_15;beta_17_3;gamma_4_10;theta_17_8;delta_11_9;alpha_18_5;gamma_18_10;alpha_1_3;beta_17_16;gamma_16_12;theta_14_5;theta_17_5;gamma_18_13;beta_18_3;gamma_4_12;gamma_15_7;beta_2_5;theta_18_8;beta_18_12;gamma_14_17;gamma_17_3;alpha_18_9;gamma_14_4;delta_16_9;beta_18_16;gamma_15_18;gamma_3_17;delta_8_7;delta_15_1;beta_18_15;gamma_15_6;theta_18_1;theta_5_3;delta_18_8;beta_17_13;gamma_13_7;gamma_6_13;gamma_17_10;beta_18_9;gamma_13_3;delta_12_9;gamma_18_11;delta_17_6;beta_1_3;gamma_14_6;theta_18_9;gamma_2_5;gamma_16_15;gamma_14_7;delta_17_3;delta_13_11;theta_18_5;gamma_4_1;theta_17_2;alpha_14_5;gamma_8_18;delta_6_7;gamma_17_15;gamma_18_6;delta_15_9
chb14,chb14_01,100,100,1501;788;909;997;1512;1520;303;1507;1522;1518;230;1504;218;1195;1519;741;1280;921;274;1505;1206;1511;1410;1329;884;1275;603;1524;1407;1500;202;1033;1482;1328;1497;1245;1263;1360;605;21;1508;1492;1224;747;1343;904;1503;297;1387;578;1420;1523;691;1472;1336;304;1392;213;1425;905;1330;262;267;1441;898;607;285;252;59;1389;911;916;1295;1258;889;1264;1229;221;965;144;1348;1022;900;1406;280;482;1413;1491;662;1373;1454;253;606;1303;1104;957;1276;524;913;275,gamma_17_6;alpha_11_7;alpha_18_9;beta_5_13;gamma_17_18;gamma_18_8;delta_18_15;gamma_17_12;gamma_18_10;gamma_18_6;delta_14_10;gamma_17_9;delta_13_16;beta_17_6;gamma_18_7;alpha_8_12;gamma_4_7;beta_1_5;delta_17_3;gamma_17_10;beta_17_18;gamma_17_16;gamma_11_18;gamma_7_4;alpha_17_1;gamma_4_1;theta_18_9;gamma_18_12;gamma_11_15;gamma_17_5;delta_12_17;beta_7_15;gamma_16_4;gamma_7_3;gamma_17_2;gamma_2_6;gamma_3_7;gamma_9_1;theta_18_11;delta_2_6;gamma_17_13;gamma_16_14;gamma_1_2;alpha_8_18;gamma_8_1;alpha_18_4;gamma_17_8;delta_18_9;gamma_10_12;theta_17_1;gamma_12_10;gamma_18_11;alpha_5_13;gamma_15_11;gamma_7_12;delta_18_16;gamma_10_17;delta_13_10;gamma_12_16;alpha_18_5;gamma_7_5;delta_16_8;delta_16_13;gamma_13_15;alpha_17_15;theta_18_13;delta_17_14;delta_15_16;delta_4_10;gamma_10_14;alpha_18_11;alpha_18_16;gamma_5_4;gamma_3_1;alpha_17_6;gamma_3_8;gamma_1_7;delta_14_1;beta_3_15;delta_9_10;gamma_8_6;beta_7_3;alpha_17_18;gamma_11_14;delta_17_9;theta_11_7;gamma_12_3;gamma_16_13;alpha_3_18;gamma_9_15;gamma_14_10;delta_15_17;theta_18_12;gamma_5_13;beta_11_18;beta_3_7;gamma_4_2;theta_13_16;alpha_18_13;delta_17_4
chb14,chb14_02,100,100,1501;909;456;1512;1520;303;1507;997;1522;202;884;921;1518;1504;1195;1360;1519;274;1410;741;1329;1280;1511;788;1505;1206;1524;1275;603;213;1407;1033;1328;1500;1482;605;1224;747;1263;1245;1492;1508;916;1343;21;578;1420;691;297;1387;1523;1472;262;1392;904;905;1330;1425;1497;1441;1336;230;59;285;911;1503;1295;607;1258;1389;218;304;1413;662;1264;898;280;1229;1348;144;965;1022;275;1406;1373;221;900;615;1491;1276;482;1454;913;253;1414;957;606;586;889;1104,gamma_17_6;alpha_18_9;theta_9_16;gamma_17_18;gamma_18_8;delta_18_15;gamma_17_12;beta_5_13;gamma_18_10;delta_12_17;alpha_17_1;beta_1_5;gamma_18_6;gamma_17_9;beta_17_6;gamma_9_1;gamma_18_7;delta_17_3;gamma_11_18;alpha_8_12;gamma_7_4;gamma_4_7;gamma_17_16;alpha_11_7;gamma_17_10;beta_17_18;gamma_18_12;gamma_4_1;theta_18_9;delta_13_10;gamma_11_15;beta_7_15;gamma_7_3;gamma_17_5;gamma_16_4;theta_18_11;gamma_1_2;alpha_8_18;gamma_3_7;gamma_2_6;gamma_16_14;gamma_17_13;alpha_18_16;gamma_8_1;delta_2_6;theta_17_1;gamma_12_10;alpha_5_13;delta_18_9;gamma_10_12;gamma_18_11;gamma_15_11;delta_16_8;gamma_10_17;alpha_18_4;alpha_18_5;gamma_7_5;gamma_12_16;gamma_17_2;gamma_13_15;gamma_7_12;delta_14_10;delta_4_10;delta_17_14;alpha_18_11;gamma_17_8;gamma_5_4;theta_18_13;gamma_3_1;gamma_10_14;delta_13_16;delta_18_16;gamma_12_3;alpha_3_18;gamma_3_8;alpha_17_15;delta_17_9;gamma_1_7;gamma_8_6;delta_9_10;beta_3_15;beta_7_3;delta_17_4;gamma_11_14;gamma_9_15;delta_14_1;alpha_17_18;alpha_1_5;gamma_16_13;gamma_4_2;theta_11_7;gamma_14_10;alpha_18_13;delta_15_17;gamma_12_4;beta_3_7;theta_18_12;theta_17_9;alpha_17_6;beta_11_18
chb14,chb14_03,100,100,1501;909;864;1512;1520;997;303;1507;274;1522;1504;741;1329;1195;202;884;1033;1482;1519;1410;1518;1511;1206;1500;921;1505;788;1263;603;1275;1360;213;1328;1508;1407;304;275;662;1224;1245;1524;605;1089;262;1492;1503;691;285;1343;252;578;720;809;1392;607;1295;965;288;1280;21;1420;898;1387;297;911;1330;230;1472;1441;1497;904;1258;59;1523;1389;435;218;1414;606;905;1022;1425;157;1336;426;279;586;144;889;948;1377;1348;957;1243;1104;916;1406;1309;913;524,gamma_17_6;alpha_18_9;alpha_15_16;gamma_17_18;gamma_18_8;beta_5_13;delta_18_15;gamma_17_12;delta_17_3;gamma_18_10;gamma_17_9;alpha_8_12;gamma_7_4;beta_17_6;delta_12_17;alpha_17_1;beta_7_15;gamma_16_4;gamma_18_7;gamma_11_18;gamma_18_6;gamma_17_16;beta_17_18;gamma_17_5;beta_1_5;gamma_17_10;alpha_11_7;gamma_3_7;theta_18_9;gamma_4_1;gamma_9_1;delta_13_10;gamma_7_3;gamma_17_13;gamma_11_15;delta_18_16;delta_17_4;alpha_3_18;gamma_1_2;gamma_2_6;gamma_18_12;theta_18_11;beta_11_2;delta_16_8;gamma_16_14;gamma_17_8;alpha_5_13;delta_17_14;gamma_8_1;delta_15_16;theta_17_1;alpha_7_8;alpha_12_11;gamma_10_17;theta_18_13;gamma_5_4;beta_3_15;delta_17_18;gamma_4_7;delta_2_6;gamma_12_10;alpha_17_15;gamma_10_12;delta_18_9;alpha_18_11;gamma_7_5;delta_14_10;gamma_15_11;gamma_13_15;gamma_17_2;alpha_18_4;gamma_3_1;delta_4_10;gamma_18_11;gamma_10_14;theta_8_12;delta_13_16;gamma_12_4;theta_18_12;alpha_18_5;beta_7_3;gamma_12_16;delta_10_5;gamma_7_12;theta_8_2;delta_17_8;theta_17_9;delta_9_10;alpha_17_6;beta_2_15;gamma_10_1;gamma_8_6;beta_3_7;gamma_2_4;beta_11_18;alpha_18_16;gamma_11_14;gamma_6_1;alpha_18_13;theta_13_16
chb14,chb14_04,100,100,1501;997;601;873;303;1512;1511;218;1507;1518;202;921;1195;603;274;747;1414;1505;1206;1280;1275;1089;1410;304;268;1033;1407;1524;605;1302;1522;884;411;1497;1492;1392;909;1413;1263;162;1328;275;1360;1245;213;1503;907;262;1224;1343;889;788;297;1329;602;662;1441;147;578;691;1472;905;1504;1482;1201;1330;911;39;1373;21;1389;1420;957;280;659;904;1491;253;1519;1258;252;277;1212;1481;1336;1425;482;1520;299;1387;207;144;615;586;916;679;1406;1395;1348;583,gamma_17_6;beta_5_13;theta_18_7;alpha_16_7;delta_18_15;gamma_17_18;gamma_17_16;delta_13_16;gamma_17_12;gamma_18_6;delta_12_17;beta_1_5;beta_17_6;theta_18_9;delta_17_3;alpha_8_18;gamma_12_4;gamma_17_10;beta_17_18;gamma_4_7;gamma_4_1;beta_11_2;gamma_11_18;delta_18_16;delta_16_14;beta_7_15;gamma_11_15;gamma_18_12;theta_18_11;gamma_5_12;gamma_18_10;alpha_17_1;theta_7_4;gamma_17_2;gamma_16_14;gamma_10_17;alpha_18_9;gamma_12_3;gamma_3_7;delta_10_11;gamma_7_3;delta_17_4;gamma_9_1;gamma_2_6;delta_13_10;gamma_17_8;alpha_18_7;delta_16_8;gamma_1_2;gamma_8_1;alpha_17_6;alpha_11_7;delta_18_9;gamma_7_4;theta_18_8;alpha_3_18;gamma_13_15;delta_9_13;theta_17_1;alpha_5_13;gamma_15_11;alpha_18_5;gamma_17_9;gamma_16_4;beta_17_12;gamma_7_5;alpha_18_11;delta_3_7;gamma_9_15;delta_2_6;gamma_10_14;gamma_12_10;beta_3_7;delta_17_9;alpha_3_15;alpha_18_4;gamma_16_13;delta_15_17;gamma_18_7;gamma_3_1;delta_15_16;delta_17_6;beta_18_6;gamma_16_3;gamma_7_12;gamma_12_16;theta_11_7;gamma_18_8;delta_18_11;gamma_10_12;delta_13_4;delta_9_10;alpha_1_5;theta_17_9;alpha_18_16;alpha_4_18;gamma_11_14;gamma_11_2;gamma_8_6;theta_17_6
chb14,chb14_06,100,100,1507;913;747;1512;1500;303;1520;1501;997;253;1522;921;884;1360;1504;741;1410;274;603;1511;1524;1329;1206;1519;252;1263;1505;1275;1407;127;213;1033;1328;605;1518;304;259;1492;1482;1245;297;1224;593;809;1343;691;909;1503;1250;1387;578;1392;904;285;788;1523;39;1425;905;1280;1441;1472;1413;1195;288;230;1238;1330;1295;262;1258;911;1406;1420;21;899;435;1104;965;164;1264;900;1389;607;1303;1491;202;887;1373;1510;218;1377;957;586;916;144;1348;1336;615;278,gamma_17_12;alpha_18_13;alpha_8_18;gamma_17_18;gamma_17_5;delta_18_15;gamma_18_8;gamma_17_6;beta_5_13;delta_15_17;gamma_18_10;beta_1_5;alpha_17_1;gamma_9_1;gamma_17_9;alpha_8_12;gamma_11_18;delta_17_3;theta_18_9;gamma_17_16;gamma_18_12;gamma_7_4;beta_17_18;gamma_18_7;delta_15_16;gamma_3_7;gamma_17_10;gamma_4_1;gamma_11_15;delta_8_10;delta_13_10;beta_7_15;gamma_7_3;theta_18_11;gamma_18_6;delta_18_16;delta_16_5;gamma_16_14;gamma_16_4;gamma_2_6;delta_18_9;gamma_1_2;theta_17_16;alpha_12_11;gamma_8_1;alpha_5_13;alpha_18_9;gamma_17_8;gamma_2_11;gamma_10_12;theta_17_1;gamma_10_17;alpha_18_4;delta_17_14;alpha_11_7;gamma_18_11;delta_3_7;gamma_12_16;alpha_18_5;gamma_4_7;gamma_13_15;gamma_15_11;gamma_12_3;beta_17_6;delta_17_18;delta_14_10;gamma_1_16;gamma_7_5;gamma_5_4;delta_16_8;gamma_3_1;alpha_18_11;gamma_11_14;gamma_12_10;delta_2_6;alpha_17_16;theta_8_12;beta_11_18;beta_3_15;delta_10_13;gamma_3_8;alpha_17_18;gamma_10_14;theta_18_13;gamma_5_13;gamma_16_13;delta_12_17;alpha_17_4;gamma_9_15;gamma_17_15;delta_13_16;gamma_10_1;beta_3_7;theta_17_9;alpha_18_16;delta_9_10;gamma_8_6;gamma_7_12;alpha_1_5;delta_17_7
chb14,chb14_07,100,100,1501;603;167;997;304;1512;1520;1507;1504;1522;202;921;303;1280;1518;274;1195;1410;1505;741;578;1206;1329;1519;1511;788;1275;1524;1482;1500;213;1407;747;909;1508;1328;1360;1033;1492;605;1263;1224;1497;1245;1343;904;21;297;1387;884;1420;1523;1336;691;905;230;1472;262;1330;1441;916;1425;127;1389;1392;607;252;1503;911;1295;1258;275;267;662;157;285;1250;1264;1406;898;1414;1229;144;1022;1348;280;900;965;482;1373;606;1454;253;1340;1104;586;39;1303;218;1276,gamma_17_6;theta_18_9;delta_10_16;beta_5_13;delta_18_16;gamma_17_18;gamma_18_8;gamma_17_12;gamma_17_9;gamma_18_10;delta_12_17;beta_1_5;delta_18_15;gamma_4_7;gamma_18_6;delta_17_3;beta_17_6;gamma_11_18;gamma_17_10;alpha_8_12;theta_17_1;beta_17_18;gamma_7_4;gamma_18_7;gamma_17_16;alpha_11_7;gamma_4_1;gamma_18_12;gamma_16_4;gamma_17_5;delta_13_10;gamma_11_15;alpha_8_18;alpha_18_9;gamma_17_13;gamma_7_3;gamma_9_1;beta_7_15;gamma_16_14;theta_18_11;gamma_3_7;gamma_1_2;gamma_17_2;gamma_2_6;gamma_8_1;alpha_18_4;delta_2_6;delta_18_9;gamma_10_12;alpha_17_1;gamma_12_10;gamma_18_11;gamma_7_12;alpha_5_13;alpha_18_5;delta_14_10;gamma_15_11;delta_16_8;gamma_7_5;gamma_13_15;alpha_18_16;gamma_12_16;delta_8_10;gamma_10_14;gamma_10_17;theta_18_13;delta_15_16;gamma_17_8;alpha_18_11;gamma_5_4;gamma_3_1;delta_17_4;delta_16_13;alpha_3_18;delta_10_5;delta_17_14;gamma_2_11;gamma_3_8;gamma_11_14;alpha_17_15;gamma_12_4;gamma_1_7;delta_9_10;beta_7_3;gamma_8_6;delta_17_9;alpha_17_18;beta_3_15;theta_11_7;gamma_9_15;theta_18_12;gamma_14_10;delta_15_17;gamma_7_16;beta_11_18;theta_17_9;delta_3_7;gamma_5_13;delta_13_16;gamma_4_2
chb14,chb14_11,40,40,1501;1303;603;592;1512;1520;274;304;1507;1518;168;788;662;303;1522;1340;1206;1505;1195;218;921;1519;1482;1504;1407;997;884;1410;1500;1329;590;213;21;909;1387;1398;1503;1280;1328;1275,gamma_17_6;gamma_5_13;theta_18_9;theta_17_15;gamma_17_18;gamma_18_8;delta_17_3;delta_18_16;gamma_17_12;gamma_18_6;delta_10_17;alpha_11_7;alpha_3_18;delta_18_15;gamma_18_10;gamma_7_16;beta_17_18;gamma_17_10;beta_17_6;delta_13_16;beta_1_5;gamma_18_7;gamma_16_4;gamma_17_9;gamma_11_15;beta_5_13;alpha_17_1;gamma_11_18;gamma_17_5;gamma_7_4;theta_17_13;delta_13_10;delta_2_6;alpha_18_9;gamma_10_12;gamma_11_5;gamma_17_8;gamma_4_7;gamma_7_3;gamma_4_1
chb14,chb14_12,100,100,1501;909;982;578;274;1520;1512;303;1507;179;1518;997;1504;218;921;1263;1195;1360;1410;1505;1482;1522;747;1519;1206;1329;1500;1511;788;603;1524;1407;1275;1328;202;1508;741;605;1492;1245;1497;59;1224;884;916;297;1343;1280;1387;1420;213;904;1472;1392;905;691;1425;1336;1441;911;1033;1330;21;221;1389;662;285;607;1503;1295;230;252;1264;606;1348;898;1258;1022;482;1414;957;586;1373;1523;1377;887;965;144;1454;1406;304;615;1104;1303;900;1276;1229;599;1413;913,gamma_17_6;alpha_18_9;beta_4_15;theta_17_1;delta_17_3;gamma_18_8;gamma_17_18;delta_18_15;gamma_17_12;delta_11_10;gamma_18_6;beta_5_13;gamma_17_9;delta_13_16;beta_1_5;gamma_3_7;beta_17_6;gamma_9_1;gamma_11_18;gamma_17_10;gamma_16_4;gamma_18_10;alpha_8_18;gamma_18_7;beta_17_18;gamma_7_4;gamma_17_5;gamma_17_16;alpha_11_7;theta_18_9;gamma_18_12;gamma_11_15;gamma_4_1;gamma_7_3;delta_12_17;gamma_17_13;alpha_8_12;theta_18_11;gamma_16_14;gamma_2_6;gamma_17_2;delta_4_10;gamma_1_2;alpha_17_1;alpha_18_16;delta_18_9;gamma_8_1;gamma_4_7;gamma_10_12;gamma_12_10;delta_13_10;alpha_18_4;gamma_15_11;gamma_10_17;alpha_18_5;alpha_5_13;gamma_12_16;gamma_7_12;gamma_13_15;alpha_18_11;beta_7_15;gamma_7_5;delta_2_6;delta_14_1;gamma_10_14;alpha_3_18;delta_17_14;theta_18_13;gamma_17_8;gamma_5_4;delta_14_10;delta_15_16;gamma_3_8;theta_18_12;gamma_8_6;alpha_17_15;gamma_3_1;beta_7_3;theta_11_7;gamma_12_4;beta_3_7;theta_17_9;gamma_9_15;gamma_18_11;gamma_10_1;alpha_17_4;beta_3_15;delta_9_10;gamma_14_10;gamma_11_14;delta_18_16;alpha_1_5;beta_11_18;gamma_5_13;alpha_17_18;gamma_4_2;gamma_1_7;theta_18_5;gamma_12_3;alpha_18_13
chb14,chb14_13,100,100,1501;603;542;997;1512;1520;1504;1522;1507;303;218;1518;56;741;1195;884;921;274;1410;1206;1505;1329;1519;1280;1500;916;1275;788;1511;1407;1033;1524;230;1482;909;1328;605;1492;747;1360;1508;1224;578;1263;1245;1523;1343;297;691;1387;1420;898;1472;262;1497;1336;904;1392;21;1425;213;607;1441;1330;288;905;1295;911;1503;304;965;1258;1389;252;59;1413;1264;285;662;144;586;275;157;1348;606;1406;1229;913;1022;1414;900;1373;1454;907;1104;1250;202;1243;482;615,gamma_17_6;theta_18_9;theta_14_17;beta_5_13;gamma_17_18;gamma_18_8;gamma_17_9;gamma_18_10;gamma_17_12;delta_18_15;delta_13_16;gamma_18_6;delta_4_7;alpha_8_12;beta_17_6;alpha_17_1;beta_1_5;delta_17_3;gamma_11_18;beta_17_18;gamma_17_10;gamma_7_4;gamma_18_7;gamma_4_7;gamma_17_5;alpha_18_16;gamma_4_1;alpha_11_7;gamma_17_16;gamma_11_15;beta_7_15;gamma_18_12;delta_14_10;gamma_16_4;alpha_18_9;gamma_7_3;theta_18_11;gamma_16_14;alpha_8_18;gamma_9_1;gamma_17_13;gamma_1_2;theta_17_1;gamma_3_7;gamma_2_6;gamma_18_11;gamma_8_1;delta_18_9;alpha_5_13;gamma_10_12;gamma_12_10;alpha_17_15;gamma_15_11;delta_16_8;gamma_17_2;gamma_7_12;alpha_18_4;gamma_10_17;delta_2_6;gamma_12_16;delta_13_10;theta_18_13;gamma_13_15;gamma_7_5;delta_17_18;alpha_18_5;gamma_5_4;alpha_18_11;gamma_17_8;delta_18_16;beta_3_15;gamma_3_1;gamma_10_14;delta_15_16;delta_4_10;gamma_12_3;gamma_3_8;delta_17_14;alpha_3_18;delta_9_10;theta_17_9;delta_17_4;delta_10_5;gamma_8_6;theta_18_12;gamma_11_14;gamma_1_7;alpha_18_13;beta_7_3;gamma_12_4;alpha_17_18;gamma_9_15;gamma_14_10;alpha_18_7;beta_11_18;gamma_2_11;delta_12_17;gamma_2_4;theta_11_7;alpha_1_5
chb14,chb14_14,100,100,1501;691;167;603;1512;303;1520;1507;1377;1504;1518;968;213;1195;1482;1522;274;1410;1519;884;741;1505;1206;1329;921;1263;1511;1275;1524;1407;1500;965;788;909;1328;997;202;605;1492;1508;1245;1224;578;1343;1420;297;1387;1497;21;916;1472;1280;1336;1392;230;662;905;1441;904;911;1425;1089;1330;1503;218;898;1389;1264;59;1295;1258;304;262;285;607;1033;1413;1348;144;157;1523;1406;747;586;1414;1022;1229;1101;1454;887;1104;1360;606;1276;253;252;272;900;889;1402,gamma_17_6;alpha_5_13;delta_10_16;theta_18_9;gamma_17_18;delta_18_15;gamma_18_8;gamma_17_12;gamma_10_1;gamma_17_9;gamma_18_6;beta_3_18;delta_13_10;beta_17_6;gamma_16_4;gamma_18_10;delta_17_3;gamma_11_18;gamma_18_7;alpha_17_1;alpha_8_12;gamma_17_10;beta_17_18;gamma_7_4;beta_1_5;gamma_3_7;gamma_17_16;gamma_4_1;gamma_18_12;gamma_11_15;gamma_17_5;beta_3_15;alpha_11_7;alpha_18_9;gamma_7_3;beta_5_13;delta_12_17;theta_18_11;gamma_16_14;gamma_17_13;gamma_2_6;gamma_1_2;theta_17_1;gamma_8_1;gamma_12_10;delta_18_9;gamma_10_12;gamma_17_2;delta_2_6;alpha_18_16;gamma_15_11;gamma_4_7;gamma_7_12;gamma_10_17;delta_14_10;alpha_3_18;alpha_18_5;gamma_13_15;alpha_18_4;alpha_18_11;gamma_12_16;beta_11_2;gamma_7_5;gamma_17_8;delta_13_16;alpha_17_15;gamma_10_14;gamma_3_8;delta_4_10;gamma_5_4;gamma_3_1;delta_18_16;delta_16_8;delta_17_14;theta_18_13;beta_7_15;gamma_12_3;gamma_8_6;delta_9_10;delta_10_5;gamma_18_11;gamma_11_14;alpha_8_18;theta_17_9;gamma_12_4;beta_7_3;gamma_1_7;beta_11_15;gamma_14_10;alpha_17_4;beta_11_18;gamma_9_1;theta_18_12;gamma_4_2;delta_15_17;delta_15_16;delta_17_1;alpha_17_18;alpha_17_6;gamma_11_9
chb14,chb14_16,100,100,1501;603;274;218;1512;1520;968;230;1507;1504;303;997;1522;1518;1195;1413;741;1519;884;1329;921;1206;1511;1410;1505;1280;1500;1275;1524;788;1407;909;1328;965;202;1492;605;21;1497;1263;1414;578;1224;1245;691;1508;1343;1360;1387;297;213;1472;916;127;1420;1336;1523;1503;905;1392;904;1330;157;898;1425;607;1389;911;1441;662;285;262;1258;252;1295;1264;144;304;1229;1303;1022;1033;1348;586;1406;1482;482;275;900;913;1454;1104;889;253;39;1373;907;1250;272;615,gamma_17_6;theta_18_9;delta_17_3;delta_13_16;gamma_17_18;gamma_18_8;beta_3_18;delta_14_10;gamma_17_12;gamma_17_9;delta_18_15;beta_5_13;gamma_18_10;gamma_18_6;beta_17_6;gamma_12_3;alpha_8_12;gamma_18_7;alpha_17_1;gamma_7_4;beta_1_5;beta_17_18;gamma_17_16;gamma_11_18;gamma_17_10;gamma_4_7;gamma_17_5;gamma_4_1;gamma_18_12;alpha_11_7;gamma_11_15;alpha_18_9;gamma_7_3;beta_3_15;delta_12_17;gamma_16_14;theta_18_11;delta_2_6;gamma_17_2;gamma_3_7;gamma_12_4;theta_17_1;gamma_1_2;gamma_2_6;alpha_5_13;gamma_17_13;gamma_8_1;gamma_9_1;gamma_10_12;delta_18_9;delta_13_10;gamma_15_11;alpha_18_16;delta_8_10;gamma_12_10;gamma_7_12;gamma_18_11;gamma_17_8;alpha_18_5;gamma_10_17;alpha_18_4;gamma_7_5;delta_10_5;alpha_17_15;gamma_12_16;theta_18_13;gamma_10_14;alpha_18_11;gamma_13_15;alpha_3_18;delta_17_14;delta_16_8;gamma_3_1;delta_15_16;gamma_5_4;gamma_3_8;delta_9_10;delta_18_16;gamma_1_7;gamma_5_13;beta_7_3;beta_7_15;gamma_8_6;theta_17_9;gamma_11_14;gamma_16_4;theta_11_7;delta_17_4;alpha_17_18;alpha_18_13;gamma_14_10;beta_11_18;alpha_17_6;delta_15_17;delta_3_7;gamma_9_15;alpha_18_7;gamma_2_11;delta_17_1;alpha_1_5
chb14,chb14_17,80,80,1501;909;8;1512;1520;235;1522;1504;144;1518;1360;615;1507;741;1195;997;1519;916;1206;1500;1410;303;1505;884;1280;1508;1329;603;788;1472;965;1524;1407;1275;253;1523;1497;1414;285;1511;1330;578;1492;1263;1224;1503;297;1387;1328;1245;288;605;221;1425;721;1343;213;904;1336;1395;809;21;905;1264;218;1392;1445;607;1441;606;1348;1406;900;691;1212;1104;1033;911;1295;230,gamma_17_6;alpha_18_9;delta_1_10;gamma_17_18;gamma_18_8;delta_14_16;gamma_18_10;gamma_17_9;delta_9_10;gamma_18_6;gamma_9_1;alpha_1_5;gamma_17_12;alpha_8_12;beta_17_6;beta_5_13;gamma_18_7;alpha_18_16;beta_17_18;gamma_17_5;gamma_11_18;delta_18_15;gamma_17_10;alpha_17_1;gamma_4_7;gamma_17_13;gamma_7_4;theta_18_9;alpha_11_7;gamma_15_11;beta_3_15;gamma_18_12;gamma_11_15;gamma_4_1;delta_15_17;gamma_18_11;gamma_17_2;gamma_12_4;delta_17_14;gamma_17_16;gamma_7_5;theta_17_1;gamma_16_14;gamma_3_7;gamma_1_2;gamma_17_8;delta_18_9;gamma_10_12;gamma_7_3;gamma_2_6;delta_17_18;theta_18_11;delta_14_1;gamma_12_16;alpha_7_9;gamma_8_1;delta_13_10;alpha_18_4;gamma_7_12;gamma_11_2;alpha_12_11;delta_2_6;alpha_18_5;gamma_3_8;delta_13_16;gamma_10_17;gamma_14_1;theta_18_13;gamma_13_15;theta_18_12;gamma_8_6;gamma_11_14;alpha_17_18;alpha_5_13;beta_18_6;beta_11_18;beta_7_15;alpha_18_11;gamma_5_4;delta_14_10
chb14,chb14_18,40,40,1501;912;87;1265;1504;1520;179;274;1518;1414;1507;921;603;1280;1519;1410;1512;1195;303;218;1224;741;1329;884;1508;1275;1511;1500;1328;662;1524;788;1407;1033;21;911;202;1505;1492;1263,gamma_17_6;alpha_18_12;delta_6_3;gamma_3_9;gamma_17_9;gamma_18_8;delta_11_10;delta_17_3;gamma_18_6;gamma_12_4;gamma_17_12;beta_1_5;theta_18_9;gamma_4_7;gamma_18_7;gamma_11_18;gamma_17_18;beta_17_6;delta_18_15;delta_13_16;gamma_1_2;alpha_8_12;gamma_7_4;alpha_17_1;gamma_17_13;gamma_4_1;gamma_17_16;gamma_17_5;gamma_7_3;alpha_3_18;gamma_18_12;alpha_11_7;gamma_11_15;beta_7_15;delta_2_6;alpha_18_11;delta_12_17;gamma_17_10;gamma_16_14;gamma_3_7
chb14,chb14_19,100,100,1501;909;252;884;303;1520;1512;230;1507;1522;997;1411;1518;741;1482;1504;1519;1280;1195;274;921;1329;1206;1505;1410;1524;965;788;1511;603;1275;1407;747;202;1508;1328;1224;605;1245;578;1492;1263;1500;21;916;1343;1420;1523;1387;297;1336;213;1472;898;691;1392;1497;904;1330;1441;59;1425;157;900;1503;1033;911;285;607;218;1389;662;905;1258;262;304;1295;144;1264;1414;181;1348;1022;1229;1089;586;1340;275;482;901;1406;1373;606;1454;253;1303;1276;957;288;1104,gamma_17_6;alpha_18_9;delta_15_16;alpha_17_1;delta_18_15;gamma_18_8;gamma_17_18;delta_14_10;gamma_17_12;gamma_18_10;beta_5_13;gamma_12_1;gamma_18_6;alpha_8_12;gamma_16_4;gamma_17_9;gamma_18_7;gamma_4_7;beta_17_6;delta_17_3;beta_1_5;gamma_7_4;beta_17_18;gamma_17_10;gamma_11_18;gamma_18_12;beta_3_15;alpha_11_7;gamma_17_16;theta_18_9;gamma_4_1;gamma_11_15;alpha_8_18;delta_12_17;gamma_17_13;gamma_7_3;gamma_1_2;theta_18_11;gamma_2_6;theta_17_1;gamma_16_14;gamma_3_7;gamma_17_5;delta_2_6;alpha_18_16;gamma_8_1;gamma_12_10;gamma_18_11;gamma_10_12;delta_18_9;gamma_7_12;delta_13_10;gamma_15_11;alpha_17_15;alpha_5_13;gamma_10_17;gamma_17_2;alpha_18_4;gamma_7_5;gamma_13_15;delta_4_10;gamma_12_16;delta_10_5;alpha_17_18;gamma_17_8;beta_7_15;alpha_18_11;delta_17_14;theta_18_13;delta_13_16;gamma_10_14;alpha_3_18;alpha_18_5;gamma_3_1;delta_16_8;delta_18_16;gamma_5_4;delta_9_10;gamma_3_8;gamma_12_4;delta_11_13;gamma_8_6;beta_7_3;gamma_1_7;beta_11_2;theta_17_9;gamma_7_16;delta_17_4;theta_11_7;alpha_18_1;gamma_11_14;gamma_9_15;theta_18_12;gamma_14_10;delta_15_17;gamma_5_13;gamma_4_2;beta_3_7;delta_17_18;beta_11_18
chb14,chb14_20,100,100,1501;1303;909;1512;252;1520;303;1507;1504;921;1522;213;1518;1280;1195;274;1410;741;578;1519;1206;1505;1329;1511;788;1360;747;1500;603;1524;1275;1407;997;1508;1224;1033;1328;605;253;1482;1492;1245;1263;884;904;297;1343;59;1387;1523;1497;1420;1472;905;230;916;21;1089;1336;1392;285;1503;262;1330;691;1425;898;911;662;1441;1389;607;1295;147;615;1258;275;218;606;157;144;1264;965;1229;1348;586;1406;900;1104;1022;1414;39;1373;202;599;1276;482;1340;913;1454,gamma_17_6;gamma_5_13;alpha_18_9;gamma_17_18;delta_15_16;gamma_18_8;delta_18_15;gamma_17_12;gamma_17_9;beta_1_5;gamma_18_10;delta_13_10;gamma_18_6;gamma_4_7;beta_17_6;delta_17_3;gamma_11_18;alpha_8_12;theta_17_1;gamma_18_7;beta_17_18;gamma_17_10;gamma_7_4;gamma_17_16;alpha_11_7;gamma_9_1;alpha_8_18;gamma_17_5;theta_18_9;gamma_18_12;gamma_4_1;gamma_11_15;beta_5_13;gamma_17_13;gamma_1_2;beta_7_15;gamma_7_3;theta_18_11;delta_15_17;gamma_16_4;gamma_16_14;gamma_2_6;gamma_3_7;alpha_17_1;alpha_18_4;delta_18_9;gamma_8_1;delta_4_10;gamma_10_12;gamma_18_11;gamma_17_2;gamma_12_10;gamma_15_11;alpha_18_5;delta_14_10;alpha_18_16;delta_2_6;beta_11_2;gamma_7_12;gamma_10_17;delta_17_14;gamma_17_8;delta_16_8;gamma_7_5;alpha_5_13;gamma_12_16;alpha_17_15;alpha_18_11;alpha_3_18;gamma_13_15;gamma_10_14;theta_18_13;gamma_5_4;delta_9_13;alpha_1_5;gamma_3_1;delta_17_4;delta_13_16;theta_18_12;delta_10_5;delta_9_10;gamma_3_8;beta_3_15;gamma_1_7;gamma_8_6;theta_17_9;gamma_11_14;alpha_17_18;beta_11_18;beta_7_3;gamma_12_4;delta_3_7;gamma_9_15;delta_12_17;theta_18_5;gamma_4_2;theta_11_7;gamma_7_16;alpha_18_13;gamma_14_10
chb14,chb14_22,100,100,1501;603;997;185;1512;1520;303;252;1522;1504;1507;921;1518;274;1410;1195;884;741;1206;1519;1511;39;1263;1505;788;1275;1524;1329;1500;230;1482;1407;1360;605;1328;662;909;965;1497;1224;1508;1245;578;1492;916;1523;1280;691;1343;297;1472;262;1387;904;1420;21;147;1392;905;1336;1503;1441;213;1425;900;127;1330;218;911;1089;1389;607;285;615;304;747;1295;1264;1258;202;1033;898;586;1406;275;1348;1229;157;907;144;1022;1414;1303;1373;482;606;1104;913;288;1454,gamma_17_6;theta_18_9;beta_5_13;delta_11_17;gamma_17_18;gamma_18_8;delta_18_15;delta_15_16;gamma_18_10;gamma_17_9;gamma_17_12;beta_1_5;gamma_18_6;delta_17_3;gamma_11_18;beta_17_6;alpha_17_1;alpha_8_12;beta_17_18;gamma_18_7;gamma_17_16;delta_3_7;gamma_3_7;gamma_17_10;alpha_11_7;gamma_4_1;gamma_18_12;gamma_7_4;gamma_17_5;delta_14_10;gamma_16_4;gamma_11_15;gamma_9_1;theta_18_11;gamma_7_3;alpha_3_18;alpha_18_9;beta_3_15;gamma_17_2;gamma_1_2;gamma_17_13;gamma_2_6;theta_17_1;gamma_16_14;alpha_18_16;gamma_18_11;gamma_4_7;alpha_5_13;gamma_8_1;delta_18_9;gamma_15_11;delta_16_8;gamma_10_12;alpha_18_4;gamma_12_10;delta_2_6;delta_9_13;gamma_10_17;alpha_18_5;gamma_7_12;gamma_17_8;gamma_13_15;delta_13_10;gamma_12_16;alpha_17_18;delta_8_10;gamma_7_5;delta_13_16;alpha_18_11;beta_11_2;gamma_10_14;theta_18_13;delta_17_14;alpha_1_5;delta_18_16;alpha_8_18;gamma_5_4;gamma_3_8;gamma_3_1;delta_12_17;beta_7_15;alpha_17_15;theta_17_9;gamma_11_14;delta_17_4;gamma_8_6;gamma_1_7;delta_10_5;alpha_18_7;delta_9_10;beta_7_3;gamma_12_4;gamma_5_13;gamma_9_15;theta_11_7;theta_18_12;beta_11_18;alpha_18_13;delta_17_18;gamma_14_10
chb14,chb14_24,100,100,1501;235;909;997;1520;1512;1507;185;1522;303;1504;274;1518;921;1195;39;1410;884;1519;1206;1505;1280;788;1033;1329;1524;213;1511;603;1275;1360;1407;1482;741;1508;1492;605;1328;59;1245;1500;1263;1224;1523;578;1497;1343;297;904;747;1387;1472;691;304;1392;1336;1425;1503;144;21;1420;905;157;218;1330;898;1441;1389;607;911;916;965;1089;1258;1295;900;285;1264;1348;1413;1229;230;1406;262;275;662;482;586;1022;202;889;1414;1373;913;252;1340;1491;1454;957;606,gamma_17_6;delta_14_16;alpha_18_9;beta_5_13;gamma_18_8;gamma_17_18;gamma_17_12;delta_11_17;gamma_18_10;delta_18_15;gamma_17_9;delta_17_3;gamma_18_6;beta_1_5;beta_17_6;delta_3_7;gamma_11_18;alpha_17_1;gamma_18_7;beta_17_18;gamma_17_10;gamma_4_7;alpha_11_7;beta_7_15;gamma_7_4;gamma_18_12;delta_13_10;gamma_17_16;theta_18_9;gamma_4_1;gamma_9_1;gamma_11_15;gamma_16_4;alpha_8_12;gamma_17_13;gamma_16_14;theta_18_11;gamma_7_3;delta_4_10;gamma_2_6;gamma_17_5;gamma_3_7;gamma_1_2;gamma_18_11;theta_17_1;gamma_17_2;gamma_8_1;delta_18_9;alpha_18_4;alpha_8_18;gamma_10_12;gamma_15_11;alpha_5_13;delta_18_16;gamma_10_17;gamma_7_12;gamma_12_16;gamma_17_8;delta_9_10;delta_2_6;gamma_12_10;alpha_18_5;delta_10_5;delta_13_16;gamma_7_5;alpha_17_15;gamma_13_15;gamma_10_14;theta_18_13;alpha_18_11;alpha_18_16;beta_3_15;beta_11_2;gamma_3_1;gamma_5_4;alpha_17_18;delta_17_14;gamma_3_8;gamma_8_6;gamma_12_3;gamma_1_7;delta_14_10;gamma_11_14;delta_16_8;delta_17_4;alpha_3_18;theta_11_7;theta_17_9;beta_7_3;delta_12_17;alpha_17_6;gamma_12_4;gamma_9_15;alpha_18_13;delta_15_16;gamma_7_16;gamma_16_13;gamma_14_10;beta_3_7;theta_18_12
chb14,chb14_25,100,100,1501;884;997;909;303;185;1512;1520;1507;218;1522;1518;274;1195;1504;921;1410;747;1519;1511;1206;1329;788;1505;1280;603;1275;1524;21;1482;213;1407;1033;1328;1508;1492;605;1245;1500;1336;1263;1224;1343;1360;578;1387;1497;297;916;1472;1420;275;691;157;1425;230;1523;1392;905;607;1330;59;1441;304;1389;1503;741;1413;911;262;1258;898;1264;904;252;285;1295;662;1303;1022;965;280;181;1229;1348;144;900;1406;889;1454;202;1414;913;1373;1340;586;809;606;482;1473,gamma_17_6;alpha_17_1;beta_5_13;alpha_18_9;delta_18_15;delta_11_17;gamma_17_18;gamma_18_8;gamma_17_12;delta_13_16;gamma_18_10;gamma_18_6;delta_17_3;beta_17_6;gamma_17_9;beta_1_5;gamma_11_18;alpha_8_18;gamma_18_7;gamma_17_16;beta_17_18;gamma_7_4;alpha_11_7;gamma_17_10;gamma_4_7;theta_18_9;gamma_4_1;gamma_18_12;delta_2_6;gamma_16_4;delta_13_10;gamma_11_15;beta_7_15;gamma_7_3;gamma_17_13;gamma_16_14;theta_18_11;gamma_2_6;gamma_17_5;gamma_7_12;gamma_3_7;gamma_1_2;gamma_8_1;gamma_9_1;theta_17_1;gamma_10_12;gamma_17_2;delta_18_9;alpha_18_16;gamma_15_11;gamma_12_10;delta_17_4;alpha_5_13;delta_10_5;gamma_12_16;delta_14_10;gamma_18_11;gamma_10_17;alpha_18_5;theta_18_13;gamma_7_5;delta_4_10;gamma_13_15;delta_18_16;gamma_10_14;gamma_17_8;alpha_8_12;gamma_12_3;alpha_18_11;delta_16_8;gamma_3_1;alpha_17_15;gamma_3_8;alpha_18_4;delta_15_16;delta_17_14;gamma_5_4;alpha_3_18;gamma_5_13;beta_7_3;beta_3_15;delta_17_9;delta_11_13;gamma_1_7;gamma_8_6;delta_9_10;alpha_17_18;gamma_11_14;alpha_17_6;gamma_14_10;delta_12_17;gamma_12_4;alpha_18_13;gamma_9_15;gamma_7_16;theta_17_9;alpha_12_11;theta_18_12;theta_11_7;gamma_15_12
chb14,chb14_26,100,100,1501;884;997;909;1520;1512;303;252;1507;1518;230;921;1505;1504;1280;1195;1482;1519;274;1410;1329;1524;1206;1511;1275;603;1522;21;1407;1033;788;1500;1360;1328;202;747;1245;605;1508;1492;1263;1336;578;1343;916;1224;297;1472;1497;691;1387;1089;904;1330;1420;213;1392;1503;181;1425;1441;911;127;741;905;1295;1258;898;1389;218;607;304;1348;662;1264;285;1414;144;275;1022;1229;157;280;965;1373;1406;1413;606;1523;1104;39;1454;1340;586;615;253;1491;900;889;1243,gamma_17_6;alpha_17_1;beta_5_13;alpha_18_9;gamma_18_8;gamma_17_18;delta_18_15;delta_15_16;gamma_17_12;gamma_18_6;delta_14_10;beta_1_5;gamma_17_10;gamma_17_9;gamma_4_7;beta_17_6;gamma_16_4;gamma_18_7;delta_17_3;gamma_11_18;gamma_7_4;gamma_18_12;beta_17_18;gamma_17_16;gamma_4_1;theta_18_9;gamma_18_10;delta_2_6;gamma_11_15;beta_7_15;alpha_11_7;gamma_17_5;gamma_9_1;gamma_7_3;delta_12_17;alpha_8_18;gamma_2_6;theta_18_11;gamma_17_13;gamma_16_14;gamma_3_7;gamma_7_12;theta_17_1;gamma_8_1;alpha_18_16;gamma_1_2;delta_18_9;gamma_15_11;gamma_17_2;alpha_5_13;gamma_10_12;beta_11_2;alpha_18_4;gamma_7_5;gamma_12_10;delta_13_10;gamma_10_17;gamma_17_8;delta_11_13;gamma_12_16;gamma_13_15;alpha_18_11;delta_8_10;alpha_8_12;alpha_18_5;gamma_5_4;gamma_3_1;alpha_17_15;gamma_10_14;delta_13_16;theta_18_13;delta_18_16;gamma_8_6;alpha_3_18;gamma_3_8;delta_17_14;gamma_12_4;delta_9_10;delta_17_4;beta_7_3;gamma_1_7;delta_10_5;delta_17_9;beta_3_15;gamma_9_15;gamma_11_14;gamma_12_3;theta_18_12;gamma_18_11;beta_11_18;delta_3_7;gamma_14_10;gamma_7_16;theta_17_9;alpha_1_5;delta_15_17;gamma_16_13;alpha_17_18;alpha_17_6;gamma_2_4
chb14,chb14_27,100,100,1501;997;184;603;535;1520;1512;1522;1504;1507;303;1518;179;1195;1482;1519;741;1280;884;1329;1524;1505;747;1410;1275;1508;1245;1500;1407;1206;59;285;202;1328;304;965;909;1472;1193;1420;1511;1492;605;691;1263;1224;1343;578;1523;213;788;1330;905;898;221;1295;297;229;1336;1104;904;1303;1348;218;1497;1441;662;1392;21;1258;1418;1503;597;1089;1387;1488;1250;809;911;230;1264;607;1389;1279;280;916;1229;1425;195;889;1414;1033;275;1243;1454;144;435;1402;1214;1373,gamma_17_6;beta_5_13;delta_11_16;theta_18_9;theta_14_9;gamma_18_8;gamma_17_18;gamma_18_10;gamma_17_9;gamma_17_12;delta_18_15;gamma_18_6;delta_11_10;beta_17_6;gamma_16_4;gamma_18_7;alpha_8_12;gamma_4_7;alpha_17_1;gamma_7_4;gamma_18_12;gamma_17_10;alpha_8_18;gamma_11_18;gamma_4_1;gamma_17_13;gamma_2_6;gamma_17_5;gamma_11_15;beta_17_18;delta_4_10;delta_17_14;delta_12_17;gamma_7_3;delta_18_16;beta_3_15;alpha_18_9;gamma_15_11;beta_17_4;gamma_12_10;gamma_17_16;gamma_16_14;theta_18_11;alpha_5_13;gamma_3_7;gamma_1_2;gamma_8_1;theta_17_1;gamma_18_11;delta_13_10;alpha_11_7;gamma_7_5;alpha_18_5;alpha_17_15;delta_14_1;gamma_5_4;delta_18_9;delta_14_9;gamma_7_12;beta_11_18;alpha_18_4;gamma_5_13;gamma_8_6;delta_13_16;gamma_17_2;gamma_13_15;alpha_3_18;gamma_10_17;delta_2_6;gamma_3_1;gamma_12_8;gamma_17_8;theta_18_3;beta_11_2;gamma_10_12;gamma_16_10;gamma_2_11;alpha_12_11;alpha_18_11;delta_14_10;gamma_3_8;theta_18_13;gamma_10_14;gamma_4_6;delta_17_9;alpha_18_16;gamma_1_7;gamma_12_16;delta_12_9;alpha_17_6;gamma_12_4;beta_7_15;delta_17_4;gamma_2_4;gamma_14_10;delta_9_10;theta_8_12;gamma_11_9;beta_18_8;gamma_9_15
chb14,chb14_29,100,100,1501;594;968;909;884;1522;997;1507;303;1512;1520;921;230;1518;252;1504;1505;1414;1195;274;1519;1329;1410;1206;1524;741;603;1280;1511;1275;1407;788;202;21;1328;1500;1492;965;1224;605;1245;1508;304;1263;1360;1523;578;1392;297;1343;691;1420;1387;1425;904;1497;1336;1472;213;905;1330;1441;157;1389;916;285;747;607;218;1503;1295;911;1264;1258;1482;275;615;1033;1348;900;1406;127;957;144;1022;1340;1373;1454;181;262;913;898;1276;606;253;586;1104;1229;482;1089,gamma_17_6;theta_17_18;beta_3_18;alpha_18_9;alpha_17_1;gamma_18_10;beta_5_13;gamma_17_12;delta_18_15;gamma_17_18;gamma_18_8;beta_1_5;delta_14_10;gamma_18_6;delta_15_16;gamma_17_9;gamma_17_10;gamma_12_4;beta_17_6;delta_17_3;gamma_18_7;gamma_7_4;gamma_11_18;beta_17_18;gamma_18_12;alpha_8_12;theta_18_9;gamma_4_7;gamma_17_16;gamma_4_1;gamma_11_15;alpha_11_7;delta_12_17;delta_2_6;gamma_7_3;gamma_17_5;gamma_16_14;beta_3_15;gamma_1_2;theta_18_11;gamma_2_6;gamma_17_13;delta_18_16;gamma_3_7;gamma_9_1;gamma_18_11;theta_17_1;gamma_10_17;delta_18_9;gamma_8_1;alpha_5_13;gamma_12_10;gamma_10_12;gamma_12_16;alpha_18_4;gamma_17_2;gamma_7_12;gamma_15_11;delta_13_10;alpha_18_5;gamma_7_5;gamma_13_15;delta_10_5;gamma_10_14;alpha_18_16;delta_17_14;alpha_8_18;theta_18_13;delta_13_16;gamma_17_8;gamma_5_4;alpha_18_11;gamma_3_8;gamma_3_1;gamma_16_4;delta_17_4;alpha_1_5;beta_7_15;gamma_8_6;alpha_17_18;gamma_11_14;delta_8_10;beta_3_7;delta_9_10;beta_7_3;gamma_7_16;gamma_9_15;gamma_14_10;delta_11_13;delta_16_8;alpha_18_13;alpha_17_15;gamma_4_2;theta_18_12;delta_15_17;theta_17_9;beta_11_18;gamma_1_7;theta_11_7;beta_11_2
chb14,chb14_30,100,100,1501;304;603;997;185;1512;1520;1507;788;303;218;1518;921;1505;884;1410;1504;1195;274;1329;1033;1280;1519;1206;1511;1482;230;1275;1522;1360;1407;1524;741;909;747;1328;1224;1245;605;1263;1508;1492;1500;1420;1387;578;1472;297;1343;904;21;157;1336;1392;691;1497;1425;213;911;1330;1441;916;905;285;1389;607;1503;662;1295;252;1264;1258;965;1414;898;482;144;1022;1348;957;275;59;586;1340;181;1377;1406;1454;606;202;1104;1276;900;913;1229;1373;1303;1402;1523;1473,gamma_17_6;delta_18_16;theta_18_9;beta_5_13;delta_11_17;gamma_17_18;gamma_18_8;gamma_17_12;alpha_11_7;delta_18_15;delta_13_16;gamma_18_6;beta_1_5;gamma_17_10;alpha_17_1;gamma_11_18;gamma_17_9;beta_17_6;delta_17_3;gamma_7_4;beta_7_15;gamma_4_7;gamma_18_7;beta_17_18;gamma_17_16;gamma_16_4;delta_14_10;gamma_4_1;gamma_18_10;gamma_9_1;gamma_11_15;gamma_18_12;alpha_8_12;alpha_18_9;alpha_8_18;gamma_7_3;gamma_1_2;gamma_2_6;theta_18_11;gamma_3_7;gamma_17_13;gamma_16_14;gamma_17_5;gamma_12_10;gamma_10_12;theta_17_1;gamma_15_11;delta_18_9;gamma_8_1;alpha_18_4;delta_2_6;delta_10_5;gamma_7_12;gamma_10_17;alpha_5_13;gamma_17_2;gamma_12_16;delta_13_10;alpha_18_11;gamma_7_5;gamma_13_15;alpha_18_16;alpha_18_5;delta_17_14;gamma_10_14;theta_18_13;gamma_17_8;alpha_3_18;gamma_5_4;delta_15_16;gamma_3_8;gamma_3_1;beta_3_15;gamma_12_4;alpha_17_15;theta_11_7;delta_9_10;beta_7_3;gamma_8_6;beta_3_7;delta_17_4;delta_4_10;theta_17_9;gamma_7_16;delta_11_13;gamma_10_1;gamma_11_14;gamma_14_10;theta_18_12;delta_12_17;beta_11_18;gamma_4_2;alpha_17_18;alpha_18_13;gamma_1_7;gamma_9_15;gamma_5_13;gamma_11_9;gamma_18_11;gamma_15_12
chb14,chb14_32,100,100,1501;167;909;997;303;578;1507;1512;1520;253;1522;1504;1280;921;1518;1195;1410;274;741;1505;1524;1329;1519;1206;1511;1275;788;603;230;1407;1033;1328;747;1482;1245;1508;605;1224;1263;304;1500;1492;221;1472;1497;904;1343;297;691;1387;1420;884;1392;1503;1330;59;213;1425;1336;911;21;1441;285;607;262;1389;916;905;1523;39;218;1295;1258;181;1348;288;1264;275;1360;662;1022;898;144;586;1229;965;1406;1454;1413;1104;1303;1373;900;606;1276;202;913;957;482;907,gamma_17_6;delta_10_16;alpha_18_9;beta_5_13;delta_18_15;theta_17_1;gamma_17_12;gamma_17_18;gamma_18_8;delta_15_17;gamma_18_10;gamma_17_9;gamma_4_7;beta_1_5;gamma_18_6;beta_17_6;gamma_11_18;delta_17_3;alpha_8_12;gamma_17_10;gamma_18_12;gamma_7_4;gamma_18_7;beta_17_18;gamma_17_16;gamma_4_1;alpha_11_7;theta_18_9;delta_14_10;gamma_11_15;beta_7_15;gamma_7_3;alpha_8_18;gamma_16_4;gamma_2_6;gamma_17_13;theta_18_11;gamma_1_2;gamma_3_7;delta_18_16;gamma_17_5;gamma_16_14;delta_14_1;gamma_15_11;gamma_17_2;alpha_18_4;gamma_8_1;delta_18_9;alpha_5_13;gamma_10_12;gamma_12_10;alpha_17_1;gamma_10_17;gamma_17_8;gamma_7_5;delta_4_10;delta_13_10;gamma_12_16;gamma_7_12;alpha_18_11;delta_2_6;gamma_13_15;delta_17_14;theta_18_13;delta_16_8;gamma_10_14;alpha_18_16;alpha_18_5;gamma_18_11;delta_3_7;delta_13_16;gamma_5_4;gamma_3_1;delta_11_13;gamma_8_6;delta_17_18;gamma_3_8;delta_17_4;gamma_9_1;alpha_3_18;beta_7_3;alpha_17_15;delta_9_10;theta_17_9;gamma_1_7;beta_3_15;gamma_11_14;gamma_14_10;gamma_12_3;beta_11_18;gamma_5_13;gamma_9_15;alpha_17_18;theta_18_12;gamma_4_2;delta_12_17;alpha_18_13;beta_3_7;theta_11_7;alpha_18_7
chb14,chb14_37,100,100,1501;603;218;1307;304;1520;1512;274;1507;997;303;1518;213;1522;1504;1195;884;741;921;1505;1410;1280;1519;1206;1329;788;1360;1511;1482;1033;1407;1524;909;1500;1275;747;202;1328;1508;578;1263;1224;605;1497;1492;59;1245;1387;904;297;691;1336;1343;1392;1420;1523;262;898;230;1472;21;916;1425;1441;1503;911;1389;905;1295;252;1413;285;662;607;1330;157;144;965;889;1264;1229;288;615;586;1258;275;482;1348;606;1022;1414;1303;250;1276;1406;1340;957;1373;900;519,gamma_17_6;theta_18_9;delta_13_16;gamma_5_17;delta_18_16;gamma_18_8;gamma_17_18;delta_17_3;gamma_17_12;beta_5_13;delta_18_15;gamma_18_6;delta_13_10;gamma_18_10;gamma_17_9;beta_17_6;alpha_17_1;alpha_8_12;beta_1_5;gamma_17_10;gamma_11_18;gamma_4_7;gamma_18_7;beta_17_18;gamma_7_4;alpha_11_7;gamma_9_1;gamma_17_16;gamma_16_4;beta_7_15;gamma_11_15;gamma_18_12;alpha_18_9;gamma_17_5;gamma_4_1;alpha_8_18;delta_12_17;gamma_7_3;gamma_17_13;theta_17_1;gamma_3_7;gamma_1_2;theta_18_11;gamma_17_2;gamma_16_14;delta_4_10;gamma_2_6;gamma_10_12;alpha_18_4;delta_18_9;alpha_5_13;gamma_7_12;gamma_8_1;gamma_10_17;gamma_12_10;gamma_18_11;delta_16_8;alpha_17_15;delta_14_10;gamma_15_11;delta_2_6;alpha_18_16;gamma_12_16;gamma_13_15;gamma_17_8;alpha_18_11;gamma_10_14;alpha_18_5;gamma_5_4;delta_15_16;gamma_12_3;delta_17_14;alpha_3_18;theta_18_13;gamma_7_5;delta_10_5;delta_9_10;beta_3_15;alpha_17_6;gamma_3_8;gamma_1_7;delta_17_18;alpha_1_5;theta_17_9;gamma_3_1;delta_17_4;theta_11_7;gamma_8_6;theta_18_12;beta_7_3;gamma_12_4;gamma_5_13;delta_15_13;gamma_4_2;gamma_11_14;gamma_7_16;beta_3_7;gamma_9_15;alpha_17_18;theta_13_10
chb14,chb14_39,100,100,1501;603;150;997;1512;1520;303;1507;1504;1518;264;788;1522;274;1195;884;921;1410;747;1519;1329;1206;1505;1500;1280;1511;1275;741;1482;1407;1524;1360;909;202;1328;1033;605;1245;1224;1263;578;1492;1508;916;1387;297;1343;1497;691;1420;157;1392;21;904;1472;1336;905;213;1425;911;1441;1503;285;218;607;1330;662;262;1523;1389;1413;606;1264;1295;59;1258;809;267;230;1022;898;965;1348;1303;1229;280;1104;275;1414;1373;889;482;1406;913;1340;907;253;1276;957;252,gamma_17_6;theta_18_9;delta_9_16;beta_5_13;gamma_17_18;gamma_18_8;delta_18_15;gamma_17_12;gamma_17_9;gamma_18_6;delta_16_10;alpha_11_7;gamma_18_10;delta_17_3;beta_17_6;alpha_17_1;beta_1_5;gamma_11_18;alpha_8_18;gamma_18_7;gamma_7_4;beta_17_18;gamma_17_10;gamma_17_5;gamma_4_7;gamma_17_16;gamma_4_1;alpha_8_12;gamma_16_4;gamma_11_15;gamma_18_12;gamma_9_1;alpha_18_9;delta_12_17;gamma_7_3;beta_7_15;theta_18_11;gamma_2_6;gamma_1_2;gamma_3_7;theta_17_1;gamma_16_14;gamma_17_13;alpha_18_16;gamma_10_12;delta_18_9;gamma_8_1;gamma_17_2;alpha_5_13;gamma_12_10;delta_10_5;gamma_10_17;delta_2_6;alpha_18_4;gamma_15_11;gamma_7_12;alpha_18_5;delta_13_10;gamma_12_16;alpha_18_11;gamma_13_15;gamma_17_8;delta_17_14;delta_13_16;theta_18_13;gamma_7_5;alpha_3_18;delta_16_8;gamma_18_11;gamma_10_14;gamma_12_3;theta_18_12;gamma_3_8;gamma_5_4;delta_4_10;gamma_3_1;alpha_12_11;delta_16_13;delta_14_10;beta_7_3;alpha_17_15;beta_3_15;gamma_8_6;gamma_5_13;gamma_1_7;delta_17_9;beta_11_18;delta_17_4;gamma_12_4;gamma_9_15;alpha_17_6;theta_11_7;gamma_11_14;alpha_18_13;gamma_7_16;alpha_18_7;delta_15_17;gamma_4_2;beta_3_7;delta_15_16
chb14,chb14_42,100,100,1501;603;274;1393;1512;1520;303;1507;997;1518;1522;1504;218;213;1505;921;1195;884;788;1524;741;1206;1511;1519;1263;1329;1482;1407;1508;1275;1033;1500;1360;1328;662;1410;909;202;1224;1245;605;59;1492;916;1523;1343;1280;578;691;1387;1420;297;275;1503;21;1472;1497;898;1392;1336;905;1425;230;1441;904;1330;157;607;911;1389;747;1258;252;1264;1295;285;965;482;1348;1022;606;144;900;1414;586;1229;1303;1373;615;1406;262;1454;1413;253;1340;1491;1525;1104;1276;907,gamma_17_6;theta_18_9;delta_17_3;gamma_10_18;gamma_17_18;gamma_18_8;delta_18_15;gamma_17_12;beta_5_13;gamma_18_6;gamma_18_10;gamma_17_9;delta_13_16;delta_13_10;gamma_17_10;beta_1_5;beta_17_6;alpha_17_1;alpha_11_7;gamma_18_12;alpha_8_12;beta_17_18;gamma_17_16;gamma_18_7;gamma_3_7;gamma_7_4;gamma_16_4;gamma_11_15;gamma_17_13;gamma_4_1;beta_7_15;gamma_17_5;gamma_9_1;gamma_7_3;alpha_3_18;gamma_11_18;alpha_18_9;delta_12_17;gamma_1_2;gamma_2_6;theta_18_11;delta_4_10;gamma_16_14;alpha_18_16;gamma_18_11;gamma_8_1;gamma_4_7;theta_17_1;alpha_5_13;gamma_10_12;gamma_12_10;delta_18_9;delta_17_4;gamma_17_8;delta_2_6;gamma_15_11;gamma_17_2;alpha_17_15;gamma_10_17;gamma_7_12;alpha_18_5;gamma_12_16;delta_14_10;gamma_13_15;alpha_18_4;gamma_7_5;delta_10_5;theta_18_13;alpha_18_11;gamma_10_14;alpha_8_18;gamma_3_1;delta_15_16;gamma_3_8;gamma_5_4;delta_17_14;beta_3_15;theta_11_7;gamma_8_6;beta_7_3;theta_18_12;delta_9_10;alpha_17_18;gamma_12_4;theta_17_9;gamma_1_7;gamma_5_13;gamma_9_15;alpha_1_5;gamma_11_14;delta_16_8;gamma_14_10;gamma_12_3;delta_15_17;gamma_7_16;gamma_16_13;gamma_18_13;beta_11_18;gamma_4_2;alpha_18_7
chb15,chb15_01,80,80,1277;1196;656;305;1259;895;1281;1486;1316;1418;1073;1349;1283;589;1328;971;588;1385;611;606;1357;1022;1252;1285;953;587;912;1352;1201;1377;1363;1344;1251;1287;1495;1256;884;1226;1351;283;1247;1494;282;1112;716;1310;917;1268;894;571;1301;805;300;1324;979;592;1180;647;1317;1464;281;1297;1394;1235;1245;1507;1049;1311;863;1191;1046;890;1051;1218;1265;1004;1266;1132;1057;1443,gamma_4_3;beta_17_7;alpha_3_12;delta_18_17;gamma_3_2;alpha_17_12;gamma_4_8;gamma_16_8;gamma_6_9;gamma_12_8;beta_10_3;gamma_8_7;gamma_4_10;theta_17_12;gamma_7_3;beta_4_3;theta_17_11;gamma_10_9;theta_18_17;theta_18_12;gamma_8_16;beta_7_3;gamma_2_13;gamma_4_12;beta_3_2;theta_17_10;alpha_18_12;gamma_8_11;beta_17_12;gamma_10_1;gamma_9_4;gamma_8_2;gamma_2_12;gamma_4_14;gamma_16_18;gamma_2_17;alpha_17_1;gamma_1_4;gamma_8_10;delta_17_12;gamma_2_8;gamma_16_17;delta_17_11;beta_12_8;alpha_7_3;gamma_6_2;alpha_18_17;gamma_3_12;alpha_17_11;theta_16_11;gamma_5_11;alpha_12_7;delta_18_12;gamma_6_17;beta_4_12;theta_17_15;beta_16_8;alpha_3_2;gamma_6_10;gamma_15_3;delta_17_10;gamma_5_7;gamma_11_1;gamma_1_13;gamma_2_6;gamma_17_12;beta_8_14;gamma_6_3;alpha_15_14;beta_17_2;beta_8_11;alpha_17_7;beta_8_16;beta_18_12;gamma_3_9;beta_6_2;gamma_3_10;beta_13_11;beta_9_4;gamma_13_17
chb15,chb15_02,80,80,1277;1363;61;265;305;895;1281;953;1486;1377;1328;588;1249;1349;606;1418;1316;1357;589;971;611;1259;1022;1073;1285;587;912;1352;1385;1201;1287;1251;1344;1494;282;1351;1226;1235;884;1112;1268;283;1301;716;1256;894;1247;917;1145;300;1310;979;890;1283;1464;647;1495;1265;1324;1180;281;1245;1317;1443;1046;583;1218;1252;1057;1051;1191;1311;1394;1004;1355;1447;1507;863;1292;584,gamma_4_3;gamma_9_4;delta_4_12;delta_16_11;delta_18_17;alpha_17_12;gamma_4_8;beta_3_2;gamma_16_8;gamma_10_1;gamma_7_3;theta_17_11;gamma_2_10;gamma_8_7;theta_18_12;gamma_12_8;gamma_6_9;gamma_8_16;theta_17_12;beta_4_3;theta_18_17;gamma_3_2;beta_7_3;beta_10_3;gamma_4_12;theta_17_10;alpha_18_12;gamma_8_11;gamma_10_9;beta_17_12;gamma_4_14;gamma_2_12;gamma_8_2;gamma_16_17;delta_17_11;gamma_8_10;gamma_1_4;gamma_1_13;alpha_17_1;beta_12_8;gamma_3_12;delta_17_12;gamma_5_11;alpha_7_3;gamma_2_17;alpha_17_11;gamma_2_8;alpha_18_17;beta_14_7;delta_18_12;gamma_6_2;beta_4_12;alpha_17_7;gamma_4_10;gamma_15_3;alpha_3_2;gamma_16_18;gamma_3_9;gamma_6_17;beta_16_8;delta_17_10;gamma_2_6;gamma_6_10;gamma_13_17;beta_8_11;theta_17_6;beta_18_12;gamma_2_13;beta_9_4;beta_8_16;beta_17_2;gamma_6_3;gamma_11_1;beta_6_2;gamma_8_14;gamma_14_3;gamma_17_12;alpha_15_14;gamma_5_1;theta_17_7
chb15,chb15_03,80,80,1277;587;1268;917;895;1073;1281;1259;1486;1418;606;1010;1351;589;971;1328;1349;305;588;1285;1235;1022;912;953;1251;1363;1377;1352;611;1201;1079;1357;583;1287;282;805;1256;1344;884;1226;283;1283;979;1247;894;571;716;1180;1310;1317;300;1252;1494;281;1112;1301;1447;1324;1191;647;890;1270;1046;1218;1316;1495;1311;1051;1057;1394;1385;1297;1266;1464;1507;1245;1004;1467;1469;1265,gamma_4_3;theta_17_10;gamma_3_12;alpha_18_17;alpha_17_12;beta_10_3;gamma_4_8;gamma_3_2;gamma_16_8;gamma_12_8;theta_18_12;beta_6_9;gamma_8_10;theta_17_12;beta_4_3;gamma_7_3;gamma_8_7;delta_18_17;theta_17_11;gamma_4_12;gamma_1_13;beta_7_3;alpha_18_12;beta_3_2;gamma_2_12;gamma_9_4;gamma_10_1;gamma_8_11;theta_18_17;beta_17_12;beta_10_9;gamma_8_16;theta_17_6;gamma_4_14;delta_17_11;alpha_12_7;gamma_2_17;gamma_8_2;alpha_17_1;gamma_1_4;delta_17_12;gamma_4_10;beta_4_12;gamma_2_8;alpha_17_11;theta_16_11;alpha_7_3;beta_16_8;gamma_6_2;gamma_6_10;delta_18_12;gamma_2_13;gamma_16_17;delta_17_10;beta_12_8;gamma_5_11;gamma_14_3;gamma_6_17;beta_17_2;alpha_3_2;alpha_17_7;gamma_3_14;beta_8_11;beta_18_12;gamma_6_9;gamma_16_18;gamma_6_3;beta_8_16;beta_9_4;gamma_11_1;gamma_10_9;gamma_5_7;gamma_3_10;gamma_15_3;gamma_17_12;gamma_2_6;beta_6_2;gamma_15_6;gamma_15_8;gamma_3_9
chb15,chb15_04,80,80,1277;1268;587;1173;917;895;1486;1259;1281;805;695;589;1418;1349;971;1328;588;305;1351;606;1285;1022;1385;1316;953;912;1357;1363;592;611;1201;1352;1447;583;1287;1251;1235;283;1495;1344;282;1283;1226;1188;1464;979;1112;884;1377;716;894;1256;1247;300;281;647;1317;890;1301;1180;1252;1310;571;1191;1057;863;1507;1051;1046;1311;1394;1265;1324;1218;1266;1297;1355;1245;584;1494,gamma_4_3;gamma_3_12;theta_17_10;beta_16_1;alpha_18_17;alpha_17_12;gamma_16_8;gamma_3_2;gamma_4_8;alpha_12_7;alpha_5_17;theta_17_12;gamma_12_8;gamma_8_7;beta_4_3;gamma_7_3;theta_17_11;delta_18_17;gamma_8_10;theta_18_12;gamma_4_12;beta_7_3;gamma_10_9;gamma_6_9;beta_3_2;alpha_18_12;gamma_8_16;gamma_9_4;theta_17_15;theta_18_17;beta_17_12;gamma_8_11;gamma_14_3;theta_17_6;gamma_4_14;gamma_2_12;gamma_1_13;delta_17_12;gamma_16_18;gamma_8_2;delta_17_11;gamma_4_10;gamma_1_4;beta_16_17;gamma_15_3;beta_4_12;beta_12_8;alpha_17_1;gamma_10_1;alpha_7_3;alpha_17_11;gamma_2_17;gamma_2_8;delta_18_12;delta_17_10;alpha_3_2;gamma_6_10;alpha_17_7;gamma_5_11;beta_16_8;gamma_2_13;gamma_6_2;theta_16_11;beta_17_2;beta_9_4;alpha_15_14;gamma_17_12;beta_8_16;beta_8_11;gamma_6_3;gamma_11_1;gamma_3_9;gamma_6_17;beta_18_12;gamma_3_10;gamma_5_7;gamma_8_14;gamma_2_6;theta_17_7;gamma_16_17
chb15,chb15_05,80,80,1277;1057;592;305;895;962;1486;1281;1259;1394;1235;606;1328;1266;589;1316;971;587;1418;1349;588;1189;611;1022;1285;912;953;1357;1287;1379;1352;1385;1251;283;1201;1344;1351;282;1363;1188;1145;1256;1301;716;884;1283;1226;894;1268;1180;300;917;281;1247;1463;1464;979;1191;890;571;1310;1377;647;1265;1112;583;1270;1311;1252;1324;1218;1051;1046;1317;1297;1494;1245;1355;584;1519,gamma_4_3;beta_9_4;theta_17_15;delta_18_17;alpha_17_12;beta_3_12;gamma_16_8;gamma_4_8;gamma_3_2;gamma_11_1;gamma_1_13;theta_18_12;gamma_7_3;gamma_3_10;theta_17_12;gamma_6_9;beta_4_3;theta_17_10;gamma_12_8;gamma_8_7;theta_17_11;beta_16_18;theta_18_17;beta_7_3;gamma_4_12;alpha_18_12;beta_3_2;gamma_8_16;gamma_4_14;gamma_10_3;gamma_8_11;gamma_10_9;gamma_2_12;delta_17_12;beta_17_12;gamma_8_2;gamma_8_10;delta_17_11;gamma_9_4;beta_16_17;beta_14_7;gamma_2_17;gamma_5_11;alpha_7_3;alpha_17_1;gamma_4_10;gamma_1_4;alpha_17_11;gamma_3_12;beta_16_8;delta_18_12;alpha_18_17;delta_17_10;gamma_2_8;gamma_15_2;gamma_15_3;beta_4_12;beta_17_2;alpha_17_7;theta_16_11;gamma_6_2;gamma_10_1;alpha_3_2;gamma_3_9;beta_12_8;theta_17_6;gamma_3_14;gamma_6_3;gamma_2_13;gamma_6_17;beta_18_12;beta_8_16;beta_8_11;gamma_6_10;gamma_5_7;gamma_16_17;gamma_2_6;gamma_8_14;theta_17_7;gamma_18_7
chb15,chb15_06,100,100,1277;611;1188;895;482;1268;1486;1259;1281;588;1235;589;1418;1316;1349;1377;1351;606;1328;587;305;971;1201;1379;979;912;1352;953;1022;884;1357;282;1344;1363;1132;1287;283;1256;1251;1310;917;1180;894;1301;300;1283;1285;1226;281;1247;1265;1112;890;1507;1385;1464;1189;647;1411;1191;1218;1324;1317;716;1337;1370;592;1051;1004;583;1443;1394;1057;571;1252;1046;584;1311;1447;1266;1410;805;1292;1355;1315;288;945;1467;891;1297;1245;1378;1469;893;1225;1494;1038;826;1270;578,gamma_4_3;theta_18_17;beta_16_17;alpha_17_12;theta_11_7;gamma_3_12;gamma_16_8;gamma_3_2;gamma_4_8;theta_17_11;gamma_1_13;theta_17_12;gamma_12_8;gamma_6_9;gamma_8_7;gamma_10_1;gamma_8_10;theta_18_12;gamma_7_3;theta_17_10;delta_18_17;beta_4_3;beta_17_12;gamma_10_3;beta_4_12;alpha_18_12;gamma_8_11;beta_3_2;beta_7_3;alpha_17_1;gamma_8_16;delta_17_11;gamma_8_2;gamma_9_4;beta_13_11;gamma_4_14;delta_17_12;gamma_2_17;gamma_2_12;gamma_6_2;alpha_18_17;beta_16_8;alpha_17_11;gamma_5_11;delta_18_12;gamma_4_10;gamma_4_12;gamma_1_4;delta_17_10;gamma_2_8;gamma_3_9;beta_12_8;alpha_17_7;gamma_17_12;gamma_10_9;gamma_15_3;beta_16_18;alpha_3_2;gamma_12_1;beta_17_2;beta_18_12;gamma_6_17;gamma_6_10;alpha_7_3;gamma_7_13;gamma_9_12;theta_17_15;beta_8_16;beta_6_2;theta_17_6;gamma_13_17;gamma_11_1;beta_9_4;theta_16_11;gamma_2_13;beta_8_11;theta_17_7;gamma_6_3;gamma_14_3;gamma_3_10;gamma_11_18;alpha_12_7;gamma_5_1;gamma_8_14;gamma_6_8;delta_17_18;beta_2_12;gamma_15_6;alpha_17_8;gamma_5_7;gamma_2_6;gamma_10_2;gamma_15_8;alpha_17_10;gamma_1_3;gamma_16_17;beta_8_2;alpha_13_11;gamma_3_14;theta_17_1
chb15,chb15_07,80,80,1277;305;656;895;1094;1235;1281;1259;1486;1317;588;1418;971;589;1349;1495;1328;1316;912;1377;611;1363;1357;1287;953;884;606;1285;1022;1201;1385;1352;1447;1351;583;1251;282;1256;1301;283;1344;587;863;716;1494;1252;1112;1283;1268;890;1464;894;917;1226;300;979;1247;647;1132;1270;1394;1324;1180;1191;1218;1057;1311;1046;1507;1265;1051;592;1310;1467;1249;584;1519;805;1355;1297,gamma_4_3;delta_18_17;alpha_3_12;alpha_17_12;beta_11_7;gamma_1_13;gamma_4_8;gamma_3_2;gamma_16_8;gamma_6_10;theta_17_11;gamma_12_8;beta_4_3;theta_17_12;gamma_8_7;gamma_16_18;gamma_7_3;gamma_6_9;alpha_18_12;gamma_10_1;theta_18_17;gamma_9_4;gamma_8_16;gamma_4_14;beta_3_2;alpha_17_1;theta_18_12;gamma_4_12;beta_7_3;beta_17_12;gamma_10_9;gamma_8_11;gamma_14_3;gamma_8_10;theta_17_6;gamma_2_12;delta_17_11;gamma_2_17;gamma_5_11;delta_17_12;gamma_8_2;theta_17_10;alpha_15_14;alpha_7_3;gamma_16_17;gamma_2_13;beta_12_8;gamma_4_10;gamma_3_12;alpha_17_7;gamma_15_3;alpha_17_11;alpha_18_17;gamma_1_4;delta_18_12;beta_4_12;gamma_2_8;alpha_3_2;beta_13_11;gamma_3_14;gamma_11_1;gamma_6_17;beta_16_8;beta_17_2;beta_18_12;beta_9_4;gamma_6_3;beta_8_11;gamma_17_12;gamma_3_9;beta_8_16;theta_17_15;gamma_6_2;gamma_15_6;gamma_2_10;theta_17_7;gamma_18_7;alpha_12_7;gamma_8_14;gamma_5_7
chb15,chb15_08,80,80,1277;1057;1354;895;305;1495;1281;1259;1486;588;1268;1328;589;1349;1351;971;1073;611;1418;606;1285;1287;587;953;1316;1022;912;1357;1377;1352;1201;282;1385;1251;1256;1301;283;1283;1235;1363;1344;884;805;1494;1464;894;1226;979;716;917;1112;300;890;1191;1247;571;1317;281;1265;1310;647;1180;1447;592;1046;1252;1311;1266;1324;1394;1507;1051;1270;1443;584;863;1218;1245;1132;981,gamma_4_3;beta_9_4;gamma_8_13;alpha_17_12;delta_18_17;gamma_16_18;gamma_4_8;gamma_3_2;gamma_16_8;theta_17_11;gamma_3_12;gamma_7_3;theta_17_12;gamma_8_7;gamma_8_10;beta_4_3;beta_10_3;theta_18_17;gamma_12_8;theta_18_12;gamma_4_12;gamma_4_14;theta_17_10;beta_3_2;gamma_6_9;beta_7_3;alpha_18_12;gamma_8_16;gamma_10_1;gamma_8_11;beta_17_12;delta_17_11;gamma_10_9;gamma_2_12;gamma_2_17;gamma_5_11;delta_17_12;gamma_4_10;gamma_1_13;gamma_9_4;gamma_8_2;alpha_17_1;alpha_12_7;gamma_16_17;gamma_15_3;alpha_17_11;gamma_1_4;beta_4_12;alpha_7_3;alpha_18_17;beta_12_8;delta_18_12;alpha_17_7;beta_17_2;gamma_2_8;theta_16_11;gamma_6_10;delta_17_10;gamma_3_9;gamma_6_2;alpha_3_2;beta_16_8;gamma_14_3;theta_17_15;beta_8_11;gamma_2_13;gamma_6_3;gamma_3_10;gamma_6_17;gamma_11_1;gamma_17_12;beta_8_16;gamma_3_14;gamma_13_17;theta_17_7;alpha_15_14;beta_18_12;gamma_2_6;beta_13_11;beta_4_14
chb15,chb15_09,80,80,1277;1363;809;251;895;305;1281;1268;1486;1259;606;1328;1266;589;1316;1073;971;588;1418;611;1349;1285;1252;953;912;1022;587;1079;1352;1201;1377;1357;1287;282;1301;1256;1344;1251;884;1351;283;805;1464;592;1494;716;1247;300;917;1180;979;1283;894;1226;1310;1191;647;1112;1218;1265;281;890;1495;1317;1046;1507;1270;1235;1324;1447;1385;1394;1311;1051;1245;584;1057;1132;1337;1297,gamma_4_3;gamma_9_4;alpha_12_11;delta_15_14;alpha_17_12;delta_18_17;gamma_4_8;gamma_3_12;gamma_16_8;gamma_3_2;theta_18_12;gamma_7_3;gamma_3_10;theta_17_12;gamma_6_9;beta_10_3;beta_4_3;theta_17_11;gamma_12_8;theta_18_17;gamma_8_7;gamma_4_12;gamma_2_13;beta_3_2;alpha_18_12;beta_7_3;theta_17_10;beta_10_9;gamma_8_11;beta_17_12;gamma_10_1;gamma_8_16;gamma_4_14;delta_17_11;gamma_5_11;gamma_2_17;gamma_8_2;gamma_2_12;alpha_17_1;gamma_8_10;delta_17_12;alpha_12_7;gamma_15_3;theta_17_15;gamma_16_17;alpha_7_3;gamma_2_8;delta_18_12;alpha_18_17;beta_16_8;beta_4_12;gamma_4_10;alpha_17_11;gamma_1_4;gamma_6_2;beta_17_2;alpha_3_2;beta_12_8;beta_18_12;gamma_3_9;delta_17_10;alpha_17_7;gamma_16_18;gamma_6_10;beta_8_11;gamma_17_12;gamma_3_14;gamma_1_13;gamma_6_17;gamma_14_3;gamma_10_9;gamma_11_1;gamma_6_3;beta_8_16;gamma_2_6;theta_17_7;beta_9_4;beta_13_11;gamma_7_13;gamma_5_7
chb15,chb15_10,40,40,1277;1132;1502;1079;977;305;1418;1281;895;1259;1486;1268;606;852;1328;1377;1349;589;971;587;1316;611;1285;953;1252;588;1022;912;1363;1251;1352;1301;1201;1357;805;1351;1494;1287;282;1344,gamma_4_3;beta_13_11;gamma_17_7;beta_10_9;beta_4_10;delta_18_17;gamma_12_8;gamma_4_8;alpha_17_12;gamma_3_2;gamma_16_8;gamma_3_12;theta_18_12;alpha_15_3;gamma_7_3;gamma_10_1;gamma_8_7;theta_17_12;beta_4_3;theta_17_10;gamma_6_9;theta_18_17;gamma_4_12;beta_3_2;gamma_2_13;theta_17_11;beta_7_3;alpha_18_12;gamma_9_4;gamma_2_12;gamma_8_11;gamma_5_11;beta_17_12;gamma_8_16;alpha_12_7;gamma_8_10;gamma_16_17;gamma_4_14;delta_17_11;gamma_8_2
chb15,chb15_11,80,80,1277;1352;305;895;1379;1268;1486;1281;953;588;1328;1010;589;971;1249;1349;611;1418;1285;606;1259;1377;1287;587;1022;912;1357;1385;805;1363;1252;1201;1301;1251;1344;283;1256;1494;1351;890;1226;282;917;884;716;979;1247;1283;1180;1191;1310;300;1316;1495;1112;894;647;1464;281;1324;1132;1235;1270;1311;592;1046;1394;1218;1265;583;1057;1317;1051;1004;1443;584;1447;863;1292;1355,gamma_4_3;gamma_8_11;delta_18_17;alpha_17_12;gamma_10_3;gamma_3_12;gamma_16_8;gamma_4_8;beta_3_2;theta_17_11;gamma_7_3;beta_6_9;theta_17_12;beta_4_3;gamma_2_10;gamma_8_7;theta_18_17;gamma_12_8;gamma_4_12;theta_18_12;gamma_3_2;gamma_10_1;gamma_4_14;theta_17_10;beta_7_3;alpha_18_12;gamma_8_16;gamma_10_9;alpha_12_7;gamma_9_4;gamma_2_13;beta_17_12;gamma_5_11;gamma_2_12;gamma_8_2;delta_17_12;gamma_2_17;gamma_16_17;gamma_8_10;alpha_17_7;gamma_1_4;delta_17_11;alpha_18_17;alpha_17_1;alpha_7_3;beta_4_12;gamma_2_8;gamma_4_10;beta_16_8;beta_17_2;gamma_6_2;delta_18_12;gamma_6_9;gamma_16_18;beta_12_8;alpha_17_11;alpha_3_2;gamma_15_3;delta_17_10;gamma_6_17;beta_13_11;gamma_1_13;gamma_3_14;gamma_6_3;theta_17_15;beta_8_11;gamma_11_1;beta_18_12;gamma_3_9;theta_17_6;beta_9_4;gamma_6_10;beta_8_16;beta_6_2;gamma_13_17;theta_17_7;gamma_14_3;alpha_15_14;gamma_5_1;gamma_8_14
chb15,chb15_12,80,80,1277;1352;1393;895;305;962;1486;1281;1259;606;1418;1316;971;589;1377;1328;1266;611;588;1349;1285;1022;587;912;1363;1357;1252;953;1287;1201;1141;1256;1385;1344;583;1301;1251;1226;283;1112;1283;571;917;884;282;1247;716;979;1310;1351;1188;300;1464;894;1394;890;1268;1046;1265;1324;281;1245;1469;647;1337;1355;1311;1361;1132;1057;1218;1317;1004;1235;1519;1297;1051;1145;1507;1443,gamma_4_3;gamma_8_11;gamma_10_18;alpha_17_12;delta_18_17;beta_3_12;gamma_16_8;gamma_4_8;gamma_3_2;theta_18_12;gamma_12_8;gamma_6_9;beta_4_3;theta_17_12;gamma_10_1;gamma_7_3;gamma_3_10;theta_18_17;theta_17_11;gamma_8_7;gamma_4_12;beta_7_3;theta_17_10;alpha_18_12;gamma_9_4;gamma_8_16;gamma_2_13;beta_3_2;gamma_4_14;beta_17_12;beta_14_3;gamma_2_17;gamma_10_9;gamma_8_2;theta_17_6;gamma_5_11;gamma_2_12;gamma_1_4;delta_17_12;beta_12_8;gamma_4_10;theta_16_11;alpha_18_17;alpha_17_1;delta_17_11;gamma_2_8;alpha_7_3;beta_4_12;gamma_6_2;gamma_8_10;beta_16_17;delta_18_12;gamma_15_3;alpha_17_11;gamma_11_1;alpha_17_7;gamma_3_12;beta_8_11;gamma_3_9;gamma_6_17;delta_17_10;gamma_2_6;gamma_15_8;alpha_3_2;gamma_7_13;gamma_8_14;gamma_6_3;gamma_9_2;beta_13_11;beta_9_4;beta_18_12;gamma_6_10;beta_6_2;gamma_1_13;gamma_18_7;gamma_5_7;beta_8_16;beta_14_7;gamma_17_12;gamma_13_17
chb15,chb15_13,80,80,1277;1259;833;305;884;895;1281;1268;1379;1486;1344;1328;606;1249;1418;589;971;1316;1285;1349;611;587;1022;953;912;1252;588;1352;1357;1201;1385;1287;1363;1495;1251;1301;583;1351;1226;1188;1256;716;283;1310;979;282;1247;917;1180;1464;1394;1283;1112;300;1132;647;894;1324;1145;1507;281;1245;1046;1502;1311;1191;1218;1265;981;1494;1004;1447;1051;1317;1297;1377;1235;1057;890;1270,gamma_4_3;gamma_3_2;alpha_14_1;delta_18_17;alpha_17_1;alpha_17_12;gamma_4_8;gamma_3_12;gamma_10_3;gamma_16_8;gamma_8_2;gamma_7_3;theta_18_12;gamma_2_10;gamma_12_8;theta_17_12;beta_4_3;gamma_6_9;gamma_4_12;gamma_8_7;theta_18_17;theta_17_10;beta_7_3;beta_3_2;alpha_18_12;gamma_2_13;theta_17_11;gamma_8_11;gamma_8_16;beta_17_12;gamma_10_9;gamma_4_14;gamma_9_4;gamma_16_18;gamma_2_12;gamma_5_11;theta_17_6;gamma_8_10;gamma_1_4;beta_16_17;gamma_2_17;alpha_7_3;delta_17_12;gamma_6_2;beta_4_12;delta_17_11;gamma_2_8;alpha_18_17;beta_16_8;gamma_15_3;gamma_11_1;gamma_4_10;beta_12_8;delta_18_12;beta_13_11;alpha_3_2;alpha_17_11;gamma_6_17;beta_14_7;gamma_17_12;delta_17_10;gamma_2_6;beta_8_11;gamma_17_7;gamma_6_3;beta_17_2;beta_18_12;gamma_3_9;beta_4_14;gamma_16_17;beta_6_2;gamma_14_3;beta_8_16;gamma_6_10;gamma_5_7;gamma_10_1;gamma_1_13;beta_9_4;alpha_17_7;gamma_3_14
chb15,chb15_14,80,80,1277;611;661;1268;1201;1377;1259;1281;588;1486;895;1418;1349;1316;1328;606;1385;971;305;589;499;1351;1285;1022;1352;1252;912;953;587;1357;1287;1363;592;1251;1344;884;1226;894;1189;1283;283;1301;1494;1310;917;1447;979;890;1112;282;1247;716;300;1235;1317;1270;1324;1256;1394;1132;1245;583;647;1464;1443;1046;1180;1218;1311;1191;1265;1457;1051;1004;281;981;584;1057;1266;1292,gamma_4_3;theta_18_17;alpha_3_17;gamma_3_12;beta_17_12;gamma_10_1;gamma_3_2;gamma_4_8;theta_17_11;gamma_16_8;alpha_17_12;gamma_12_8;gamma_8_7;gamma_6_9;gamma_7_3;theta_18_12;gamma_10_9;beta_4_3;delta_18_17;theta_17_12;theta_12_7;gamma_8_10;gamma_4_12;beta_7_3;gamma_8_11;gamma_2_13;alpha_18_12;beta_3_2;theta_17_10;gamma_8_16;gamma_4_14;gamma_9_4;theta_17_15;gamma_2_12;gamma_8_2;alpha_17_1;gamma_1_4;alpha_17_11;beta_16_18;gamma_4_10;delta_17_12;gamma_5_11;gamma_16_17;gamma_6_2;alpha_18_17;gamma_14_3;beta_4_12;alpha_17_7;beta_12_8;delta_17_11;gamma_2_8;alpha_7_3;delta_18_12;gamma_1_13;gamma_6_10;gamma_3_14;gamma_6_17;gamma_2_17;gamma_11_1;beta_13_11;gamma_2_6;theta_17_6;alpha_3_2;gamma_15_3;gamma_13_17;beta_8_11;beta_16_8;beta_18_12;gamma_6_3;beta_17_2;gamma_3_9;gamma_14_13;beta_8_16;beta_6_2;delta_17_10;beta_4_14;theta_17_7;beta_9_4;gamma_3_10;gamma_5_1
chb15,chb15_15,100,100,1277;435;583;895;1379;1281;611;1259;1486;1316;606;1418;1349;589;1283;1357;1328;588;971;305;1385;1285;912;587;1022;953;1394;1287;1268;1201;1352;1363;283;1256;805;894;1351;1301;1252;300;1344;1251;1180;1494;1226;282;884;1464;1317;281;1247;716;979;890;571;1112;1218;917;1270;1310;1447;647;1046;1377;1324;1266;1480;1235;592;584;1443;1051;981;1507;1057;1265;1132;1311;1512;1451;1004;277;1079;1355;1292;962;1245;893;1249;914;1018;1191;585;1169;1320;1225;1158;1410;1088;1196,gamma_4_3;theta_8_12;theta_17_6;alpha_17_12;gamma_10_3;gamma_4_8;theta_18_17;gamma_3_2;gamma_16_8;gamma_6_9;theta_18_12;gamma_12_8;gamma_8_7;theta_17_12;gamma_4_10;gamma_8_16;gamma_7_3;theta_17_11;beta_4_3;delta_18_17;gamma_10_9;gamma_4_12;alpha_18_12;theta_17_10;beta_7_3;beta_3_2;gamma_11_1;gamma_4_14;gamma_3_12;beta_17_12;gamma_8_11;gamma_9_4;delta_17_12;gamma_2_17;alpha_12_7;alpha_17_11;gamma_8_10;gamma_5_11;gamma_2_13;delta_18_12;gamma_8_2;gamma_2_12;beta_16_8;gamma_16_17;gamma_1_4;delta_17_11;alpha_17_1;gamma_15_3;gamma_6_10;delta_17_10;gamma_2_8;alpha_7_3;beta_4_12;alpha_17_7;theta_16_11;beta_12_8;beta_18_12;alpha_18_17;gamma_3_14;gamma_6_2;gamma_14_3;alpha_3_2;beta_8_11;gamma_10_1;gamma_6_17;gamma_3_10;gamma_16_2;gamma_1_13;theta_17_15;theta_17_7;gamma_13_17;beta_8_16;beta_4_14;gamma_17_12;beta_9_4;gamma_3_9;beta_13_11;gamma_6_3;gamma_17_18;gamma_14_7;beta_6_2;delta_17_6;beta_10_9;gamma_8_14;gamma_5_1;beta_3_12;gamma_2_6;alpha_17_10;gamma_2_10;alpha_18_14;beta_6_17;beta_17_2;theta_17_8;beta_15_14;gamma_6_13;gamma_1_3;beta_15_3;gamma_11_18;beta_11_1;beta_17_7
chb15,chb15_16,80,80,1277;890;571;1268;305;895;1486;1259;1281;1418;1071;1349;1351;589;1328;971;1316;587;912;611;1022;588;1141;1285;953;1201;1352;606;1357;1235;1301;1363;1283;805;1385;884;1287;1251;1344;894;1256;716;917;283;1226;1188;583;1112;979;1310;300;1507;282;647;1464;1247;1317;1180;1191;1324;1252;1046;1218;592;1355;1311;1377;281;1245;1189;1265;1297;1494;1196;1004;1249;1467;962;1292;1132,gamma_4_3;alpha_17_7;theta_16_11;gamma_3_12;delta_18_17;alpha_17_12;gamma_16_8;gamma_3_2;gamma_4_8;gamma_12_8;beta_10_1;gamma_8_7;gamma_8_10;theta_17_12;gamma_7_3;beta_4_3;gamma_6_9;theta_17_10;alpha_18_12;theta_18_17;beta_7_3;theta_17_11;beta_14_3;gamma_4_12;beta_3_2;beta_17_12;gamma_8_11;theta_18_12;gamma_8_16;gamma_1_13;gamma_5_11;gamma_9_4;gamma_4_10;alpha_12_7;gamma_10_9;alpha_17_1;gamma_4_14;gamma_2_12;gamma_8_2;alpha_17_11;gamma_2_17;alpha_7_3;alpha_18_17;delta_17_12;gamma_1_4;beta_16_17;theta_17_6;beta_12_8;beta_4_12;gamma_6_2;delta_18_12;gamma_17_12;delta_17_11;alpha_3_2;gamma_15_3;gamma_2_8;gamma_6_10;beta_16_8;beta_17_2;gamma_6_17;gamma_2_13;beta_8_11;beta_18_12;theta_17_15;gamma_8_14;gamma_6_3;gamma_10_1;delta_17_10;gamma_2_6;beta_16_18;gamma_3_9;gamma_5_7;gamma_16_17;beta_17_7;beta_6_2;gamma_2_10;gamma_15_6;beta_3_12;gamma_5_1;beta_13_11
chb15,chb15_17,40,40,1277;1046;587;895;1486;611;1268;1281;1259;1073;606;1235;589;1328;1316;1249;971;1418;1377;1285;1349;588;305;1022;1079;912;953;884;1357;1201;981;1363;499;890;1256;1301;1191;1283;283;1352,gamma_4_3;beta_8_11;theta_17_10;alpha_17_12;gamma_16_8;theta_18_17;gamma_3_12;gamma_4_8;gamma_3_2;beta_10_3;theta_18_12;gamma_1_13;theta_17_12;gamma_7_3;gamma_6_9;gamma_2_10;beta_4_3;gamma_12_8;gamma_10_1;gamma_4_12;gamma_8_7;theta_17_11;delta_18_17;beta_7_3;beta_10_9;alpha_18_12;beta_3_2;alpha_17_1;gamma_8_16;beta_17_12;beta_4_14;gamma_9_4;theta_12_7;alpha_17_7;gamma_2_17;gamma_5_11;beta_17_2;gamma_4_10;delta_17_12;gamma_8_11
chb15,chb15_19,80,80,1277;1046;1393;895;305;1268;1486;1259;1281;588;1328;1141;606;1418;589;1316;971;1266;611;1285;1022;1349;1377;1201;805;953;912;1252;583;1357;1363;1287;1385;1226;587;1251;1352;283;1344;1256;1494;1301;894;917;1247;265;1310;1283;1180;979;282;716;300;1112;884;1464;1351;1324;1394;1245;592;1191;1218;647;1265;1311;890;1507;1051;1004;1317;1132;1057;1447;1297;1235;281;1292;1355;863,gamma_4_3;beta_8_11;gamma_10_18;alpha_17_12;delta_18_17;gamma_3_12;gamma_16_8;gamma_3_2;gamma_4_8;theta_17_11;gamma_7_3;beta_14_3;theta_18_12;gamma_12_8;theta_17_12;gamma_6_9;beta_4_3;gamma_3_10;theta_18_17;gamma_4_12;beta_7_3;gamma_8_7;gamma_10_1;beta_17_12;alpha_12_7;beta_3_2;alpha_18_12;gamma_2_13;theta_17_6;gamma_8_16;gamma_9_4;gamma_4_14;gamma_10_9;gamma_1_4;theta_17_10;gamma_2_12;gamma_8_11;delta_17_12;gamma_8_2;gamma_2_17;gamma_16_17;gamma_5_11;alpha_17_11;alpha_18_17;gamma_2_8;delta_16_11;gamma_6_2;gamma_4_10;beta_16_8;beta_4_12;delta_17_11;alpha_7_3;delta_18_12;beta_12_8;alpha_17_1;gamma_15_3;gamma_8_10;gamma_6_17;gamma_11_1;gamma_2_6;theta_17_15;beta_17_2;beta_18_12;alpha_3_2;gamma_3_9;gamma_6_3;alpha_17_7;gamma_17_12;beta_8_16;beta_6_2;gamma_6_10;beta_13_11;beta_9_4;gamma_14_3;gamma_5_7;gamma_1_13;delta_17_10;gamma_5_1;gamma_8_14;alpha_15_14
chb15,chb15_20,80,80,1277;890;1335;1394;1519;895;1281;305;1259;1486;1355;1268;606;971;1328;589;1141;1349;1351;1418;1385;1285;1316;587;611;588;1022;912;953;1252;1352;805;1357;1201;1363;1283;1494;1251;1344;884;1256;282;1287;571;716;283;979;1226;1247;1180;281;1218;1310;1317;894;1464;647;1301;300;917;1112;1235;1377;1324;1087;1270;592;1191;1046;1311;1265;1443;583;1266;1057;1245;962;1447;863;584,gamma_4_3;alpha_17_7;gamma_7_11;gamma_11_1;gamma_18_7;alpha_17_12;gamma_4_8;delta_18_17;gamma_3_2;gamma_16_8;gamma_8_14;gamma_3_12;theta_18_12;beta_4_3;gamma_7_3;theta_17_12;beta_14_3;gamma_8_7;gamma_8_10;gamma_12_8;gamma_10_9;gamma_4_12;gamma_6_9;theta_17_10;theta_18_17;theta_17_11;beta_7_3;alpha_18_12;beta_3_2;gamma_2_13;gamma_8_11;alpha_12_7;gamma_8_16;beta_17_12;gamma_9_4;gamma_4_10;gamma_16_17;gamma_2_12;gamma_8_2;alpha_17_1;gamma_2_17;delta_17_11;gamma_4_14;theta_16_11;alpha_7_3;delta_17_12;beta_4_12;gamma_1_4;gamma_2_8;beta_16_8;delta_17_10;beta_18_12;gamma_6_2;gamma_6_10;alpha_17_11;gamma_15_3;alpha_3_2;gamma_5_11;delta_18_12;alpha_18_17;beta_12_8;gamma_1_13;gamma_10_1;gamma_6_17;beta_10_18;gamma_3_14;theta_17_15;beta_17_2;beta_8_11;gamma_6_3;gamma_3_9;gamma_13_17;theta_17_6;gamma_3_10;beta_9_4;gamma_2_6;beta_3_12;gamma_14_3;alpha_15_14;theta_17_7
chb15,chb15_22,80,80,1277;890;947;1385;1486;305;1268;895;1281;953;1349;1418;606;589;971;1265;1328;1285;588;912;1363;1377;1351;611;1259;1201;1022;805;587;1357;1352;283;1251;1287;282;1256;1301;1447;300;1226;884;1180;1344;979;1316;894;716;1283;1494;1252;1218;1087;1270;583;1112;863;1311;1394;1046;647;1467;917;1057;1317;1310;281;1196;1480;1235;981;585;1247;1464;1507;962;1519;584;1191;1248;1051,gamma_4_3;alpha_17_7;beta_2_14;gamma_10_9;gamma_16_8;delta_18_17;gamma_3_12;alpha_17_12;gamma_4_8;beta_3_2;gamma_8_7;gamma_12_8;theta_18_12;theta_17_12;beta_4_3;gamma_3_9;gamma_7_3;gamma_4_12;theta_17_11;alpha_18_12;gamma_9_4;gamma_10_1;gamma_8_10;theta_18_17;gamma_3_2;beta_17_12;beta_7_3;alpha_12_7;theta_17_10;gamma_8_16;gamma_8_11;delta_17_12;gamma_2_12;gamma_4_14;delta_17_11;gamma_2_17;gamma_5_11;gamma_14_3;delta_18_12;gamma_1_4;alpha_17_1;beta_16_8;gamma_8_2;beta_4_12;gamma_6_9;alpha_17_11;alpha_7_3;gamma_4_10;gamma_16_17;gamma_2_13;beta_18_12;beta_10_18;gamma_3_14;theta_17_6;beta_12_8;alpha_15_14;gamma_6_3;gamma_11_1;beta_8_11;alpha_3_2;gamma_15_6;alpha_18_17;beta_9_4;gamma_6_10;gamma_6_2;delta_17_10;beta_17_7;gamma_16_2;gamma_1_13;beta_4_14;theta_17_8;gamma_2_8;gamma_15_3;gamma_17_12;beta_3_12;gamma_18_7;theta_17_7;beta_17_2;gamma_2_9;beta_8_16
chb15,chb15_26,80,80,1277;1363;1132;611;592;1268;895;1281;433;1486;1259;1344;588;1349;1252;1328;589;1316;971;1377;1418;606;305;1285;805;1022;587;1385;912;953;1201;1352;1357;1073;1287;1301;1256;282;1251;917;884;1226;1283;283;1310;979;1112;1494;1351;890;716;894;1247;300;1464;1265;1180;647;1324;1191;1245;281;1270;571;1394;1235;1218;1311;1051;583;1046;1317;1507;1467;1004;1447;584;1057;863;1443,gamma_4_3;gamma_9_4;beta_13_11;theta_18_17;theta_17_15;gamma_3_12;alpha_17_12;gamma_4_8;theta_8_10;gamma_16_8;gamma_3_2;gamma_8_2;theta_17_11;gamma_8_7;gamma_2_13;gamma_7_3;theta_17_12;gamma_6_9;beta_4_3;gamma_10_1;gamma_12_8;theta_18_12;delta_18_17;gamma_4_12;alpha_12_7;beta_7_3;theta_17_10;gamma_10_9;alpha_18_12;beta_3_2;beta_17_12;gamma_8_11;gamma_8_16;beta_10_3;gamma_4_14;gamma_5_11;gamma_2_17;delta_17_11;gamma_2_12;alpha_18_17;alpha_17_1;gamma_1_4;gamma_4_10;delta_17_12;gamma_6_2;beta_4_12;beta_12_8;gamma_16_17;gamma_8_10;alpha_17_7;alpha_7_3;alpha_17_11;gamma_2_8;delta_18_12;gamma_15_3;gamma_3_9;beta_16_8;alpha_3_2;gamma_6_17;beta_17_2;gamma_2_6;delta_17_10;gamma_3_14;theta_16_11;gamma_11_1;gamma_1_13;beta_18_12;gamma_6_3;beta_8_16;theta_17_6;beta_8_11;gamma_6_10;gamma_17_12;gamma_15_6;beta_6_2;gamma_14_3;theta_17_7;beta_9_4;alpha_15_14;gamma_13_17
chb15,chb15_28,60,60,1277;1363;1105;305;895;1486;499;1281;1259;1051;588;1316;1328;606;589;1256;1022;1285;884;1351;611;1352;912;1251;971;1418;587;953;282;1379;1349;1287;1201;1235;1494;1247;283;1310;716;1283;979;592;300;1357;1191;890;1112;894;1467;1301;1132;1311;1265;1385;1226;1180;1268;647;1236;1464,gamma_4_3;gamma_9_4;beta_12_1;delta_18_17;alpha_17_12;gamma_16_8;theta_12_7;gamma_4_8;gamma_3_2;beta_8_16;theta_17_11;gamma_6_9;gamma_7_3;theta_18_12;theta_17_12;gamma_2_17;beta_7_3;gamma_4_12;alpha_17_1;gamma_8_10;theta_18_17;gamma_8_11;alpha_18_12;gamma_2_12;beta_4_3;gamma_12_8;theta_17_10;beta_3_2;delta_17_11;gamma_10_3;gamma_8_7;gamma_4_14;beta_17_12;gamma_1_13;gamma_16_17;gamma_2_8;delta_17_12;gamma_6_2;alpha_7_3;gamma_4_10;beta_4_12;theta_17_15;delta_18_12;gamma_8_16;beta_17_2;alpha_17_7;beta_12_8;alpha_17_11;gamma_15_6;gamma_5_11;beta_13_11;gamma_6_3;gamma_3_9;gamma_10_9;gamma_1_4;beta_16_8;gamma_3_12;alpha_3_2;gamma_1_14;gamma_15_3
chb15,chb15_29,80,80,1277;1363;1145;305;895;1281;1268;953;1486;588;1235;1349;1328;1266;606;1316;589;971;1418;1285;611;1259;1377;587;1357;912;1287;1352;1385;1022;1201;1379;1251;282;1301;1256;1189;1344;884;1351;890;1494;283;1226;979;716;894;1283;1112;1252;917;300;1310;592;1464;1132;583;647;1394;1270;1247;1180;281;1051;1311;1507;1046;1191;1218;1317;1443;1324;1480;805;1355;584;1057;1265;1245;1297,gamma_4_3;gamma_9_4;beta_14_7;delta_18_17;alpha_17_12;gamma_4_8;gamma_3_12;beta_3_2;gamma_16_8;theta_17_11;gamma_1_13;gamma_8_7;gamma_7_3;gamma_3_10;theta_18_12;gamma_6_9;theta_17_12;beta_4_3;gamma_12_8;gamma_4_12;theta_18_17;gamma_3_2;gamma_10_1;theta_17_10;gamma_8_16;alpha_18_12;gamma_4_14;gamma_8_11;gamma_10_9;beta_7_3;beta_17_12;gamma_10_3;gamma_2_12;delta_17_11;gamma_5_11;gamma_2_17;beta_16_18;gamma_8_2;alpha_17_1;gamma_8_10;alpha_17_7;gamma_16_17;delta_17_12;gamma_1_4;beta_4_12;alpha_7_3;alpha_17_11;gamma_4_10;beta_12_8;gamma_2_13;alpha_18_17;delta_18_12;gamma_6_2;theta_17_15;gamma_15_3;beta_13_11;theta_17_6;alpha_3_2;gamma_11_1;gamma_3_14;gamma_2_8;beta_16_8;delta_17_10;beta_8_16;gamma_6_3;gamma_17_12;beta_8_11;beta_17_2;beta_18_12;gamma_6_10;gamma_13_17;gamma_6_17;gamma_16_2;alpha_12_7;gamma_8_14;theta_17_7;beta_9_4;gamma_3_9;gamma_2_6;gamma_5_7
chb15,chb15_30,80,80,1277;890;1087;1253;44;1259;1281;895;305;1486;1418;1349;1316;1283;589;971;1357;1328;606;1252;1285;588;1447;611;1022;912;1385;953;1363;587;1352;1377;1201;805;1251;1188;1301;1351;283;1344;1287;282;1256;1268;1226;300;1112;1191;592;716;884;571;917;894;1247;979;583;1464;1317;1235;1310;1180;1218;647;1051;1394;1057;1311;863;1265;1046;1494;281;1324;1132;1270;1519;1297;584;1480,gamma_4_3;alpha_17_7;beta_10_18;gamma_2_14;delta_3_12;gamma_3_2;gamma_4_8;alpha_17_12;delta_18_17;gamma_16_8;gamma_12_8;gamma_8_7;gamma_6_9;gamma_4_10;theta_17_12;beta_4_3;gamma_8_16;gamma_7_3;theta_18_12;gamma_2_13;gamma_4_12;theta_17_11;gamma_14_3;theta_18_17;beta_7_3;alpha_18_12;gamma_10_9;beta_3_2;gamma_9_4;theta_17_10;gamma_8_11;gamma_10_1;beta_17_12;alpha_12_7;gamma_2_12;beta_16_17;gamma_5_11;gamma_8_10;delta_17_12;gamma_8_2;gamma_4_14;delta_17_11;gamma_2_17;gamma_3_12;gamma_1_4;delta_18_12;beta_12_8;beta_17_2;theta_17_15;alpha_7_3;alpha_17_1;theta_16_11;alpha_18_17;alpha_17_11;gamma_2_8;beta_4_12;theta_17_6;gamma_15_3;gamma_6_10;gamma_1_13;gamma_6_2;beta_16_8;beta_18_12;alpha_3_2;beta_8_16;gamma_11_1;beta_9_4;gamma_6_3;alpha_15_14;gamma_3_9;beta_8_11;gamma_16_17;delta_17_10;gamma_6_17;beta_13_11;gamma_3_14;gamma_18_7;gamma_5_7;theta_17_7;gamma_16_2
chb15,chb15_31,100,100,1277;1046;305;265;895;1268;1486;1259;1073;588;1344;1316;606;1328;587;1266;589;971;1281;1418;611;1349;1385;1285;805;1022;912;1252;953;1357;1201;1363;1287;282;1301;1377;283;1226;1251;884;1352;1324;1256;1283;1297;890;1464;281;917;1247;300;979;1443;894;647;1310;1317;716;1191;1112;592;1245;1128;1218;1311;1351;1265;1079;583;1132;1292;1447;1018;1394;1507;1494;1004;1270;1290;1353;1180;1038;1051;584;941;1461;1057;1235;1249;1490;1519;893;1467;1225;1355;585;939;1158;1196;991,gamma_4_3;beta_8_11;delta_18_17;delta_16_11;alpha_17_12;gamma_3_12;gamma_16_8;gamma_3_2;beta_10_3;theta_17_11;gamma_8_2;gamma_6_9;theta_18_12;gamma_7_3;theta_17_10;gamma_3_10;theta_17_12;beta_4_3;gamma_4_8;gamma_12_8;theta_18_17;gamma_8_7;gamma_10_9;gamma_4_12;alpha_12_7;beta_7_3;alpha_18_12;gamma_2_13;beta_3_2;gamma_8_16;beta_17_12;gamma_9_4;gamma_4_14;delta_17_11;gamma_5_11;gamma_10_1;delta_17_12;gamma_1_4;gamma_2_12;alpha_17_1;gamma_8_11;gamma_6_17;gamma_2_17;gamma_4_10;gamma_5_7;alpha_17_7;gamma_15_3;delta_17_10;alpha_18_17;gamma_2_8;delta_18_12;beta_4_12;gamma_13_17;alpha_17_11;alpha_3_2;gamma_6_2;gamma_6_10;alpha_7_3;beta_17_2;beta_12_8;theta_17_15;gamma_2_6;beta_13_7;beta_18_12;gamma_6_3;gamma_8_10;gamma_3_9;beta_10_9;theta_17_6;beta_13_11;gamma_5_1;gamma_14_3;beta_6_17;gamma_11_1;gamma_17_12;gamma_16_17;beta_6_2;gamma_3_14;gamma_4_17;gamma_8_12;beta_16_8;beta_8_2;beta_8_16;theta_17_7;beta_2_8;gamma_14_18;beta_9_4;gamma_1_13;gamma_2_10;gamma_16_12;gamma_18_7;alpha_17_10;gamma_15_6;gamma_1_3;gamma_8_14;theta_17_8;beta_2_6;beta_15_3;beta_17_7;beta_5_7
chb15,chb15_32,80,80,1277;977;884;305;1259;895;1281;1073;1268;1486;1328;606;588;1316;1418;1285;971;589;611;1349;1377;587;1022;1357;912;1352;1252;953;1201;1189;1363;1287;282;1251;1385;1344;1351;283;1301;1494;1226;979;300;1464;1256;894;1247;917;1112;1191;571;583;716;1317;1310;281;1265;1180;890;805;1283;647;1507;1394;1235;1051;1311;863;1218;1046;1057;1337;592;1324;1132;1447;1443;1469;1004;1266,gamma_4_3;beta_4_10;alpha_17_1;delta_18_17;gamma_3_2;alpha_17_12;gamma_4_8;beta_10_3;gamma_3_12;gamma_16_8;gamma_7_3;theta_18_12;theta_17_11;gamma_6_9;gamma_12_8;gamma_4_12;beta_4_3;theta_17_12;theta_18_17;gamma_8_7;gamma_10_1;theta_17_10;beta_7_3;gamma_8_16;alpha_18_12;gamma_8_11;gamma_2_13;beta_3_2;beta_17_12;beta_16_18;gamma_9_4;gamma_4_14;delta_17_11;gamma_2_12;gamma_10_9;gamma_8_2;gamma_8_10;delta_17_12;gamma_5_11;gamma_16_17;gamma_1_4;beta_4_12;delta_18_12;gamma_15_3;gamma_2_17;alpha_17_11;gamma_2_8;alpha_18_17;beta_12_8;beta_17_2;theta_16_11;theta_17_6;alpha_7_3;gamma_6_10;gamma_6_2;delta_17_10;gamma_3_9;beta_16_8;alpha_17_7;alpha_12_7;gamma_4_10;alpha_3_2;gamma_17_12;gamma_11_1;gamma_1_13;beta_8_16;gamma_6_3;alpha_15_14;beta_18_12;beta_8_11;beta_9_4;gamma_7_13;theta_17_15;gamma_6_17;beta_13_11;gamma_14_3;gamma_13_17;gamma_15_8;beta_6_2;gamma_3_10
chb15,chb15_33,80,80,1277;611;839;1259;578;895;1281;1486;1268;1010;588;1418;606;1351;971;589;1328;1379;1349;587;305;1285;1287;953;1357;1377;912;1235;1022;1385;1201;1363;1495;1352;282;1251;283;1344;1494;1256;1301;1283;1464;300;592;1112;894;1226;979;890;1252;716;1132;917;281;1310;647;1394;1247;1180;1317;884;1270;1191;1218;1324;1051;1447;1316;1311;583;1519;1297;1046;1507;1057;981;1443;584;1004,gamma_4_3;theta_18_17;alpha_14_7;gamma_3_2;theta_17_1;alpha_17_12;gamma_4_8;gamma_16_8;gamma_3_12;beta_6_9;theta_17_11;gamma_12_8;theta_18_12;gamma_8_10;beta_4_3;theta_17_12;gamma_7_3;gamma_10_3;gamma_8_7;theta_17_10;delta_18_17;gamma_4_12;gamma_4_14;beta_3_2;gamma_8_16;gamma_10_1;alpha_18_12;gamma_1_13;beta_7_3;gamma_10_9;beta_17_12;gamma_9_4;gamma_16_18;gamma_8_11;delta_17_11;gamma_2_12;delta_17_12;gamma_8_2;gamma_16_17;gamma_2_17;gamma_5_11;gamma_4_10;gamma_15_3;delta_18_12;theta_17_15;beta_12_8;alpha_17_11;gamma_1_4;beta_4_12;alpha_17_7;gamma_2_13;alpha_7_3;beta_13_11;alpha_18_17;delta_17_10;gamma_6_2;alpha_3_2;gamma_11_1;gamma_2_8;beta_16_8;gamma_6_10;alpha_17_1;gamma_3_14;beta_17_2;beta_18_12;gamma_6_17;beta_8_16;gamma_14_3;gamma_6_9;gamma_6_3;theta_17_6;gamma_18_7;gamma_5_7;beta_8_11;gamma_17_12;beta_9_4;beta_4_14;gamma_13_17;theta_17_7;beta_6_2
chb15,chb15_35,80,80,1277;1047;1320;197;895;305;1281;1259;1486;1051;589;1418;971;606;1351;1328;587;1349;588;611;1379;1287;1285;953;912;1022;884;1251;1363;1377;1201;1495;1344;1352;1265;283;1385;1283;1268;890;1256;805;1226;894;1180;1494;1301;1316;300;716;1235;583;1112;1357;979;917;1191;282;1310;1317;592;1247;647;1464;281;1218;1324;1252;1270;1394;1311;1507;1057;584;1046;1266;1132;1443;1297;1519,gamma_4_3;beta_8_12;gamma_6_13;delta_12_11;alpha_17_12;delta_18_17;gamma_4_8;gamma_3_2;gamma_16_8;beta_8_16;theta_17_12;gamma_12_8;beta_4_3;theta_18_12;gamma_8_10;gamma_7_3;theta_17_10;gamma_8_7;theta_17_11;theta_18_17;gamma_10_3;gamma_4_14;gamma_4_12;beta_3_2;alpha_18_12;beta_7_3;alpha_17_1;gamma_2_12;gamma_9_4;gamma_10_1;beta_17_12;gamma_16_18;gamma_8_2;gamma_8_11;gamma_3_9;delta_17_12;gamma_10_9;gamma_4_10;gamma_3_12;alpha_17_7;gamma_2_17;alpha_12_7;gamma_1_4;alpha_17_11;beta_16_8;gamma_16_17;gamma_5_11;gamma_6_9;delta_18_12;alpha_7_3;gamma_1_13;theta_17_6;beta_12_8;gamma_8_16;beta_4_12;alpha_18_17;beta_17_2;delta_17_11;gamma_6_2;gamma_6_10;theta_17_15;gamma_2_8;alpha_3_2;gamma_15_3;delta_17_10;beta_18_12;gamma_6_17;gamma_2_13;gamma_3_14;gamma_11_1;gamma_6_3;gamma_17_12;beta_9_4;theta_17_7;beta_8_11;gamma_3_10;beta_13_11;gamma_13_17;gamma_5_7;gamma_18_7
chb15,chb15_37,80,80,1277;1259;884;611;839;895;1281;1051;1486;1351;1418;588;1377;606;1328;1285;589;1349;971;1316;305;1287;953;587;1268;912;1022;1252;1385;1363;1201;1447;1352;1301;1256;282;1251;1344;571;283;1283;1226;894;979;1464;1112;592;917;716;1494;300;1235;1317;1357;1310;1180;1394;647;890;1191;1247;281;1270;1218;1324;1495;1311;1132;1265;1297;1046;1266;1057;1507;863;1519;1443;1245;1320;981,gamma_4_3;gamma_3_2;alpha_17_1;theta_18_17;alpha_14_7;alpha_17_12;gamma_4_8;beta_8_16;gamma_16_8;gamma_8_10;gamma_12_8;theta_17_11;gamma_10_1;theta_18_12;gamma_7_3;gamma_4_12;theta_17_12;gamma_8_7;beta_4_3;gamma_6_9;delta_18_17;gamma_4_14;beta_3_2;theta_17_10;gamma_3_12;alpha_18_12;beta_7_3;gamma_2_13;gamma_10_9;gamma_9_4;beta_17_12;gamma_14_3;gamma_8_11;gamma_5_11;gamma_2_17;delta_17_11;gamma_2_12;gamma_8_2;theta_16_11;delta_17_12;gamma_4_10;gamma_1_4;alpha_17_11;beta_4_12;gamma_15_3;beta_12_8;theta_17_15;alpha_18_17;alpha_7_3;gamma_16_17;delta_18_12;gamma_1_13;gamma_6_10;gamma_8_16;gamma_6_2;beta_16_8;gamma_11_1;alpha_3_2;alpha_17_7;beta_17_2;gamma_2_8;delta_17_10;gamma_3_14;beta_18_12;gamma_6_17;gamma_16_18;gamma_6_3;beta_13_11;gamma_3_9;gamma_5_7;beta_8_11;gamma_3_10;beta_9_4;gamma_17_12;alpha_15_14;gamma_18_7;gamma_13_17;gamma_2_6;gamma_6_13;beta_4_14
chb15,chb15_40,40,40,1277;1270;588;1495;305;1486;1259;1281;895;1344;1051;1328;1317;884;587;1418;589;611;1251;1022;1285;1071;1010;1352;971;583;1145;953;1201;1252;1385;1283;1226;863;1363;282;1256;1268;1447;1301,gamma_4_3;gamma_3_14;theta_17_11;gamma_16_18;delta_18_17;gamma_16_8;gamma_3_2;gamma_4_8;alpha_17_12;gamma_8_2;beta_8_16;gamma_7_3;gamma_6_10;alpha_17_1;theta_17_10;gamma_12_8;theta_17_12;theta_18_17;gamma_2_12;beta_7_3;gamma_4_12;beta_10_1;beta_6_9;gamma_8_11;beta_4_3;theta_17_6;beta_14_7;beta_3_2;beta_17_12;gamma_2_13;gamma_10_9;gamma_4_10;gamma_1_4;alpha_15_14;gamma_9_4;delta_17_11;gamma_2_17;gamma_3_12;gamma_14_3;gamma_5_11
chb15,chb15_45,80,80,1277;1057;885;305;895;1268;1281;953;1394;1486;1328;912;589;1283;1418;587;1349;1285;1022;1316;1385;588;971;1252;1259;611;606;1201;1352;1141;1256;1357;1301;1287;571;1310;283;1251;884;1317;1226;592;716;1495;282;1363;1344;979;1265;890;1112;1218;1494;1377;1247;281;894;1351;1145;1245;300;917;1297;647;1270;1464;1235;1507;1311;1469;1324;1132;1004;1355;1046;1443;584;1249;1519;1180,gamma_4_3;beta_9_4;alpha_17_2;delta_18_17;alpha_17_12;gamma_3_12;gamma_4_8;beta_3_2;gamma_11_1;gamma_16_8;gamma_7_3;alpha_18_12;theta_17_12;gamma_4_10;gamma_12_8;theta_17_10;gamma_8_7;gamma_4_12;beta_7_3;gamma_6_9;gamma_10_9;theta_17_11;beta_4_3;gamma_2_13;gamma_3_2;theta_18_17;theta_18_12;beta_17_12;gamma_8_11;beta_14_3;gamma_2_17;gamma_8_16;gamma_5_11;gamma_4_14;theta_16_11;gamma_6_2;delta_17_12;gamma_2_12;alpha_17_1;gamma_6_10;gamma_1_4;theta_17_15;alpha_7_3;gamma_16_18;delta_17_11;gamma_9_4;gamma_8_2;beta_4_12;gamma_3_9;alpha_17_7;beta_12_8;beta_18_12;gamma_16_17;gamma_10_1;gamma_2_8;delta_17_10;alpha_17_11;gamma_8_10;beta_14_7;gamma_2_6;delta_18_12;alpha_18_17;gamma_5_7;alpha_3_2;gamma_3_14;gamma_15_3;gamma_1_13;gamma_17_12;gamma_6_3;gamma_15_8;gamma_6_17;beta_13_11;beta_6_2;gamma_8_14;beta_8_11;gamma_13_17;theta_17_7;gamma_2_10;gamma_18_7;beta_16_8
chb15,chb15_46,100,100,1277;1046;583;1412;895;611;1268;1486;1259;1281;1071;1328;1349;1285;912;971;1351;1418;1252;1189;1287;305;953;588;1022;1316;1447;606;1357;587;1363;1201;1385;1256;1344;1251;1494;1226;1283;805;589;1301;1352;979;716;1464;592;1265;1112;1191;1247;1132;1310;1317;1416;300;917;647;1235;1377;1469;1443;1057;1311;1270;281;1324;1218;1051;1266;1297;1180;1245;894;1495;863;1394;1457;1507;981;1519;276;1158;1004;1111;962;571;1225;1010;1355;585;1315;1188;914;1249;1292;920;288;1411;410,gamma_4_3;beta_8_11;theta_17_6;gamma_12_2;alpha_17_12;theta_18_17;gamma_3_12;gamma_16_8;gamma_3_2;gamma_4_8;beta_10_1;gamma_7_3;gamma_8_7;gamma_4_12;alpha_18_12;beta_4_3;gamma_8_10;gamma_12_8;gamma_2_13;beta_16_18;gamma_4_14;delta_18_17;beta_3_2;theta_17_11;beta_7_3;gamma_6_9;gamma_14_3;theta_18_12;gamma_8_16;theta_17_10;gamma_9_4;beta_17_12;gamma_10_9;gamma_2_17;gamma_8_2;gamma_2_12;gamma_16_17;gamma_1_4;gamma_4_10;alpha_12_7;theta_17_12;gamma_5_11;gamma_8_11;beta_4_12;alpha_7_3;gamma_15_3;theta_17_15;gamma_3_9;beta_12_8;beta_17_2;gamma_2_8;beta_13_11;gamma_6_2;gamma_6_10;gamma_12_6;delta_18_12;alpha_18_17;alpha_3_2;gamma_1_13;gamma_10_1;gamma_15_8;gamma_13_17;beta_9_4;gamma_6_3;gamma_3_14;delta_17_10;gamma_6_17;beta_18_12;beta_8_16;gamma_3_10;gamma_5_7;beta_16_8;gamma_2_6;alpha_17_11;gamma_16_18;alpha_15_14;gamma_11_1;gamma_14_13;gamma_17_12;beta_4_14;gamma_18_7;delta_17_5;beta_15_3;beta_6_2;beta_12_7;beta_3_12;theta_16_11;gamma_1_3;beta_6_9;gamma_8_14;theta_17_8;gamma_6_8;beta_16_17;alpha_18_14;gamma_2_10;gamma_5_1;beta_1_4;delta_17_18;gamma_12_1;theta_7_3
chb15,chb15_49,100,100,1277;1259;578;611;1394;895;1268;1486;1281;546;1418;588;1349;1351;589;971;1328;606;1316;1252;305;1285;1079;953;912;1022;1287;1189;1201;1357;1363;587;1256;283;1301;1352;1251;894;1344;1283;1188;1112;300;282;1226;1447;1519;571;1180;979;917;1247;1265;584;1310;716;1317;805;1218;592;1464;884;647;1191;1235;1270;1385;1324;1297;890;1507;1377;1051;1046;1311;1266;1443;281;1057;1132;981;962;1245;1480;1292;1004;1355;1158;1337;1225;1494;945;278;1411;1469;585;1213;265;1315;1145,gamma_4_3;gamma_3_2;theta_17_1;theta_18_17;gamma_11_1;alpha_17_12;gamma_3_12;gamma_16_8;gamma_4_8;theta_15_3;gamma_12_8;theta_17_11;gamma_8_7;gamma_8_10;theta_17_12;beta_4_3;gamma_7_3;theta_18_12;gamma_6_9;gamma_2_13;delta_18_17;gamma_4_12;beta_10_9;beta_3_2;alpha_18_12;beta_7_3;gamma_4_14;beta_16_18;beta_17_12;gamma_8_16;gamma_9_4;theta_17_10;gamma_2_17;delta_17_12;gamma_5_11;gamma_8_11;gamma_2_12;alpha_17_11;gamma_8_2;gamma_4_10;beta_16_17;beta_12_8;delta_18_12;delta_17_11;gamma_1_4;gamma_14_3;gamma_18_7;theta_16_11;beta_16_8;beta_4_12;alpha_18_17;gamma_2_8;gamma_3_9;theta_17_7;gamma_6_2;alpha_7_3;gamma_6_10;alpha_12_7;beta_18_12;theta_17_15;gamma_15_3;alpha_17_1;alpha_3_2;beta_17_2;gamma_1_13;gamma_3_14;gamma_10_9;gamma_6_17;gamma_5_7;alpha_17_7;gamma_17_12;gamma_10_1;beta_8_16;beta_8_11;gamma_6_3;gamma_3_10;gamma_13_17;delta_17_10;beta_9_4;beta_13_11;beta_4_14;beta_3_12;gamma_2_6;gamma_16_2;gamma_5_1;beta_6_2;gamma_8_14;beta_15_3;gamma_7_13;gamma_1_3;gamma_16_17;beta_2_12;delta_17_7;gamma_12_1;gamma_15_8;theta_17_8;beta_18_7;delta_16_11;gamma_6_8;beta_14_7
chb15,chb15_50,80,80,1277;890;571;740;305;895;1268;1486;1259;1281;1287;1418;606;587;1328;1316;1141;589;971;1285;1351;1349;611;1357;588;1022;1377;912;953;1385;1201;1256;1363;1235;1251;805;1344;884;1352;917;1301;283;1283;1226;894;1464;1495;716;1180;979;1310;300;1252;583;1112;282;1317;863;1270;1247;1494;592;647;1394;1311;1191;1245;1218;281;1297;1355;1265;1507;1324;1004;1051;1145;584;1266;1057,gamma_4_3;alpha_17_7;theta_16_11;alpha_8_11;delta_18_17;alpha_17_12;gamma_3_12;gamma_16_8;gamma_3_2;gamma_4_8;gamma_4_14;gamma_12_8;theta_18_12;theta_17_10;gamma_7_3;gamma_6_9;beta_14_3;theta_17_12;beta_4_3;gamma_4_12;gamma_8_10;gamma_8_7;theta_18_17;gamma_8_16;theta_17_11;beta_7_3;gamma_10_1;alpha_18_12;beta_3_2;gamma_10_9;beta_17_12;gamma_2_17;gamma_9_4;gamma_1_13;gamma_2_12;alpha_12_7;gamma_8_2;alpha_17_1;gamma_8_11;alpha_18_17;gamma_5_11;delta_17_12;gamma_4_10;gamma_1_4;alpha_17_11;gamma_15_3;gamma_16_18;alpha_7_3;beta_16_8;beta_4_12;gamma_6_2;delta_18_12;gamma_2_13;theta_17_6;beta_12_8;delta_17_11;gamma_6_10;alpha_15_14;gamma_3_14;gamma_2_8;gamma_16_17;theta_17_15;alpha_3_2;gamma_11_1;gamma_6_3;beta_17_2;gamma_2_6;beta_18_12;delta_17_10;gamma_5_7;gamma_8_14;gamma_3_9;gamma_17_12;gamma_6_17;beta_6_2;beta_8_16;beta_14_7;theta_17_7;gamma_3_10;beta_9_4
chb15,chb15_51,80,80,1277;305;1358;839;895;1268;1486;1259;1281;1283;588;1418;1316;971;589;1328;611;1349;1285;1079;912;1301;1447;953;1022;587;606;1357;1352;1201;1377;1287;1363;1252;1495;282;1351;1344;917;1251;283;1226;1494;716;894;1112;979;890;1310;1256;1180;281;1464;647;1317;300;1046;1337;1311;583;1247;1355;1218;1519;884;1385;1394;1245;1265;1132;592;1324;1270;1507;863;1057;1266;1051;1191;1235,gamma_4_3;delta_18_17;gamma_8_17;alpha_14_7;alpha_17_12;gamma_3_12;gamma_16_8;gamma_3_2;gamma_4_8;gamma_4_10;theta_17_11;gamma_12_8;gamma_6_9;beta_4_3;theta_17_12;gamma_7_3;theta_18_17;gamma_8_7;gamma_4_12;beta_10_9;alpha_18_12;gamma_5_11;gamma_14_3;beta_3_2;beta_7_3;theta_17_10;theta_18_12;gamma_8_16;gamma_8_11;beta_17_12;gamma_10_1;gamma_4_14;gamma_9_4;gamma_2_13;gamma_16_18;delta_17_11;gamma_8_10;gamma_8_2;alpha_18_17;gamma_2_12;delta_17_12;gamma_1_4;gamma_16_17;alpha_7_3;alpha_17_11;beta_12_8;beta_4_12;alpha_17_7;gamma_6_2;gamma_2_17;beta_16_8;delta_17_10;gamma_15_3;alpha_3_2;gamma_6_10;delta_18_12;beta_8_11;gamma_7_13;gamma_6_3;theta_17_6;gamma_2_8;gamma_8_14;beta_18_12;gamma_18_7;alpha_17_1;gamma_10_9;gamma_11_1;gamma_2_6;gamma_3_9;beta_13_11;theta_17_15;gamma_6_17;gamma_3_14;gamma_17_12;alpha_15_14;beta_9_4;gamma_3_10;beta_8_16;beta_17_2;gamma_1_13
chb15,chb15_52,100,100,1277;1352;1140;587;912;1486;1268;611;895;1281;1259;1328;1377;589;971;1249;1418;1349;588;1316;1285;1022;606;305;1495;1287;953;1201;1301;1073;1251;884;1256;1363;1344;283;1494;890;1351;1357;1252;716;894;1112;917;592;1283;979;1226;282;1145;300;1385;1464;1247;1132;1310;1180;1218;1394;1311;1337;647;1191;1046;584;1265;981;1324;1507;1519;1266;1443;281;1051;1004;1245;914;1270;1196;1235;805;1447;1297;1317;410;1057;571;1457;962;1188;1292;585;1225;1355;1411;1079;1353;1467;1315,gamma_4_3;gamma_8_11;beta_14_2;theta_17_10;alpha_18_12;gamma_16_8;gamma_3_12;theta_18_17;alpha_17_12;gamma_4_8;gamma_3_2;gamma_7_3;gamma_10_1;theta_17_12;beta_4_3;gamma_2_10;gamma_12_8;gamma_8_7;theta_17_11;gamma_6_9;gamma_4_12;beta_7_3;theta_18_12;delta_18_17;gamma_16_18;gamma_4_14;beta_3_2;beta_17_12;gamma_5_11;beta_10_3;gamma_2_12;alpha_17_1;gamma_2_17;gamma_9_4;gamma_8_2;delta_17_12;gamma_16_17;alpha_17_7;gamma_8_10;gamma_8_16;gamma_2_13;alpha_7_3;alpha_17_11;beta_12_8;alpha_18_17;theta_17_15;gamma_4_10;beta_4_12;gamma_1_4;delta_17_11;beta_14_7;delta_18_12;gamma_10_9;gamma_15_3;gamma_2_8;beta_13_11;gamma_6_2;beta_16_8;beta_18_12;gamma_11_1;gamma_6_3;gamma_7_13;alpha_3_2;beta_17_2;beta_8_11;theta_17_7;gamma_3_9;beta_4_14;gamma_6_17;gamma_17_12;gamma_18_7;gamma_3_10;gamma_13_17;delta_17_10;beta_8_16;beta_6_2;gamma_2_6;alpha_18_14;gamma_3_14;beta_17_7;gamma_1_13;alpha_12_7;gamma_14_3;gamma_5_7;gamma_6_10;theta_7_3;beta_9_4;theta_16_11;gamma_14_13;beta_3_12;beta_16_17;gamma_5_1;theta_17_8;gamma_1_3;gamma_8_14;gamma_12_1;beta_10_9;gamma_8_12;gamma_15_6;gamma_6_8
chb15,chb15_54,100,100,1277;611;571;1268;1486;895;1281;1259;1377;606;1418;583;1283;589;1328;1349;305;839;912;1385;1357;1022;1320;1494;890;1285;953;1410;283;1351;1287;300;917;1201;1363;971;1196;1251;1352;1447;1324;588;1180;1252;1455;557;587;1256;1104;716;1218;1182;1226;894;979;1525;1310;647;877;1502;1101;1265;1394;1051;1018;1449;1149;1443;1344;584;969;1266;884;805;1225;1355;277;962;1464;1112;1402;1183;795;1191;1275;1469;1188;1004;981;1488;341;1245;1249;1311;1286;282;1381;20;1407;265,gamma_4_3;theta_18_17;theta_16_11;gamma_3_12;gamma_16_8;alpha_17_12;gamma_4_8;gamma_3_2;gamma_10_1;theta_18_12;gamma_12_8;theta_17_6;gamma_4_10;theta_17_12;gamma_7_3;gamma_8_7;delta_18_17;alpha_14_7;alpha_18_12;gamma_10_9;gamma_8_16;beta_7_3;gamma_6_13;gamma_16_17;alpha_17_7;gamma_4_12;beta_3_2;gamma_11_18;delta_17_12;gamma_8_10;gamma_4_14;delta_18_12;alpha_18_17;beta_17_12;gamma_9_4;beta_4_3;beta_17_7;gamma_2_12;gamma_8_11;gamma_14_3;gamma_6_17;theta_17_11;beta_16_8;gamma_2_13;gamma_14_11;theta_15_14;theta_17_10;gamma_2_17;beta_11_18;alpha_7_3;beta_18_12;beta_16_10;gamma_1_4;alpha_17_11;beta_4_12;gamma_18_13;gamma_6_2;alpha_3_2;alpha_16_11;gamma_17_7;beta_11_15;gamma_3_9;gamma_11_1;beta_8_16;beta_6_17;gamma_14_5;beta_14_11;gamma_13_17;gamma_8_2;theta_17_7;beta_4_1;gamma_3_10;alpha_17_1;alpha_12_7;gamma_1_3;gamma_8_14;delta_17_6;beta_3_12;gamma_15_3;beta_12_8;gamma_11_9;beta_16_11;alpha_11_15;beta_17_2;gamma_4_1;gamma_15_8;beta_16_17;beta_6_2;beta_4_14;gamma_16_10;theta_3_2;gamma_2_6;gamma_2_10;gamma_6_3;gamma_4_13;delta_17_11;gamma_10_5;delta_2_5;gamma_11_15;delta_16_11
chb15,chb15_61,80,80,1277;962;305;895;788;1486;1259;1281;1287;588;1418;1316;606;1328;589;1189;1349;611;971;1351;587;1285;912;1352;1357;1022;1385;1201;1377;953;1301;1252;1363;1141;890;1283;282;1251;1344;1256;283;863;1226;917;300;1180;1310;979;894;1464;571;1247;884;716;1236;1494;281;1112;1218;1268;1046;584;1265;1324;1317;1394;1191;1311;1507;805;647;981;1519;1297;1235;1132;1292;1057;1467;1245,gamma_4_3;beta_3_12;delta_18_17;alpha_17_12;alpha_11_7;gamma_16_8;gamma_3_2;gamma_4_8;gamma_4_14;theta_17_11;gamma_12_8;gamma_6_9;theta_18_12;gamma_7_3;theta_17_12;beta_16_18;gamma_8_7;theta_18_17;beta_4_3;gamma_8_10;theta_17_10;gamma_4_12;alpha_18_12;gamma_8_11;gamma_8_16;beta_7_3;gamma_10_9;beta_17_12;gamma_10_1;beta_3_2;gamma_5_11;gamma_2_13;gamma_9_4;beta_14_3;alpha_17_7;gamma_4_10;delta_17_11;gamma_2_12;gamma_8_2;gamma_2_17;delta_17_12;alpha_15_14;gamma_1_4;alpha_18_17;delta_18_12;beta_16_8;gamma_6_2;beta_4_12;alpha_17_11;gamma_15_3;theta_16_11;gamma_2_8;alpha_17_1;alpha_7_3;gamma_1_14;gamma_16_17;delta_17_10;beta_12_8;beta_18_12;gamma_3_12;beta_8_11;theta_17_7;gamma_3_9;gamma_6_17;gamma_6_10;gamma_11_1;beta_17_2;gamma_6_3;gamma_17_12;alpha_12_7;alpha_3_2;beta_4_14;gamma_18_7;gamma_5_7;gamma_1_13;beta_13_11;gamma_5_1;beta_9_4;gamma_15_6;gamma_2_6
chb15,chb15_62,100,100,1277;1352;998;895;1268;305;1073;1281;1259;588;1418;1377;971;1252;589;1495;1349;1328;1316;1285;611;606;1351;1486;587;1022;282;953;1357;1287;1201;1494;912;1363;1301;1251;1344;894;1145;1079;1317;1482;1112;1394;917;283;1311;1256;592;979;1464;265;1235;1283;300;1310;1046;716;1337;281;1469;1226;647;1270;1265;1324;584;1480;1057;884;1051;1385;1507;981;1188;1447;1247;1191;1245;1266;1088;1132;1297;1355;1004;1467;995;1018;945;1411;1218;1457;890;1292;1087;1249;1353;1320;1225;1455,gamma_4_3;gamma_8_11;beta_5_14;alpha_17_12;gamma_3_12;delta_18_17;beta_10_3;gamma_4_8;gamma_3_2;theta_17_11;gamma_12_8;gamma_10_1;beta_4_3;gamma_2_13;theta_17_12;gamma_16_18;gamma_8_7;gamma_7_3;gamma_6_9;gamma_4_12;theta_18_17;theta_18_12;gamma_8_10;gamma_16_8;theta_17_10;beta_7_3;delta_17_11;beta_3_2;gamma_8_16;gamma_4_14;beta_17_12;gamma_16_17;alpha_18_12;gamma_9_4;gamma_5_11;gamma_2_12;gamma_8_2;alpha_17_11;beta_14_7;beta_10_9;gamma_6_10;gamma_16_4;beta_12_8;gamma_11_1;alpha_18_17;delta_17_12;gamma_6_3;gamma_2_17;theta_17_15;beta_4_12;gamma_15_3;delta_16_11;gamma_1_13;gamma_4_10;delta_18_12;gamma_6_2;beta_8_11;alpha_7_3;gamma_7_13;delta_17_10;gamma_15_8;gamma_1_4;alpha_3_2;gamma_3_14;gamma_3_9;gamma_6_17;theta_17_7;gamma_16_2;beta_9_4;alpha_17_1;beta_8_16;gamma_10_9;gamma_17_12;beta_4_14;beta_16_17;gamma_14_3;gamma_2_8;beta_17_2;gamma_2_6;gamma_3_10;beta_11_1;beta_13_11;gamma_5_7;gamma_8_14;beta_6_2;gamma_15_6;beta_5_11;beta_6_17;beta_2_12;gamma_12_1;beta_18_12;gamma_14_13;alpha_17_7;gamma_5_1;beta_10_18;gamma_2_10;gamma_8_12;gamma_6_13;gamma_1_3;gamma_14_11
chb15,chb15_63,80,80,1277;1352;587;1337;1486;1268;611;895;1281;953;1073;606;1328;589;971;1351;1418;1285;1349;305;588;1259;1377;1287;1022;912;1201;1484;1357;1385;1363;1251;1189;282;1344;1283;1316;884;1301;1494;1256;283;1226;716;1145;592;979;1252;1112;890;300;917;281;1310;1317;894;1464;571;1180;647;1247;1191;1046;1394;1311;1443;1355;1507;1324;277;1447;1235;1057;1266;1245;1218;1265;584;1292;1132,gamma_4_3;gamma_8_11;theta_17_10;gamma_7_13;gamma_16_8;gamma_3_12;theta_18_17;alpha_17_12;gamma_4_8;beta_3_2;beta_10_3;theta_18_12;gamma_7_3;theta_17_12;beta_4_3;gamma_8_10;gamma_12_8;gamma_4_12;gamma_8_7;delta_18_17;theta_17_11;gamma_3_2;gamma_10_1;gamma_4_14;beta_7_3;alpha_18_12;beta_17_12;gamma_16_6;gamma_8_16;gamma_10_9;gamma_9_4;gamma_2_12;beta_16_18;delta_17_11;gamma_8_2;gamma_4_10;gamma_6_9;alpha_17_1;gamma_5_11;gamma_16_17;gamma_2_17;delta_17_12;gamma_1_4;alpha_7_3;beta_14_7;theta_17_15;beta_4_12;gamma_2_13;beta_12_8;alpha_17_7;delta_18_12;alpha_18_17;delta_17_10;gamma_6_2;gamma_6_10;alpha_17_11;gamma_15_3;theta_16_11;beta_16_8;alpha_3_2;gamma_2_8;beta_17_2;beta_8_11;gamma_11_1;gamma_6_3;gamma_13_17;gamma_8_14;gamma_17_12;gamma_6_17;delta_17_6;gamma_14_3;gamma_1_13;beta_9_4;gamma_3_10;gamma_2_6;beta_18_12;gamma_3_9;theta_17_7;gamma_5_1;beta_13_11
chb16,chb16_01,60,60,1194;1424;666;80;520;1404;611;423;1281;1523;1452;422;1236;294;1333;1107;1516;893;1041;279;1506;1008;1387;250;295;1315;429;1356;1414;1407;1421;112;917;440;1337;451;1408;658;735;285;1190;1264;1418;1282;601;1348;1370;1007;176;596;1396;964;1217;729;757;1247;1187;412;1023;1484,beta_17_5;gamma_12_15;alpha_4_5;delta_5_14;theta_13_11;gamma_11_12;theta_18_17;theta_7_17;gamma_4_8;gamma_18_11;gamma_14_8;theta_7_16;gamma_1_14;delta_18_6;gamma_7_9;beta_12_3;gamma_18_4;alpha_17_10;beta_8_5;delta_17_8;gamma_17_11;beta_6_7;gamma_10_12;delta_15_13;delta_18_7;gamma_6_8;theta_8_5;gamma_8_15;gamma_12_4;gamma_11_15;gamma_12_11;delta_7_12;alpha_18_17;theta_8_17;gamma_7_13;theta_9_11;gamma_11_16;alpha_3_14;alpha_8_5;delta_17_14;beta_17_1;gamma_3_8;gamma_12_8;gamma_4_9;theta_18_7;gamma_8_6;gamma_9_12;beta_6_5;delta_11_7;theta_18_2;gamma_11_3;beta_3_14;beta_18_11;alpha_7_17;alpha_9_11;gamma_2_8;beta_16_15;theta_7_5;beta_7_4;gamma_16_6
chb16,chb16_02,60,60,1194;1347;695;116;1452;395;1015;1523;520;611;1281;1404;250;1107;294;1333;893;1516;1407;1506;735;279;1043;1356;63;1315;1414;601;1337;757;1370;112;718;917;1190;423;1041;1264;1418;1282;596;964;1408;176;1187;429;1387;451;1217;1362;1247;591;1007;1023;296;1490;687;289;1435;981,beta_17_5;gamma_8_5;alpha_5_17;delta_7_16;gamma_14_8;theta_6_5;beta_6_14;gamma_18_11;theta_13_11;theta_18_17;gamma_4_8;gamma_11_12;delta_15_13;beta_12_3;delta_18_6;gamma_7_9;alpha_17_10;gamma_18_4;gamma_11_15;gamma_17_11;alpha_8_5;delta_17_8;beta_8_7;gamma_8_15;delta_4_14;gamma_6_8;gamma_12_4;theta_18_7;gamma_7_13;alpha_9_11;gamma_9_12;delta_7_12;alpha_7_5;alpha_18_17;beta_17_1;theta_7_17;beta_8_5;gamma_3_8;gamma_12_8;gamma_4_9;theta_18_2;beta_3_14;gamma_11_16;delta_11_7;beta_16_15;theta_8_5;gamma_10_12;theta_9_11;beta_18_11;gamma_9_3;gamma_2_8;theta_17_14;beta_6_5;beta_7_4;delta_18_8;gamma_16_12;alpha_5_9;delta_18_1;gamma_13_8;beta_4_14
chb16,chb16_03,60,60,1194;1330;695;1115;546;395;1452;658;112;917;1281;1523;1404;267;294;1231;1356;893;1407;1506;735;451;1516;1362;1008;279;1321;1315;1387;423;1041;601;1482;1337;611;1190;422;1187;718;1418;675;1408;520;1264;1282;289;1370;429;1217;1348;440;296;964;757;1247;1007;1107;285;1435;1102,beta_17_5;gamma_7_5;alpha_5_17;beta_12_11;theta_15_3;theta_6_5;gamma_14_8;alpha_3_14;delta_7_12;alpha_18_17;gamma_4_8;gamma_18_11;gamma_11_12;delta_16_13;delta_18_6;gamma_1_9;gamma_8_15;alpha_17_10;gamma_11_15;gamma_17_11;alpha_8_5;theta_9_11;gamma_18_4;gamma_9_3;beta_6_7;delta_17_8;gamma_6_14;gamma_6_8;gamma_10_12;theta_7_17;beta_8_5;theta_18_7;gamma_16_4;gamma_7_13;theta_18_17;beta_17_1;theta_7_16;beta_16_15;alpha_7_5;gamma_12_8;alpha_4_14;gamma_11_16;theta_13_11;gamma_3_8;gamma_4_9;delta_18_1;gamma_9_12;theta_8_5;beta_18_11;gamma_8_6;theta_8_17;delta_18_8;beta_3_14;alpha_9_11;gamma_2_8;beta_6_5;beta_12_3;delta_17_14;gamma_13_8;beta_11_16
chb16,chb16_04,60,60,1194;1067;29;666;1452;877;1281;1506;423;1404;112;1236;917;295;1282;250;893;1107;1041;294;279;1516;1523;1356;1337;1264;735;1387;176;728;1043;1407;451;964;1482;611;429;1190;440;1408;591;1418;1315;296;1007;757;1370;658;1217;1396;412;1348;596;1247;1023;601;1333;729;418;1435,beta_17_5;beta_9_15;delta_2_14;alpha_4_5;gamma_14_8;alpha_16_11;gamma_4_8;gamma_17_11;theta_7_17;gamma_11_12;delta_7_12;gamma_1_14;alpha_18_17;delta_18_7;gamma_4_9;delta_15_13;alpha_17_10;beta_12_3;beta_8_5;delta_18_6;delta_17_8;gamma_18_4;gamma_18_11;gamma_8_15;gamma_7_13;gamma_3_8;alpha_8_5;gamma_10_12;delta_11_7;alpha_7_16;beta_8_7;gamma_11_15;theta_9_11;beta_3_14;gamma_16_4;theta_18_17;theta_8_5;beta_17_1;theta_8_17;gamma_11_16;theta_17_14;gamma_12_8;gamma_6_8;delta_18_8;beta_6_5;alpha_9_11;gamma_9_12;alpha_3_14;beta_18_11;gamma_11_3;theta_7_5;gamma_8_6;theta_18_2;gamma_2_8;beta_7_4;theta_18_7;gamma_7_9;alpha_7_17;theta_7_12;gamma_13_8
chb16,chb16_05,60,60,1194;1230;429;73;809;709;1418;1506;1333;1404;112;917;729;1107;294;1356;893;1407;250;1007;279;1516;1523;1281;1337;735;295;1370;1321;1482;451;1348;422;1190;423;1315;1041;611;369;1452;1187;1282;285;412;598;1408;1362;1217;1387;1264;1421;964;718;176;520;596;1008;1490;440;601,beta_17_5;gamma_1_8;theta_8_5;delta_5_7;alpha_12_11;alpha_6_14;gamma_12_8;gamma_17_11;gamma_7_9;gamma_11_12;delta_7_12;alpha_18_17;alpha_7_17;beta_12_3;delta_18_6;gamma_8_15;alpha_17_10;gamma_11_15;delta_15_13;beta_6_5;delta_17_8;gamma_18_4;gamma_18_11;gamma_4_8;gamma_7_13;alpha_8_5;delta_18_7;gamma_9_12;gamma_6_14;gamma_16_4;theta_9_11;gamma_8_6;theta_7_16;beta_17_1;theta_7_17;gamma_6_8;beta_8_5;theta_18_17;theta_4_14;gamma_14_8;beta_16_15;gamma_4_9;delta_17_14;theta_7_5;theta_18_4;gamma_11_16;gamma_9_3;beta_18_11;gamma_10_12;gamma_3_8;gamma_12_11;beta_3_14;alpha_7_5;delta_11_7;theta_13_11;theta_18_2;beta_6_7;gamma_16_12;theta_8_17;theta_18_7
chb16,chb16_06,60,60,1194;701;651;1452;99;809;1015;1281;1523;1333;294;1404;423;917;267;1107;893;1516;1041;1187;279;1506;1356;1414;1190;735;63;1358;1264;451;295;1337;1407;112;1484;1370;718;1236;611;285;1418;1282;440;1217;1315;757;429;1348;176;1396;964;1408;579;1007;1490;601;250;1247;1469;520,beta_17_5;alpha_6_5;alpha_3_7;gamma_14_8;delta_6_16;alpha_12_11;beta_6_14;gamma_4_8;gamma_18_11;gamma_7_9;delta_18_6;gamma_11_12;theta_7_17;alpha_18_17;delta_16_13;beta_12_3;alpha_17_10;gamma_18_4;beta_8_5;beta_16_15;delta_17_8;gamma_17_11;gamma_8_15;gamma_12_4;beta_17_1;alpha_8_5;delta_4_14;gamma_8_17;gamma_3_8;theta_9_11;delta_18_7;gamma_7_13;gamma_11_15;delta_7_12;gamma_16_6;gamma_9_12;alpha_7_5;gamma_1_14;theta_18_17;delta_17_14;gamma_12_8;gamma_4_9;theta_8_17;beta_18_11;gamma_6_8;alpha_9_11;theta_8_5;gamma_8_6;delta_11_7;gamma_11_3;beta_3_14;gamma_11_16;theta_17_2;beta_6_5;gamma_16_12;theta_18_7;delta_15_13;gamma_2_8;gamma_15_8;theta_13_11
chb16,chb16_07,60,60,1194;1408;326;692;1452;1523;809;1281;423;611;250;1248;1107;112;294;1356;1404;1041;601;1187;1506;1008;1516;893;1337;735;1414;279;964;1264;1190;214;917;1387;440;1407;1007;422;285;1418;1396;1282;412;1421;596;1247;658;1358;451;1490;1046;1313;1217;429;1321;176;1023;1435;1315;267,beta_17_5;gamma_11_16;theta_2_5;alpha_5_14;gamma_14_8;gamma_18_11;alpha_12_11;gamma_4_8;theta_7_17;theta_18_17;delta_15_13;gamma_2_9;beta_12_3;delta_7_12;delta_18_6;gamma_8_15;gamma_11_12;beta_8_5;theta_18_7;beta_16_15;gamma_17_11;beta_6_7;gamma_18_4;alpha_17_10;gamma_7_13;alpha_8_5;gamma_12_4;delta_17_8;beta_3_14;gamma_3_8;beta_17_1;delta_13_11;alpha_18_17;gamma_10_12;theta_8_17;gamma_11_15;beta_6_5;theta_7_16;delta_17_14;gamma_12_8;gamma_11_3;gamma_4_9;theta_7_5;gamma_12_11;theta_18_2;gamma_2_8;alpha_3_14;gamma_8_17;theta_9_11;gamma_16_12;beta_8_11;gamma_6_5;beta_18_11;theta_8_5;gamma_6_14;delta_11_7;beta_7_4;gamma_13_8;gamma_6_8;delta_16_13
chb16,chb16_08,60,60,1194;1230;666;482;29;1404;1523;1333;611;729;520;1321;250;294;1418;1430;112;893;1407;1007;1506;1516;1281;1190;1356;1008;279;735;1370;295;917;1337;1414;757;964;423;817;1041;422;1187;1452;1264;1107;687;598;1217;1282;429;1387;451;658;1408;1358;591;1421;1484;1247;601;1313;1435,beta_17_5;gamma_1_8;alpha_4_5;theta_11_7;delta_2_14;gamma_11_12;gamma_18_11;gamma_7_9;theta_18_17;alpha_7_17;theta_13_11;gamma_6_14;delta_15_13;delta_18_6;gamma_12_8;gamma_13_3;delta_7_12;alpha_17_10;gamma_11_15;beta_6_5;gamma_17_11;gamma_18_4;gamma_4_8;beta_17_1;gamma_8_15;beta_6_7;delta_17_8;alpha_8_5;gamma_9_12;delta_18_7;alpha_18_17;gamma_7_13;gamma_12_4;alpha_9_11;beta_3_14;theta_7_17;alpha_13_2;beta_8_5;theta_7_16;beta_16_15;gamma_14_8;gamma_3_8;beta_12_3;alpha_5_9;theta_18_4;beta_18_11;gamma_4_9;theta_8_5;gamma_10_12;theta_9_11;alpha_3_14;gamma_11_16;gamma_8_17;theta_17_14;gamma_12_11;gamma_16_6;gamma_2_8;theta_18_7;gamma_6_5;gamma_13_8
chb16,chb16_09,60,60,1194;701;957;709;1115;444;1418;1281;1506;423;1265;1404;294;917;267;1356;893;1187;1041;279;422;1481;1516;1523;451;1337;1414;735;1264;295;1236;1190;1358;1370;611;1407;429;112;352;296;1408;1282;1452;440;520;1247;1007;591;1217;1348;596;964;1387;412;1315;601;1484;757;1313;289,beta_17_5;alpha_6_5;beta_3_7;alpha_6_14;beta_12_11;theta_9_3;gamma_12_8;gamma_4_8;gamma_17_11;theta_7_17;gamma_3_9;gamma_11_12;delta_18_6;alpha_18_17;delta_16_13;gamma_8_15;alpha_17_10;beta_16_15;beta_8_5;delta_17_8;theta_7_16;gamma_16_3;gamma_18_4;gamma_18_11;theta_9_11;gamma_7_13;gamma_12_4;alpha_8_5;gamma_3_8;delta_18_7;gamma_1_14;beta_17_1;gamma_8_17;gamma_9_12;theta_18_17;gamma_11_15;theta_8_5;delta_7_12;theta_3_14;delta_18_8;gamma_11_16;gamma_4_9;gamma_14_8;theta_8_17;theta_13_11;gamma_2_8;beta_6_5;theta_17_14;beta_18_11;gamma_8_6;theta_18_2;beta_3_14;gamma_10_12;theta_7_5;gamma_6_8;theta_18_7;gamma_16_6;alpha_9_11;gamma_6_5;delta_18_1
chb16,chb16_10,20,20,1194;1424;512;46;1007;1367;611;337;1282;1281;423;1523;1404;1271;520;294;1349;1516;412;1362,beta_17_5;gamma_12_15;theta_13_3;delta_3_14;beta_6_5;gamma_9_8;theta_18_17;theta_2_16;gamma_4_9;gamma_4_8;theta_7_17;gamma_18_11;gamma_11_12;gamma_3_15;theta_13_11;delta_18_6;gamma_8_7;gamma_18_4;theta_7_5;gamma_9_3
chb16,chb16_11,80,80,1041;1115;291;1448;692;1506;294;1281;423;1404;1194;1333;556;1254;917;429;112;1107;1516;1418;1358;1407;735;214;1043;1283;1217;1264;296;1023;1408;1421;1007;893;1387;1;966;1452;1282;1046;295;492;611;718;964;1413;440;1348;1484;1315;1356;1187;596;412;451;1523;1490;250;1469;289;1316;646;1397;1024;1247;1266;658;73;1090;1220;1329;338;757;601;123;1414;1313;1271;1370;1290,beta_8_5;beta_12_11;delta_18_3;gamma_14_4;alpha_5_14;gamma_17_11;delta_18_6;gamma_4_8;theta_7_17;gamma_11_12;beta_17_5;gamma_7_9;theta_15_13;gamma_2_15;alpha_18_17;theta_8_5;delta_7_12;beta_12_3;gamma_18_4;gamma_12_8;gamma_8_17;gamma_11_15;alpha_8_5;delta_13_11;beta_8_7;gamma_4_10;beta_18_11;gamma_3_8;delta_18_8;beta_7_4;gamma_11_16;gamma_12_11;beta_6_5;alpha_17_10;gamma_10_12;delta_1_3;beta_3_16;gamma_14_8;gamma_4_9;beta_8_11;delta_18_7;theta_11_18;theta_18_17;alpha_7_5;beta_3_14;gamma_12_3;theta_8_17;gamma_8_6;gamma_16_6;gamma_6_8;gamma_8_15;beta_16_15;theta_18_2;theta_7_5;theta_9_11;gamma_18_11;gamma_16_12;delta_15_13;gamma_15_8;delta_18_1;gamma_6_9;alpha_3_1;gamma_11_4;beta_7_5;gamma_2_8;gamma_3_10;alpha_3_14;delta_5_7;beta_11_3;beta_18_14;gamma_7_4;theta_2_17;alpha_9_11;theta_18_7;delta_8_5;gamma_12_4;gamma_6_5;gamma_3_15;gamma_9_12;gamma_4_17
chb16,chb16_12,60,60,1194;1373;666;80;1418;453;1281;917;294;423;1248;1523;1107;520;1404;1321;112;1516;893;1007;279;1506;1190;1356;1482;1315;735;1421;1348;295;1337;611;964;440;1387;451;598;1187;429;422;1435;1264;1282;1217;1041;1407;591;1396;176;1008;1408;658;1358;596;1370;412;757;1247;601;267,beta_17_5;gamma_9_15;alpha_4_5;delta_5_14;gamma_12_8;theta_9_13;gamma_4_8;alpha_18_17;delta_18_6;theta_7_17;gamma_2_9;gamma_18_11;beta_12_3;theta_13_11;gamma_11_12;gamma_6_14;delta_7_12;gamma_18_4;alpha_17_10;beta_6_5;delta_17_8;gamma_17_11;beta_17_1;gamma_8_15;gamma_16_4;gamma_6_8;alpha_8_5;gamma_12_11;gamma_8_6;delta_18_7;gamma_7_13;theta_18_17;beta_3_14;theta_8_17;gamma_10_12;theta_9_11;theta_18_4;beta_16_15;theta_8_5;theta_7_16;gamma_13_8;gamma_3_8;gamma_4_9;beta_18_11;beta_8_5;gamma_11_15;theta_17_14;gamma_11_3;delta_11_7;beta_6_7;gamma_11_16;alpha_3_14;gamma_8_17;theta_18_2;gamma_9_12;theta_7_5;alpha_9_11;gamma_2_8;theta_18_7;delta_16_13
chb16,chb16_13,60,60,1194;735;12;924;809;1418;917;250;1523;1404;423;1333;279;1107;1356;294;422;893;1516;1187;1007;1506;1321;1190;295;1247;1370;412;1337;1407;1482;1358;451;112;658;611;1008;1041;1365;1217;1281;1452;440;1408;429;598;1282;601;1387;964;1379;520;591;718;1264;289;1348;1435;176;1023,beta_17_5;alpha_8_5;delta_1_14;beta_1_8;alpha_12_11;gamma_12_8;alpha_18_17;delta_15_13;gamma_18_11;gamma_11_12;theta_7_17;gamma_7_9;delta_17_8;beta_12_3;gamma_8_15;delta_18_6;theta_7_16;alpha_17_10;gamma_18_4;beta_16_15;beta_6_5;gamma_17_11;gamma_6_14;beta_17_1;delta_18_7;gamma_2_8;gamma_9_12;theta_7_5;gamma_7_13;gamma_11_15;gamma_16_4;gamma_8_17;theta_9_11;delta_7_12;alpha_3_14;theta_18_17;beta_6_7;beta_8_5;gamma_9_6;beta_18_11;gamma_4_8;gamma_14_8;theta_8_17;gamma_11_16;theta_8_5;theta_18_4;gamma_4_9;theta_18_7;gamma_10_12;beta_3_14;gamma_10_3;theta_13_11;theta_17_14;alpha_7_5;gamma_3_8;delta_18_1;gamma_8_6;gamma_13_8;delta_11_7;beta_7_4
chb16,chb16_14,20,20,860;123;294;337;1523;1358;1418;100;964;1313;1281;917;601;869;1404;1496;1043;893;1333;809,alpha_15_11;delta_8_5;delta_18_6;theta_2_16;gamma_18_11;gamma_8_17;gamma_12_8;delta_6_17;beta_3_14;gamma_6_5;gamma_4_8;alpha_18_17;theta_18_7;alpha_16_3;gamma_11_12;gamma_17_1;beta_8_7;alpha_17_10;gamma_7_9;alpha_12_11
chb16,chb16_15,60,60,1194;1152;632;80;1452;422;809;1281;917;556;423;1523;1404;1333;1321;294;1516;893;1107;1041;1506;279;1414;1337;1356;735;601;1264;1407;1358;451;1370;964;112;611;429;1408;1043;1418;1282;596;440;1007;1315;1217;757;1387;658;289;1396;1484;412;1348;591;1247;250;1187;295;1190;1490,beta_17_5;beta_14_15;alpha_2_5;delta_5_14;gamma_14_8;theta_7_16;alpha_12_11;gamma_4_8;alpha_18_17;theta_15_13;theta_7_17;gamma_18_11;gamma_11_12;gamma_7_9;gamma_6_14;delta_18_6;gamma_18_4;alpha_17_10;beta_12_3;beta_8_5;gamma_17_11;delta_17_8;gamma_12_4;gamma_7_13;gamma_8_15;alpha_8_5;theta_18_7;gamma_3_8;gamma_11_15;gamma_8_17;theta_9_11;gamma_9_12;beta_3_14;delta_7_12;theta_18_17;theta_8_5;gamma_11_16;beta_8_7;gamma_12_8;gamma_4_9;theta_18_2;theta_8_17;beta_6_5;gamma_6_8;beta_18_11;alpha_9_11;gamma_10_12;alpha_3_14;delta_18_1;gamma_11_3;gamma_16_6;theta_7_5;gamma_8_6;theta_17_14;gamma_2_8;delta_15_13;beta_16_15;delta_18_7;beta_17_1;gamma_16_12
chb16,chb16_16,20,20,1194;924;649;437;529;1367;1421;917;1282;267;285;1523;1404;112;1187;294;1321;214;1516;893,beta_17_5;beta_1_8;alpha_3_5;theta_8_14;theta_14_3;gamma_9_8;gamma_12_11;alpha_18_17;gamma_4_9;delta_16_13;delta_17_14;gamma_18_11;gamma_11_12;delta_7_12;beta_16_15;delta_18_6;gamma_6_14;delta_13_11;gamma_18_4;alpha_17_10
chb16,chb16_17,20,20,1194;1101;322;352;1014;1404;1281;1506;735;294;890;1448;423;451;1236;1190;1449;611;1029;279,beta_17_5;beta_11_15;theta_1_18;theta_3_14;beta_6_13;gamma_11_12;gamma_4_8;gamma_17_11;alpha_8_5;delta_18_6;alpha_17_7;gamma_14_4;theta_7_17;theta_9_11;gamma_1_14;beta_17_1;gamma_14_5;theta_18_17;beta_7_11;delta_17_8
chb16,chb16_18,40,40,1194;1024;73;1115;692;1452;267;1523;1404;1520;1281;917;1282;729;422;295;1119;1362;893;1356;735;1407;1506;182;1516;1348;1525;279;1387;1236;290;1418;214;412;1008;1264;598;1408;611;1333,beta_17_5;beta_7_5;delta_5_7;beta_12_11;alpha_5_14;gamma_14_8;delta_16_13;gamma_18_11;gamma_11_12;gamma_18_8;gamma_4_8;alpha_18_17;gamma_4_9;alpha_7_17;theta_7_16;delta_18_7;beta_12_16;gamma_9_3;alpha_17_10;gamma_8_15;alpha_8_5;gamma_11_15;gamma_17_11;delta_11_14;gamma_18_4;gamma_8_6;gamma_18_13;delta_17_8;gamma_10_12;gamma_1_14;delta_18_2;gamma_12_8;delta_13_11;theta_7_5;beta_6_7;gamma_3_8;theta_18_4;gamma_11_16;theta_18_17;gamma_7_9
chb16,chb16_19,60,60,1194;924;429;12;503;1418;1523;917;1321;423;1404;1333;116;294;1430;893;1516;250;1041;279;1407;1506;1315;1356;601;735;1337;1387;1421;611;112;1281;451;964;1482;1408;412;296;1043;591;729;1187;1282;1217;1107;1435;1007;1264;1370;658;757;295;1190;106;1348;289;1490;1102;1247;440,beta_17_5;beta_1_8;theta_8_5;delta_1_14;theta_12_11;gamma_12_8;gamma_18_11;alpha_18_17;gamma_6_14;theta_7_17;gamma_11_12;gamma_7_9;delta_7_16;delta_18_6;gamma_13_3;alpha_17_10;gamma_18_4;delta_15_13;beta_8_5;delta_17_8;gamma_11_15;gamma_17_11;gamma_6_8;gamma_8_15;theta_18_7;alpha_8_5;gamma_7_13;gamma_10_12;gamma_12_11;theta_18_17;delta_7_12;gamma_4_8;theta_9_11;beta_3_14;gamma_16_4;gamma_11_16;theta_7_5;delta_18_8;beta_8_7;theta_17_14;alpha_7_17;beta_16_15;gamma_4_9;beta_18_11;beta_12_3;gamma_13_8;beta_6_5;gamma_3_8;gamma_9_12;alpha_3_14;alpha_9_11;delta_18_7;beta_17_1;delta_7_5;gamma_8_6;delta_18_1;gamma_16_12;beta_11_16;gamma_2_8;theta_8_17
chb17,chb17a_03,60,60,603;890;303;803;273;1217;889;1349;911;297;1248;609;1486;909;1202;605;583;1087;1101;355;1251;915;697;1362;740;1425;1399;299;1337;1496;1115;925;1079;1329;1195;880;1502;994;1415;1388;277;1523;1182;795;1282;785;1058;1196;284;579;1407;1241;1215;117;1336;1007;1231;1452;931;1508,theta_18_9;alpha_17_7;delta_18_15;alpha_12_5;delta_17_2;beta_18_11;alpha_17_6;gamma_8_7;alpha_18_11;delta_18_9;gamma_2_9;theta_18_15;gamma_16_8;alpha_18_9;beta_17_13;theta_18_11;theta_17_6;beta_10_18;beta_11_15;theta_3_17;gamma_2_12;alpha_18_15;alpha_6_1;gamma_9_3;alpha_8_11;gamma_12_16;gamma_11_6;delta_18_11;gamma_7_13;gamma_17_1;beta_12_11;beta_1_9;beta_10_9;gamma_7_4;beta_17_6;alpha_16_14;gamma_17_7;beta_5_10;gamma_12_5;gamma_10_13;delta_17_6;gamma_18_11;beta_16_10;alpha_11_15;gamma_4_9;alpha_11_4;beta_9_5;beta_17_7;delta_17_13;theta_17_2;gamma_11_15;gamma_2_1;beta_18_9;delta_7_17;gamma_7_12;beta_6_5;gamma_1_9;gamma_14_8;beta_1_15;gamma_17_13
chb17,chb17a_04,60,60,909;917;883;303;889;1214;911;603;1529;587;605;297;609;1520;583;1215;773;299;1011;275;1217;908;277;914;1421;912;802;1223;915;281;1029;288;1109;1496;668;1218;795;279;1090;1099;1007;1079;1195;1425;703;1490;1521;1248;606;1066;893;481;1499;1332;1502;1101;1524;1488;1112;1385,alpha_18_9;alpha_18_17;alpha_16_18;delta_18_15;alpha_17_6;beta_18_8;alpha_18_11;theta_18_9;gamma_18_17;theta_17_10;theta_18_11;delta_18_9;theta_18_15;gamma_18_8;theta_17_6;beta_18_9;alpha_10_9;delta_18_11;beta_6_10;delta_17_4;beta_18_11;alpha_18_8;delta_17_6;alpha_18_14;gamma_12_11;alpha_18_12;alpha_12_4;beta_18_17;alpha_18_15;delta_17_10;beta_7_11;delta_17_18;beta_12_5;gamma_17_1;alpha_4_7;beta_18_12;alpha_11_15;delta_17_8;beta_11_3;beta_11_13;beta_6_5;beta_10_9;beta_17_6;gamma_12_16;alpha_6_8;gamma_16_12;gamma_18_9;gamma_2_9;theta_18_12;beta_9_14;alpha_17_10;theta_11_6;gamma_17_4;gamma_7_8;gamma_17_7;beta_11_15;gamma_18_12;gamma_16_10;beta_12_8;gamma_10_9
chb17,chb17a_05,80,80,603;890;1115;1529;303;273;909;674;583;1075;297;1217;911;609;1202;889;605;1232;1101;1464;1496;773;1043;1486;288;299;925;1215;277;915;760;1241;1425;914;1457;1189;1007;281;1329;1223;1196;802;1203;1265;1109;795;275;1488;1186;1183;1012;1502;1229;1332;1508;1079;993;1407;1388;820;1045;880;587;1330;1489;1190;1235;1447;1418;1509;1248;1058;719;1314;1371;1315;1182;608;1066;1113,theta_18_9;alpha_17_7;beta_12_11;gamma_18_17;delta_18_15;delta_17_2;alpha_18_9;alpha_4_13;theta_17_6;beta_10_5;delta_18_9;beta_18_11;alpha_18_11;theta_18_15;beta_17_13;alpha_17_6;theta_18_11;gamma_1_10;beta_11_15;gamma_15_3;gamma_17_1;alpha_10_9;beta_8_7;gamma_16_8;delta_17_18;delta_18_11;beta_1_9;beta_18_9;delta_17_6;alpha_18_15;alpha_9_14;gamma_2_1;gamma_12_16;alpha_18_14;gamma_14_13;beta_16_18;beta_6_5;delta_17_10;gamma_7_4;beta_18_17;beta_17_7;alpha_12_4;beta_17_14;gamma_3_9;beta_12_5;alpha_11_15;delta_17_4;gamma_16_10;beta_16_14;beta_16_11;beta_6_11;gamma_17_7;gamma_1_7;gamma_7_8;gamma_17_13;beta_10_9;beta_5_9;gamma_11_15;gamma_10_13;alpha_13_5;beta_8_10;alpha_16_14;theta_17_10;gamma_7_5;gamma_16_11;beta_17_1;gamma_1_13;gamma_14_3;gamma_12_8;gamma_17_14;gamma_2_9;beta_9_5;alpha_7_6;gamma_6_7;gamma_9_13;gamma_6_8;beta_16_10;theta_18_14;beta_9_14;beta_12_9
chb17,chb17a_06,80,80,603;273;1007;1075;1529;609;297;911;909;583;1115;1011;605;1496;303;1486;1235;1217;1043;889;1464;1101;1215;288;299;773;915;1241;1189;880;1196;281;1248;1425;277;1329;914;802;1388;1202;1183;795;1502;1223;275;1109;1488;925;1186;1229;1079;1332;719;1407;1203;587;1371;1337;1489;890;820;1066;1418;1265;1190;417;1362;1314;1045;1023;1182;1330;1315;871;1452;279;993;1509;1169;117,theta_18_9;delta_17_2;beta_6_5;beta_10_5;gamma_18_17;theta_18_15;delta_18_9;alpha_18_11;alpha_18_9;theta_17_6;beta_12_11;beta_6_10;theta_18_11;gamma_17_1;delta_18_15;gamma_16_8;gamma_1_13;beta_18_11;beta_8_7;alpha_17_6;gamma_15_3;beta_11_15;beta_18_9;delta_17_18;delta_18_11;alpha_10_9;alpha_18_15;gamma_2_1;beta_16_18;alpha_16_14;beta_17_7;delta_17_10;gamma_2_9;gamma_12_16;delta_17_6;gamma_7_4;alpha_18_14;alpha_12_4;gamma_10_13;beta_17_13;beta_16_11;alpha_11_15;gamma_17_7;beta_18_17;delta_17_4;beta_12_5;gamma_16_10;beta_1_9;beta_16_14;gamma_1_7;beta_10_9;gamma_7_8;alpha_7_6;gamma_11_15;beta_17_14;theta_17_10;gamma_9_13;gamma_7_13;gamma_16_11;alpha_17_7;alpha_13_5;beta_9_14;gamma_12_8;gamma_3_9;beta_17_1;theta_7_11;gamma_9_3;gamma_6_7;beta_8_10;beta_7_4;beta_16_10;gamma_7_5;gamma_6_8;alpha_16_5;gamma_14_8;delta_17_8;beta_5_9;gamma_17_14;beta_15_14;delta_7_17
chb17,chb17a_08,80,80,603;1190;1235;609;1529;909;297;1087;911;583;273;1075;605;303;889;1011;1217;1101;1215;1396;1180;1043;299;1248;1183;773;1196;288;915;277;1425;1186;1203;1457;914;1241;281;1329;1502;1496;795;1007;1109;740;1108;1229;993;1488;1508;880;1407;1079;1489;1371;890;1223;1265;1315;1330;820;1447;719;1486;1314;1351;1509;587;1332;976;1083;1115;1119;1337;1113;1058;1491;1189;275;923;925,theta_18_9;beta_17_1;gamma_1_13;theta_18_15;gamma_18_17;alpha_18_9;delta_18_9;beta_10_18;alpha_18_11;theta_17_6;delta_17_2;beta_10_5;theta_18_11;delta_18_15;alpha_17_6;beta_6_10;beta_18_11;beta_11_15;beta_18_9;gamma_11_3;beta_16_8;beta_8_7;delta_18_11;gamma_2_9;beta_16_11;alpha_10_9;beta_17_7;delta_17_18;alpha_18_15;delta_17_6;gamma_12_16;beta_16_14;beta_17_14;gamma_14_13;alpha_18_14;gamma_2_1;delta_17_10;gamma_7_4;gamma_17_7;gamma_17_1;alpha_11_15;beta_6_5;beta_12_5;alpha_8_11;beta_12_4;gamma_1_7;beta_5_9;gamma_16_10;gamma_17_13;alpha_16_14;gamma_11_15;beta_10_9;gamma_16_11;gamma_9_13;alpha_17_7;beta_18_17;gamma_3_9;gamma_6_8;gamma_7_5;alpha_13_5;gamma_14_3;alpha_7_6;gamma_16_8;gamma_6_7;gamma_8_10;gamma_17_14;theta_17_10;gamma_7_8;beta_4_9;beta_10_14;beta_12_11;beta_12_16;gamma_7_13;beta_12_9;beta_9_5;gamma_16_13;beta_16_18;delta_17_4;beta_1_7;beta_1_9
chb17,chb17b_57,80,80,603;1010;303;1502;288;1190;1529;909;1109;911;297;1189;609;583;605;273;1486;1043;1217;889;1101;773;1215;299;1115;1202;1332;915;1007;1169;1045;1425;281;914;1248;277;1464;1496;1329;1196;802;820;795;1241;706;1488;1235;1186;1183;1457;1407;1203;1079;719;1229;1223;925;587;1058;1508;1315;1330;880;1180;1265;890;1371;1023;871;1314;1509;1447;1119;1337;1489;1066;993;790;1328;1024,theta_18_9;beta_6_9;delta_18_15;gamma_17_7;delta_17_18;beta_17_1;gamma_18_17;alpha_18_9;beta_12_5;alpha_18_11;delta_18_9;beta_16_18;theta_18_15;theta_17_6;theta_18_11;delta_17_2;gamma_16_8;beta_8_7;beta_18_11;alpha_17_6;beta_11_15;alpha_10_9;beta_18_9;delta_18_11;beta_12_11;beta_17_13;gamma_7_8;alpha_18_15;beta_6_5;beta_15_14;beta_8_10;gamma_12_16;delta_17_10;alpha_18_14;gamma_2_9;delta_17_6;gamma_15_3;gamma_17_1;gamma_7_4;beta_17_7;alpha_12_4;alpha_13_5;alpha_11_15;gamma_2_1;alpha_6_11;gamma_16_10;gamma_1_13;beta_16_14;beta_16_11;gamma_14_13;gamma_11_15;beta_17_14;beta_10_9;alpha_7_6;gamma_1_7;beta_18_17;beta_1_9;theta_17_10;beta_9_5;gamma_17_13;gamma_6_8;gamma_7_5;alpha_16_14;beta_16_8;gamma_3_9;alpha_17_7;gamma_9_13;beta_7_4;alpha_16_5;gamma_6_7;gamma_17_14;gamma_14_3;beta_12_16;gamma_7_13;gamma_16_11;beta_9_14;beta_5_9;alpha_11_9;gamma_7_3;beta_7_5
chb17,chb17b_58,80,80,603;1235;837;303;1529;273;911;297;909;1115;1202;583;609;605;1043;1007;1486;1217;889;1101;773;1496;288;299;1215;993;915;1329;880;1045;1425;1196;277;1447;914;1388;795;281;1109;1241;1508;802;1248;1332;1502;1186;883;1488;1079;1223;1183;1407;719;1190;923;925;1203;1058;1371;1337;1330;1452;1314;587;1066;1509;740;820;1023;890;1166;976;1113;1315;1362;69;1150;275;1182;1117,theta_18_9;gamma_1_13;alpha_14_5;delta_18_15;gamma_18_17;delta_17_2;alpha_18_11;delta_18_9;alpha_18_9;beta_12_11;beta_17_13;theta_17_6;theta_18_15;theta_18_11;beta_8_7;beta_6_5;gamma_16_8;beta_18_11;alpha_17_6;beta_11_15;alpha_10_9;gamma_17_1;delta_17_18;delta_18_11;beta_18_9;beta_5_9;alpha_18_15;gamma_7_4;alpha_16_14;beta_8_10;gamma_12_16;beta_17_7;delta_17_6;gamma_14_3;alpha_18_14;gamma_10_13;alpha_11_15;delta_17_10;beta_12_5;gamma_2_1;gamma_17_13;alpha_12_4;gamma_2_9;gamma_7_8;gamma_17_7;beta_16_14;alpha_16_18;gamma_16_10;beta_10_9;beta_18_17;beta_16_11;gamma_11_15;alpha_7_6;beta_17_1;beta_1_7;beta_1_9;beta_17_14;beta_9_5;gamma_9_13;gamma_7_13;gamma_7_5;gamma_14_8;gamma_6_7;theta_17_10;beta_9_14;gamma_17_14;alpha_8_11;alpha_13_5;beta_7_4;alpha_17_7;beta_15_11;beta_4_9;beta_12_9;gamma_6_8;gamma_9_3;delta_5_2;beta_14_12;delta_17_4;beta_16_10;beta_12_14
chb17,chb17b_59,80,80,603;273;1075;1529;609;977;1202;909;889;911;297;1337;605;1180;583;303;1217;1115;288;1496;925;773;299;1101;1215;1329;915;1007;880;1196;277;281;923;1425;914;1241;1109;1388;1488;1362;1502;1248;795;1508;1183;1186;740;1486;1332;1079;1223;1407;719;1190;802;820;1203;1155;1235;1314;993;1330;890;587;1489;1066;1045;1371;1509;871;1282;1315;1023;1113;1418;1182;1058;1231;957;275,theta_18_9;delta_17_2;beta_10_5;gamma_18_17;theta_18_15;beta_4_10;beta_17_13;alpha_18_9;alpha_17_6;alpha_18_11;delta_18_9;gamma_7_13;theta_18_11;beta_16_8;theta_17_6;delta_18_15;beta_18_11;beta_12_11;delta_17_18;gamma_17_1;beta_1_9;alpha_10_9;delta_18_11;beta_11_15;beta_18_9;gamma_7_4;alpha_18_15;beta_6_5;alpha_16_14;beta_17_7;delta_17_6;delta_17_10;beta_1_7;gamma_12_16;alpha_18_14;gamma_2_1;beta_12_5;gamma_10_13;gamma_16_10;gamma_9_3;gamma_17_7;gamma_2_9;alpha_11_15;gamma_17_13;beta_16_11;beta_16_14;alpha_8_11;gamma_16_8;gamma_7_8;beta_10_9;beta_18_17;gamma_11_15;alpha_7_6;beta_17_1;alpha_12_4;alpha_13_5;beta_17_14;beta_14_18;gamma_1_13;gamma_6_7;beta_5_9;gamma_7_5;alpha_17_7;theta_17_10;gamma_16_11;beta_9_14;beta_8_10;gamma_9_13;gamma_17_14;alpha_16_5;gamma_4_9;gamma_6_8;beta_7_4;beta_12_9;gamma_12_8;beta_16_10;beta_9_5;gamma_1_9;beta_3_7;delta_17_4
chb17,chb17b_60,80,80,603;288;303;1202;911;1529;909;1115;1027;609;297;273;1217;583;605;1109;915;1043;1101;1215;889;1146;299;1329;773;1007;1196;1066;1496;1235;1425;914;1241;740;1371;277;795;1502;820;1332;1189;1362;1011;1486;281;1223;1229;1248;1407;1221;719;1079;1183;1186;1488;1508;802;1058;925;1330;890;880;1523;1328;957;1023;587;1337;871;1190;1457;608;1314;1464;790;1166;993;1024;1418;1203,theta_18_9;delta_17_18;delta_18_15;beta_17_13;alpha_18_11;gamma_18_17;alpha_18_9;beta_12_11;beta_7_9;theta_18_15;delta_18_9;delta_17_2;beta_18_11;theta_17_6;theta_18_11;beta_12_5;alpha_18_15;beta_8_7;beta_11_15;beta_18_9;alpha_17_6;beta_14_8;delta_18_11;gamma_7_4;alpha_10_9;beta_6_5;beta_17_7;beta_9_14;gamma_17_1;gamma_1_13;gamma_12_16;alpha_18_14;gamma_2_1;alpha_8_11;gamma_9_13;delta_17_6;alpha_11_15;gamma_17_7;alpha_13_5;gamma_7_8;beta_16_18;gamma_9_3;beta_6_10;gamma_16_8;delta_17_10;beta_18_17;gamma_1_7;gamma_2_9;gamma_11_15;beta_18_15;alpha_7_6;beta_10_9;beta_16_11;beta_16_14;gamma_16_10;gamma_17_13;alpha_12_4;beta_9_5;beta_1_9;gamma_7_5;alpha_17_7;alpha_16_14;gamma_18_11;gamma_7_3;beta_3_7;beta_7_4;theta_17_10;gamma_7_13;alpha_16_5;beta_17_1;gamma_14_13;theta_18_14;gamma_6_7;gamma_15_3;alpha_11_9;beta_15_11;beta_5_9;beta_7_5;gamma_12_8;beta_17_14
chb17,chb17b_63,40,40,603;279;737;1529;1189;273;909;1248;871;297;288;719;609;1430;1332;1223;1196;809;1486;605;1496;935;1215;1101;281;1045;760;117;773;299;929;953;275;1457;1229;1489;272;908;917;802,theta_18_9;delta_17_8;alpha_8_7;gamma_18_17;beta_16_18;delta_17_2;alpha_18_9;gamma_2_9;alpha_16_5;delta_18_9;delta_17_18;alpha_7_6;theta_18_15;gamma_13_3;gamma_7_8;beta_18_17;beta_17_7;alpha_12_11;gamma_16_8;theta_18_11;gamma_17_1;beta_2_1;beta_18_9;beta_11_15;delta_17_10;beta_8_10;alpha_9_14;delta_7_17;alpha_10_9;delta_18_11;beta_1_13;beta_3_2;delta_17_4;gamma_14_13;gamma_1_7;gamma_16_11;delta_17_1;alpha_18_8;alpha_18_17;alpha_12_4
chb17,chb17b_67,80,80,603;273;1044;1529;1421;609;909;583;911;297;1075;1202;605;1043;303;889;1217;1101;773;1486;1241;1196;299;1215;1066;1496;288;1337;915;1425;1457;1464;277;925;914;1329;1502;1155;281;1007;820;1229;802;1183;795;1186;1182;1011;1223;1079;1265;275;1332;890;1407;1371;740;1508;871;880;1235;1203;587;1489;1452;993;1314;1058;1024;1509;1362;579;1488;1248;52;1388;1315;790;1112;1169,theta_18_9;delta_17_2;beta_8_9;gamma_18_17;gamma_12_11;theta_18_15;alpha_18_9;theta_17_6;alpha_18_11;delta_18_9;beta_10_5;beta_17_13;theta_18_11;beta_8_7;delta_18_15;alpha_17_6;beta_18_11;beta_11_15;alpha_10_9;gamma_16_8;gamma_2_1;beta_17_7;delta_18_11;beta_18_9;beta_9_14;gamma_17_1;delta_17_18;gamma_7_13;alpha_18_15;gamma_12_16;gamma_14_13;gamma_15_3;delta_17_6;beta_1_9;alpha_18_14;gamma_7_4;gamma_17_7;beta_14_18;delta_17_10;beta_6_5;alpha_13_5;gamma_1_7;alpha_12_4;beta_16_11;alpha_11_15;beta_16_14;beta_16_10;beta_6_10;beta_18_17;beta_10_9;gamma_3_9;delta_17_4;gamma_7_8;alpha_17_7;gamma_11_15;gamma_9_13;alpha_8_11;gamma_17_13;alpha_16_5;alpha_16_14;gamma_1_13;beta_17_14;theta_17_10;gamma_16_11;gamma_14_8;beta_5_9;gamma_6_7;beta_9_5;beta_7_5;gamma_17_14;gamma_9_3;theta_17_2;gamma_16_10;gamma_2_9;delta_4_2;gamma_10_13;gamma_6_8;alpha_11_9;beta_12_8;beta_15_14
chb17,chb17b_68,80,80,603;1316;1115;303;1529;273;1196;909;583;911;297;1109;609;1496;605;889;1464;773;1101;1217;1180;299;1202;288;926;1215;277;915;1425;1241;1457;1235;880;1329;1502;914;923;281;1007;1189;1508;795;820;976;1332;1183;740;802;1079;1186;1488;1223;890;1203;925;1407;719;1388;1058;1190;1396;1486;1314;587;1351;1083;1509;1337;1489;1265;871;1330;1315;1229;1119;1371;1499;790;993;1066,theta_18_9;gamma_6_9;beta_12_11;delta_18_15;gamma_18_17;delta_17_2;beta_17_7;alpha_18_9;theta_17_6;alpha_18_11;delta_18_9;beta_12_5;theta_18_15;gamma_17_1;theta_18_11;alpha_17_6;gamma_15_3;alpha_10_9;beta_11_15;beta_18_11;beta_16_8;delta_18_11;beta_17_13;delta_17_18;beta_1_10;beta_18_9;delta_17_6;alpha_18_15;gamma_12_16;gamma_2_1;gamma_14_13;gamma_1_13;alpha_16_14;gamma_7_4;gamma_17_7;alpha_18_14;beta_1_7;delta_17_10;beta_6_5;beta_16_18;gamma_17_13;alpha_11_15;alpha_13_5;beta_4_9;gamma_7_8;beta_16_11;alpha_8_11;alpha_12_4;beta_10_9;beta_16_14;gamma_16_10;beta_18_17;alpha_17_7;beta_17_14;beta_1_9;gamma_11_15;alpha_7_6;gamma_10_13;beta_9_5;beta_17_1;gamma_11_3;gamma_16_8;gamma_6_7;theta_17_10;gamma_8_10;beta_10_14;gamma_17_14;gamma_7_13;gamma_16_11;gamma_3_9;alpha_16_5;gamma_7_5;gamma_6_8;gamma_1_7;beta_12_16;gamma_9_13;gamma_17_4;alpha_11_9;beta_5_9;beta_9_14
chb17,chb17b_69,80,80,603;288;303;1496;820;889;909;1529;911;297;959;1115;605;273;583;609;1180;1043;1217;1101;1079;1215;299;277;1007;1196;1329;1464;1045;915;880;281;1425;1508;1235;914;1388;1189;1502;1109;1241;1223;706;1229;795;1488;925;1332;1486;275;1186;773;1183;1407;1203;587;1248;1190;890;802;1058;1330;1315;1314;1457;1396;1066;1489;993;1509;719;871;1418;1371;1113;1282;1023;1231;1118;1008,theta_18_9;delta_17_18;delta_18_15;gamma_17_1;alpha_13_5;alpha_17_6;alpha_18_9;gamma_18_17;alpha_18_11;delta_18_9;beta_3_9;beta_12_11;theta_18_11;delta_17_2;theta_17_6;theta_18_15;beta_16_8;beta_8_7;beta_18_11;beta_11_15;beta_10_9;beta_18_9;delta_18_11;delta_17_6;beta_6_5;beta_17_7;gamma_7_4;gamma_15_3;beta_8_10;alpha_18_15;alpha_16_14;delta_17_10;gamma_12_16;gamma_17_13;gamma_1_13;alpha_18_14;gamma_10_13;beta_16_18;gamma_17_7;beta_12_5;gamma_2_1;beta_18_17;alpha_6_11;gamma_1_7;alpha_11_15;gamma_16_10;beta_1_9;gamma_7_8;gamma_16_8;delta_17_4;beta_16_14;alpha_10_9;beta_16_11;gamma_11_15;beta_17_14;theta_17_10;gamma_2_9;beta_17_1;alpha_17_7;alpha_12_4;beta_9_5;gamma_7_5;gamma_6_8;gamma_6_7;gamma_14_13;gamma_11_3;beta_9_14;gamma_16_11;beta_5_9;gamma_17_14;alpha_7_6;alpha_16_5;gamma_12_8;gamma_9_13;beta_12_9;gamma_4_9;beta_7_4;gamma_1_9;beta_12_15;beta_6_7
chb17,chb17c_02,80,80,603;273;1404;929;609;1529;752;909;1502;297;911;583;1115;303;605;1190;1079;889;1011;1101;1217;1486;1215;288;1248;299;923;915;1362;281;277;1508;1425;1007;1223;914;1066;802;1329;1109;1196;1241;1496;795;925;1183;1457;1488;740;773;587;1186;1407;1337;883;1229;820;1332;275;993;1489;1203;1452;880;117;1371;890;1045;1464;1314;1265;1315;871;1330;1182;719;1509;579;877;1058,theta_18_9;delta_17_2;gamma_11_12;beta_1_13;theta_18_15;gamma_18_17;alpha_9_5;alpha_18_9;gamma_17_7;delta_18_9;alpha_18_11;theta_17_6;beta_12_11;delta_18_15;theta_18_11;beta_17_1;beta_10_9;alpha_17_6;beta_6_10;beta_11_15;beta_18_11;gamma_16_8;beta_18_9;delta_17_18;gamma_2_9;delta_18_11;beta_1_7;alpha_18_15;gamma_9_3;delta_17_10;delta_17_6;gamma_17_13;gamma_12_16;beta_6_5;beta_18_17;alpha_18_14;beta_9_14;alpha_12_4;gamma_7_4;beta_12_5;beta_17_7;gamma_2_1;gamma_17_1;alpha_11_15;beta_1_9;beta_16_11;gamma_14_13;gamma_16_10;alpha_8_11;alpha_10_9;theta_17_10;beta_16_14;gamma_11_15;gamma_7_13;alpha_16_18;gamma_1_7;alpha_13_5;gamma_7_8;delta_17_4;beta_5_9;gamma_16_11;beta_17_14;gamma_14_8;alpha_16_14;delta_7_17;gamma_9_13;alpha_17_7;beta_8_10;gamma_15_3;gamma_6_7;gamma_3_9;gamma_6_8;alpha_16_5;gamma_7_5;beta_16_10;alpha_7_6;gamma_17_14;theta_17_2;alpha_16_11;beta_9_5
chb17,chb17c_03,80,80,603;273;994;1523;303;1529;909;871;297;1337;605;583;609;1115;911;1496;889;1043;1101;1248;1151;1217;1486;1215;299;288;915;719;1425;1079;1066;277;914;1502;1329;1464;1189;1223;1007;1058;281;1508;993;795;1196;1241;802;1183;1186;1488;723;1332;1109;1229;1407;925;773;275;1371;1203;880;117;1265;1119;890;1351;1418;1190;1362;820;1314;1489;587;1330;1235;1083;608;790;413;1202,theta_18_9;delta_17_2;beta_5_10;gamma_18_11;delta_18_15;gamma_18_17;alpha_18_9;alpha_16_5;delta_18_9;gamma_7_13;theta_18_11;theta_17_6;theta_18_15;beta_12_11;alpha_18_11;gamma_17_1;alpha_17_6;beta_8_7;beta_11_15;gamma_2_9;beta_14_13;beta_18_11;gamma_16_8;beta_18_9;delta_18_11;delta_17_18;alpha_18_15;alpha_7_6;gamma_12_16;beta_10_9;beta_9_14;delta_17_6;alpha_18_14;gamma_17_7;gamma_7_4;gamma_15_3;beta_16_18;beta_18_17;beta_6_5;beta_9_5;delta_17_10;gamma_17_13;beta_5_9;alpha_11_15;beta_17_7;gamma_2_1;alpha_12_4;beta_16_11;beta_16_14;gamma_16_10;alpha_7_11;gamma_7_8;beta_12_5;gamma_1_7;gamma_11_15;beta_1_9;alpha_10_9;delta_17_4;gamma_9_13;beta_17_14;alpha_16_14;delta_7_17;gamma_3_9;beta_12_16;alpha_17_7;gamma_8_10;gamma_12_8;beta_17_1;gamma_9_3;alpha_13_5;gamma_6_7;gamma_16_11;theta_17_10;gamma_7_5;gamma_1_13;beta_10_14;theta_18_14;alpha_11_9;theta_7_6;beta_17_13
chb17,chb17c_04,80,80,603;273;1235;609;1529;212;297;911;909;1109;583;1043;1421;605;1202;1007;303;889;1217;1146;1101;299;960;1496;1215;288;1464;915;1248;1425;1196;1457;880;277;914;1189;1223;281;820;1329;1502;1241;993;1079;1183;795;1229;1488;706;1332;1486;1508;1186;1407;1058;925;1190;719;890;802;1371;1203;1115;773;1351;1447;1330;1337;871;923;587;1066;1489;976;1315;1119;1418;1509;1314;1024,theta_18_9;delta_17_2;gamma_1_13;theta_18_15;gamma_18_17;delta_13_9;delta_18_9;alpha_18_11;alpha_18_9;beta_12_5;theta_17_6;beta_8_7;gamma_12_11;theta_18_11;beta_17_13;beta_6_5;delta_18_15;alpha_17_6;beta_18_11;beta_14_8;beta_11_15;delta_18_11;beta_3_10;gamma_17_1;beta_18_9;delta_17_18;gamma_15_3;alpha_18_15;gamma_2_9;gamma_12_16;beta_17_7;gamma_14_13;alpha_16_14;delta_17_6;alpha_18_14;beta_16_18;beta_18_17;delta_17_10;alpha_13_5;gamma_7_4;gamma_17_7;gamma_2_1;beta_5_9;beta_10_9;beta_16_11;alpha_11_15;gamma_1_7;gamma_16_10;alpha_6_11;gamma_7_8;gamma_16_8;gamma_17_13;beta_16_14;gamma_11_15;beta_9_5;beta_1_9;beta_17_1;alpha_7_6;alpha_17_7;alpha_12_4;gamma_9_13;beta_17_14;beta_12_11;alpha_10_9;gamma_8_10;gamma_14_3;gamma_7_5;gamma_7_13;alpha_16_5;beta_1_7;theta_17_10;beta_9_14;gamma_16_11;beta_4_9;gamma_6_8;beta_12_16;gamma_12_8;gamma_17_14;gamma_6_7;beta_7_5
chb17,chb17c_05,80,80,603;463;273;1529;609;1115;1248;909;583;297;911;605;1496;1108;303;1217;889;1043;288;1101;1215;1189;299;1079;1007;914;1425;915;1045;1066;1223;1502;1337;1464;277;1329;1486;1109;275;1388;925;1488;1196;1186;1508;281;795;1183;1241;1190;740;773;1332;1058;1235;1229;1407;719;785;880;890;976;1203;1457;1182;1447;1489;993;871;1330;587;1314;1315;579;1112;1096;1371;1231;1119;608,theta_18_9;theta_10_5;delta_17_2;gamma_18_17;theta_18_15;beta_12_11;gamma_2_9;alpha_18_9;theta_17_6;delta_18_9;alpha_18_11;theta_18_11;gamma_17_1;beta_12_4;delta_18_15;beta_18_11;alpha_17_6;beta_8_7;delta_17_18;beta_11_15;beta_18_9;beta_16_18;delta_18_11;beta_10_9;beta_6_5;alpha_18_14;gamma_12_16;alpha_18_15;beta_8_10;beta_9_14;beta_18_17;gamma_17_7;gamma_7_13;gamma_15_3;delta_17_6;gamma_7_4;gamma_16_8;beta_12_5;delta_17_4;gamma_10_13;beta_1_9;gamma_16_10;beta_17_7;beta_16_14;gamma_17_13;delta_17_10;alpha_11_15;beta_16_11;gamma_2_1;beta_17_1;alpha_8_11;alpha_10_9;gamma_7_8;beta_9_5;gamma_1_13;gamma_1_7;gamma_11_15;alpha_7_6;alpha_11_4;alpha_16_14;alpha_17_7;beta_4_9;beta_17_14;gamma_14_13;beta_16_10;gamma_14_3;gamma_16_11;beta_5_9;alpha_16_5;gamma_7_5;theta_17_10;gamma_6_7;gamma_6_8;theta_17_2;beta_12_8;beta_11_9;gamma_9_13;gamma_1_9;beta_12_16;theta_18_14
chb17,chb17c_06,80,80,603;1404;480;273;609;1529;297;1337;911;909;583;605;1045;1496;303;1464;889;1217;1087;288;1079;1101;1007;1215;1486;299;1183;915;1248;1223;923;277;760;914;1196;281;1425;1508;1058;1457;1329;1502;925;795;802;1488;1186;1046;1241;773;1407;1489;1190;1109;1332;719;1203;1235;1146;1371;890;1043;880;976;587;1229;871;1362;993;1115;1314;579;1330;1509;1066;1182;1091;608;1126;275,theta_18_9;gamma_11_12;theta_11_5;delta_17_2;theta_18_15;gamma_18_17;delta_18_9;gamma_7_13;alpha_18_11;alpha_18_9;theta_17_6;theta_18_11;beta_8_10;gamma_17_1;delta_18_15;gamma_15_3;alpha_17_6;beta_18_11;beta_10_18;delta_17_18;beta_10_9;beta_11_15;beta_6_5;beta_18_9;gamma_16_8;delta_18_11;beta_16_11;alpha_18_15;gamma_2_9;beta_18_17;beta_1_7;delta_17_6;alpha_9_14;alpha_18_14;beta_17_7;delta_17_10;gamma_12_16;gamma_17_13;beta_9_5;gamma_14_13;gamma_7_4;gamma_17_7;beta_1_9;alpha_11_15;alpha_12_4;gamma_16_10;beta_16_14;beta_8_11;gamma_2_1;alpha_10_9;gamma_11_15;gamma_16_11;beta_17_1;beta_12_5;gamma_7_8;alpha_7_6;beta_17_14;gamma_1_13;beta_14_8;gamma_9_13;alpha_17_7;beta_8_7;alpha_16_14;beta_4_9;theta_17_10;gamma_1_7;alpha_16_5;gamma_9_3;beta_5_9;beta_12_11;gamma_6_7;theta_17_2;gamma_7_5;gamma_17_14;beta_9_14;beta_16_10;beta_11_4;theta_18_14;beta_13_5;delta_17_4
chb17,chb17c_07,80,80,603;1208;1248;303;1196;1529;909;1109;297;273;911;583;609;605;1486;889;1115;1217;1045;1079;1101;1215;1007;299;1496;1464;915;281;923;277;1337;1329;802;1223;1189;760;1508;925;288;1425;820;914;1457;1502;795;1241;1183;1488;1186;1332;1407;773;740;1203;993;1058;1371;1489;890;1229;1112;587;1235;1190;1447;880;719;1265;871;1509;1119;1315;1023;1330;1314;1351;790;1231;1388;1180,theta_18_9;beta_18_2;gamma_2_9;delta_18_15;beta_17_7;gamma_18_17;alpha_18_9;beta_12_5;delta_18_9;delta_17_2;alpha_18_11;theta_17_6;theta_18_15;theta_18_11;gamma_16_8;alpha_17_6;beta_12_11;beta_18_11;beta_8_10;beta_10_9;beta_11_15;beta_18_9;beta_6_5;delta_18_11;gamma_17_1;gamma_15_3;alpha_18_15;delta_17_10;beta_1_7;delta_17_6;gamma_7_13;gamma_7_4;alpha_12_4;beta_18_17;beta_16_18;alpha_9_14;gamma_17_13;beta_1_9;delta_17_18;gamma_12_16;alpha_13_5;alpha_18_14;gamma_14_13;gamma_17_7;alpha_11_15;gamma_2_1;beta_16_11;gamma_16_10;beta_16_14;gamma_7_8;gamma_11_15;alpha_10_9;alpha_8_11;beta_17_14;beta_5_9;beta_9_5;gamma_9_13;gamma_16_11;alpha_17_7;gamma_1_7;beta_12_8;theta_17_10;gamma_1_13;beta_17_1;gamma_14_3;alpha_16_14;alpha_7_6;gamma_3_9;alpha_16_5;gamma_17_14;beta_12_16;gamma_6_8;beta_7_4;gamma_7_5;gamma_6_7;gamma_8_10;alpha_11_9;gamma_1_9;gamma_10_13;beta_16_8
chb17,chb17c_08,80,80,603;273;446;1232;1529;609;909;583;911;297;1190;1337;1115;605;1180;303;889;1043;1217;1101;281;1007;1215;299;773;1425;925;1496;915;288;1189;277;1388;1196;579;1464;880;914;1109;1329;1223;740;1229;1502;1248;1488;795;1241;719;1079;1183;1186;802;1508;1332;587;1486;1407;976;1058;1203;1371;1235;1119;923;890;993;1330;871;1315;1489;1066;1045;1447;1509;1314;1457;275;790;1418,theta_18_9;delta_17_2;theta_9_5;gamma_1_10;gamma_18_17;theta_18_15;alpha_18_9;theta_17_6;alpha_18_11;delta_18_9;beta_17_1;gamma_7_13;beta_12_11;theta_18_11;beta_16_8;delta_18_15;alpha_17_6;beta_8_7;beta_18_11;beta_11_15;delta_17_10;beta_6_5;beta_18_9;delta_18_11;alpha_10_9;gamma_12_16;beta_1_9;gamma_17_1;alpha_18_15;delta_17_18;beta_16_18;delta_17_6;gamma_10_13;beta_17_7;theta_17_2;gamma_15_3;alpha_16_14;alpha_18_14;beta_12_5;gamma_7_4;beta_18_17;alpha_8_11;gamma_1_7;gamma_17_7;gamma_2_9;gamma_16_10;alpha_11_15;gamma_2_1;alpha_7_6;beta_10_9;beta_16_11;beta_16_14;alpha_12_4;gamma_17_13;gamma_7_8;theta_17_10;gamma_16_8;gamma_11_15;beta_4_9;beta_9_5;beta_17_14;gamma_9_13;gamma_1_13;beta_12_16;beta_1_7;alpha_17_7;beta_5_9;gamma_7_5;alpha_16_5;gamma_6_8;gamma_16_11;beta_9_14;beta_8_10;gamma_14_3;gamma_17_14;gamma_6_7;gamma_14_13;delta_17_4;alpha_11_9;gamma_12_8
chb17,chb17c_13,80,80,603;288;531;303;1529;1196;909;273;297;911;925;583;609;1464;1496;605;1180;281;889;1217;1043;1101;773;1215;1115;299;1508;1007;915;1045;880;277;1337;1425;914;1329;1109;1241;1488;1388;1502;587;1186;795;1282;883;1229;802;1489;1079;1223;1190;719;1332;417;1407;890;1486;1203;993;820;1509;1315;1314;1330;1235;1183;1447;275;1371;1066;1058;1265;1418;1182;1202;1317;1023;790;1492,theta_18_9;delta_17_18;theta_14_5;delta_18_15;gamma_18_17;beta_17_7;alpha_18_9;delta_17_2;delta_18_9;alpha_18_11;beta_1_9;theta_17_6;theta_18_15;gamma_15_3;gamma_17_1;theta_18_11;beta_16_8;delta_17_10;alpha_17_6;beta_18_11;beta_8_7;beta_11_15;alpha_10_9;beta_18_9;beta_12_11;delta_18_11;gamma_17_13;beta_6_5;alpha_18_15;beta_8_10;alpha_16_14;delta_17_6;gamma_7_13;gamma_12_16;alpha_18_14;gamma_7_4;beta_12_5;gamma_2_1;gamma_16_10;gamma_10_13;gamma_17_7;theta_17_10;beta_16_14;alpha_11_15;gamma_4_9;alpha_16_18;gamma_1_7;alpha_12_4;gamma_16_11;beta_10_9;beta_18_17;beta_17_1;alpha_7_6;gamma_7_8;theta_7_11;gamma_11_15;alpha_17_7;gamma_16_8;beta_17_14;beta_5_9;alpha_13_5;gamma_17_14;gamma_6_8;gamma_6_7;gamma_7_5;gamma_1_13;beta_16_11;gamma_14_3;delta_17_4;gamma_9_13;beta_9_14;beta_9_5;gamma_3_9;gamma_12_8;beta_16_10;beta_17_13;gamma_6_10;beta_7_4;alpha_11_9;gamma_16_14
chb18,chb18_01,80,80,297;556;1029;287;293;299;603;599;605;1252;275;294;274;909;905;608;911;600;304;1124;295;1236;277;1495;1211;986;607;1215;593;906;292;601;289;1421;916;288;301;595;1173;1416;914;1217;610;913;598;1512;1517;282;1082;1212;580;1400;1521;305;1413;1408;1303;1418;901;1253;1121;910;1386;921;276;904;1116;1102;604;1381;1214;302;1271;1425;1456;1231;1399;1222;1464;1371,delta_18_9;theta_15_13;beta_7_11;delta_17_16;delta_18_5;delta_18_11;theta_18_9;theta_18_5;theta_18_11;gamma_2_13;delta_17_4;delta_18_6;delta_17_3;alpha_18_9;alpha_18_5;theta_18_14;alpha_18_11;theta_18_6;delta_18_16;beta_13_3;delta_18_7;gamma_1_14;delta_17_6;gamma_16_18;beta_18_5;beta_5_1;theta_18_13;beta_18_9;theta_17_16;alpha_18_6;delta_18_4;theta_18_7;delta_18_1;gamma_12_11;alpha_18_16;delta_17_18;delta_18_13;theta_18_1;beta_16_1;gamma_12_6;alpha_18_14;beta_18_11;theta_18_16;alpha_18_13;theta_18_4;gamma_17_18;gamma_18_5;delta_17_11;beta_10_13;beta_18_6;theta_17_3;gamma_11_7;gamma_18_9;delta_18_17;gamma_12_3;gamma_11_16;gamma_5_13;gamma_12_8;alpha_18_1;gamma_2_14;beta_12_18;alpha_18_10;gamma_10_11;beta_1_5;delta_17_5;alpha_18_4;beta_12_13;beta_11_16;theta_18_10;gamma_10_5;beta_18_8;delta_18_14;gamma_3_15;gamma_12_16;gamma_14_12;gamma_1_9;gamma_11_6;beta_18_16;gamma_15_3;gamma_9_13
chb18,chb18_02,80,80,297;1173;287;1254;293;299;603;599;605;275;1413;294;274;909;905;911;608;600;295;980;916;277;1405;1215;1495;607;292;906;1211;601;593;1236;289;288;301;1029;610;1451;1217;595;282;986;598;913;1421;1416;914;1082;1521;305;580;1212;1464;1408;1320;304;1227;1517;276;910;901;1512;1121;904;1418;1102;1116;1386;302;604;1381;1321;1456;1252;1479;1400;1214;1425;611;1399,delta_18_9;beta_16_1;delta_17_16;gamma_2_15;delta_18_5;delta_18_11;theta_18_9;theta_18_5;theta_18_11;delta_17_4;gamma_12_3;delta_18_6;delta_17_3;alpha_18_9;alpha_18_5;alpha_18_11;theta_18_14;theta_18_6;delta_18_7;beta_4_13;alpha_18_16;delta_17_6;gamma_11_13;beta_18_9;gamma_16_18;theta_18_13;delta_18_4;alpha_18_6;beta_18_5;theta_18_7;theta_17_16;gamma_1_14;delta_18_1;delta_17_18;delta_18_13;beta_7_11;theta_18_16;gamma_14_7;beta_18_11;theta_18_1;delta_17_11;beta_5_1;theta_18_4;alpha_18_13;gamma_12_11;gamma_12_6;alpha_18_14;beta_10_13;gamma_18_9;delta_18_17;theta_17_3;beta_18_6;gamma_15_3;gamma_11_16;gamma_6_13;delta_18_16;gamma_1_5;gamma_18_5;delta_17_5;alpha_18_10;alpha_18_1;gamma_17_18;beta_12_18;alpha_18_4;gamma_12_8;beta_11_16;beta_12_13;gamma_10_11;delta_18_14;theta_18_10;gamma_10_5;gamma_6_14;gamma_14_12;gamma_2_13;gamma_16_1;gamma_11_7;beta_18_8;gamma_12_16;theta_18_17;gamma_11_6
chb18,chb18_03,80,80,297;1338;275;293;299;603;287;599;605;274;294;608;909;905;911;1173;1335;600;295;1413;610;277;1495;1215;1252;593;1211;601;292;906;607;288;1065;1421;914;595;921;916;1400;1217;289;580;282;1416;301;1521;598;1381;913;1512;305;1212;986;1408;276;304;1082;1236;1517;1320;1386;910;901;1046;1102;1418;1121;1116;1481;604;904;1231;302;1214;1456;1377;1425;1227;1399;611,delta_18_9;gamma_7_14;delta_17_4;delta_18_5;delta_18_11;theta_18_9;delta_17_16;theta_18_5;theta_18_11;delta_17_3;delta_18_6;theta_18_14;alpha_18_9;alpha_18_5;alpha_18_11;beta_16_1;gamma_7_11;theta_18_6;delta_18_7;gamma_12_3;theta_18_16;delta_17_6;gamma_16_18;beta_18_9;gamma_2_13;theta_17_16;beta_18_5;theta_18_7;delta_18_4;alpha_18_6;theta_18_13;delta_17_18;beta_9_13;gamma_12_11;alpha_18_14;theta_18_1;beta_1_5;alpha_18_16;gamma_11_7;beta_18_11;delta_18_1;theta_17_3;delta_17_11;gamma_12_6;delta_18_13;gamma_18_9;theta_18_4;gamma_10_5;alpha_18_13;gamma_17_18;delta_18_17;beta_18_6;beta_5_1;gamma_11_16;delta_17_5;delta_18_16;beta_10_13;gamma_1_14;gamma_18_5;gamma_6_13;gamma_10_11;alpha_18_10;alpha_18_1;beta_8_11;beta_11_16;gamma_12_8;beta_12_18;beta_12_13;gamma_16_3;theta_18_10;alpha_18_4;gamma_1_9;delta_18_14;beta_18_8;gamma_14_12;gamma_10_1;gamma_12_16;gamma_1_5;gamma_11_6;theta_18_17
chb18,chb18_04,80,80,297;980;1405;287;293;299;603;599;605;275;294;274;909;905;608;911;1253;600;295;1189;1046;277;610;1413;1215;607;906;593;1211;601;292;288;1421;301;289;1377;282;1217;916;595;1416;914;305;913;1486;1521;1082;1320;598;1212;580;1236;1408;1468;921;1517;304;1386;1102;901;1512;1116;276;910;1121;1456;986;302;904;1481;1252;604;1479;1214;1425;1381;1318;611;1065;1427,delta_18_9;beta_4_13;gamma_11_13;delta_17_16;delta_18_5;delta_18_11;theta_18_9;theta_18_5;theta_18_11;delta_17_4;delta_18_6;delta_17_3;alpha_18_9;alpha_18_5;theta_18_14;alpha_18_11;gamma_2_14;theta_18_6;delta_18_7;beta_16_18;beta_8_11;delta_17_6;theta_18_16;gamma_12_3;beta_18_9;theta_18_13;alpha_18_6;theta_17_16;beta_18_5;theta_18_7;delta_18_4;delta_17_18;gamma_12_11;delta_18_13;delta_18_1;gamma_10_1;delta_17_11;beta_18_11;alpha_18_16;theta_18_1;gamma_12_6;alpha_18_14;delta_18_17;alpha_18_13;gamma_16_8;gamma_18_9;beta_10_13;gamma_6_13;theta_18_4;beta_18_6;theta_17_3;gamma_1_14;gamma_11_16;gamma_15_7;beta_1_5;gamma_18_5;delta_18_16;gamma_10_11;beta_11_16;alpha_18_1;gamma_17_18;beta_12_13;delta_17_5;alpha_18_10;beta_12_18;gamma_14_12;beta_5_1;delta_18_14;alpha_18_4;gamma_16_3;gamma_2_13;theta_18_10;gamma_16_1;beta_18_8;gamma_12_16;gamma_10_5;gamma_6_11;theta_18_17;beta_9_13;gamma_12_18
chb18,chb18_05,80,80,297;1252;275;293;1175;299;603;287;599;605;294;1029;1405;274;909;905;608;911;600;295;815;1321;916;277;1215;1416;1211;906;593;601;292;607;288;1173;1421;595;282;921;914;305;1217;610;301;1065;289;1521;598;913;1486;1212;580;986;1121;1236;1408;1517;1320;1413;1082;1512;1386;901;910;304;276;1102;1381;302;904;1231;604;1116;1214;1400;1425;1456;1427;611;1227;1464,delta_18_9;gamma_2_13;delta_17_4;delta_18_5;beta_16_3;delta_18_11;theta_18_9;delta_17_16;theta_18_5;theta_18_11;delta_18_6;beta_7_11;gamma_11_13;delta_17_3;alpha_18_9;alpha_18_5;theta_18_14;alpha_18_11;theta_18_6;delta_18_7;alpha_12_18;gamma_6_14;alpha_18_16;delta_17_6;beta_18_9;gamma_12_6;beta_18_5;alpha_18_6;theta_17_16;theta_18_7;delta_18_4;theta_18_13;delta_17_18;beta_16_1;gamma_12_11;theta_18_1;delta_17_11;beta_1_5;alpha_18_14;delta_18_17;beta_18_11;theta_18_16;delta_18_13;beta_9_13;delta_18_1;gamma_18_9;theta_18_4;alpha_18_13;gamma_16_8;beta_18_6;theta_17_3;beta_5_1;beta_12_18;gamma_1_14;gamma_11_16;gamma_18_5;gamma_6_13;gamma_12_3;beta_10_13;gamma_17_18;gamma_10_11;alpha_18_1;alpha_18_10;delta_18_16;delta_17_5;beta_11_16;gamma_10_5;delta_18_14;alpha_18_4;gamma_1_9;theta_18_10;beta_12_13;beta_18_8;gamma_11_7;gamma_12_16;gamma_14_12;gamma_12_18;theta_18_17;gamma_1_5;gamma_15_3
chb18,chb18_06,80,80,297;275;995;293;299;815;603;287;599;605;274;294;909;1037;608;905;911;1396;295;600;1253;610;1065;277;1215;598;607;593;906;601;1211;1303;1421;288;301;1416;916;921;1217;282;595;914;1377;305;913;292;1512;289;1521;1082;1413;580;1236;1212;304;1408;1517;1252;1400;910;276;1386;904;1116;1102;1418;901;1121;604;1227;1479;302;1214;986;1456;1425;929;611;1046;1481,delta_18_9;delta_17_4;beta_5_11;delta_18_5;delta_18_11;alpha_12_18;theta_18_9;delta_17_16;theta_18_5;theta_18_11;delta_17_3;delta_18_6;alpha_18_9;beta_8_1;theta_18_14;alpha_18_5;alpha_18_11;gamma_11_3;delta_18_7;theta_18_6;gamma_2_14;theta_18_16;beta_9_13;delta_17_6;beta_18_9;theta_18_4;theta_18_13;theta_17_16;alpha_18_6;theta_18_7;beta_18_5;gamma_5_13;gamma_12_11;delta_17_18;delta_18_13;gamma_12_6;alpha_18_16;beta_1_5;beta_18_11;delta_17_11;theta_18_1;alpha_18_14;gamma_10_1;delta_18_17;alpha_18_13;delta_18_4;gamma_17_18;delta_18_1;gamma_18_9;beta_10_13;gamma_12_3;theta_17_3;gamma_1_14;beta_18_6;delta_18_16;gamma_11_16;gamma_18_5;gamma_2_13;gamma_11_7;alpha_18_10;delta_17_5;gamma_10_11;alpha_18_4;beta_12_13;beta_11_16;gamma_12_8;alpha_18_1;beta_12_18;theta_18_10;gamma_1_5;gamma_16_1;delta_18_14;beta_18_8;beta_5_1;gamma_14_12;gamma_12_16;beta_1_13;theta_18_17;beta_8_11;gamma_16_3
chb18,chb18_07,80,80,297;1320;1094;275;293;299;603;287;599;605;294;274;909;905;1236;608;911;600;295;610;1467;277;1046;1215;906;1421;1065;1211;593;601;607;1413;288;292;916;595;282;1173;1217;914;921;289;301;1495;1212;580;913;305;1521;1252;1082;1512;598;1408;304;1418;1517;910;276;901;1253;1116;1386;1102;986;1416;604;1121;1481;904;1377;1231;1214;1425;1456;302;611;1012;1518;1400,delta_18_9;gamma_6_13;beta_11_7;delta_17_4;delta_18_5;delta_18_11;theta_18_9;delta_17_16;theta_18_5;theta_18_11;delta_18_6;delta_17_3;alpha_18_9;alpha_18_5;gamma_1_14;theta_18_14;alpha_18_11;theta_18_6;delta_18_7;theta_18_16;gamma_15_6;delta_17_6;beta_8_11;beta_18_9;alpha_18_6;gamma_12_11;beta_9_13;beta_18_5;theta_17_16;theta_18_7;theta_18_13;gamma_12_3;delta_17_18;delta_18_4;alpha_18_16;theta_18_1;delta_17_11;beta_16_1;beta_18_11;alpha_18_14;beta_1_5;delta_18_1;delta_18_13;gamma_16_18;beta_18_6;theta_17_3;alpha_18_13;delta_18_17;gamma_18_9;gamma_2_13;beta_10_13;gamma_17_18;theta_18_4;gamma_11_16;delta_18_16;gamma_12_8;gamma_18_5;alpha_18_10;delta_17_5;alpha_18_1;gamma_2_14;beta_12_13;gamma_10_11;beta_11_16;beta_5_1;gamma_12_6;theta_18_10;beta_12_18;gamma_16_3;alpha_18_4;gamma_10_1;gamma_1_9;beta_18_8;gamma_12_16;gamma_14_12;delta_18_14;theta_18_17;beta_6_11;gamma_18_6;gamma_11_7
chb18,chb18_08,80,80,297;304;1355;293;275;299;603;599;287;1461;605;294;608;909;274;905;295;911;600;980;1405;1413;277;1215;1318;607;1421;1211;601;906;292;593;921;916;288;289;301;1416;595;914;1381;282;1217;986;598;913;610;1122;1512;580;1521;1121;1236;305;1116;1212;1418;1408;276;1320;1400;910;901;1517;1386;604;302;1464;904;1065;1102;1227;1046;1214;1252;1425;1479;611;1082;1456,delta_18_9;delta_18_16;gamma_8_14;delta_18_5;delta_17_4;delta_18_11;theta_18_9;theta_18_5;delta_17_16;gamma_14_18;theta_18_11;delta_18_6;theta_18_14;alpha_18_9;delta_17_3;alpha_18_5;delta_18_7;alpha_18_11;theta_18_6;beta_4_13;gamma_11_13;gamma_12_3;delta_17_6;beta_18_9;gamma_6_11;theta_18_13;gamma_12_11;beta_18_5;theta_18_7;alpha_18_6;delta_18_4;theta_17_16;beta_1_5;alpha_18_16;delta_17_18;delta_18_1;delta_18_13;gamma_12_6;theta_18_1;alpha_18_14;gamma_10_5;delta_17_11;beta_18_11;beta_5_1;theta_18_4;alpha_18_13;theta_18_16;beta_13_1;gamma_17_18;theta_17_3;gamma_18_9;beta_12_18;gamma_1_14;delta_18_17;beta_12_13;beta_18_6;gamma_12_8;gamma_11_16;delta_17_5;gamma_6_13;gamma_11_7;alpha_18_10;alpha_18_1;gamma_18_5;gamma_10_11;theta_18_10;delta_18_14;gamma_15_3;alpha_18_4;beta_9_13;beta_11_16;gamma_1_5;beta_8_11;beta_18_8;gamma_2_13;gamma_12_16;gamma_16_1;theta_18_17;beta_10_13;gamma_14_12
chb18,chb18_09,80,80,297;275;714;293;299;287;603;1461;599;302;605;294;274;909;929;905;295;911;927;600;1065;610;1413;277;607;1321;1215;593;601;288;1211;292;608;906;289;301;1173;1421;595;282;1416;916;598;921;1512;1217;913;305;580;1082;1521;1400;914;276;1303;1408;304;1212;1418;1517;1236;1481;901;1116;1121;910;904;1102;1386;1286;1456;1381;604;1227;1399;1318;1214;1464;1425;611,delta_18_9;delta_17_4;alpha_7_1;delta_18_5;delta_18_11;delta_17_16;theta_18_9;gamma_14_18;theta_18_5;delta_18_14;theta_18_11;delta_18_6;delta_17_3;alpha_18_9;beta_1_13;alpha_18_5;delta_18_7;alpha_18_11;beta_1_11;theta_18_6;beta_9_13;theta_18_16;gamma_12_3;delta_17_6;theta_18_13;gamma_6_14;beta_18_9;theta_17_16;theta_18_7;delta_17_18;beta_18_5;delta_18_4;theta_18_14;alpha_18_6;delta_18_1;delta_18_13;beta_16_1;gamma_12_11;theta_18_1;delta_17_11;gamma_12_6;alpha_18_16;theta_18_4;beta_1_5;gamma_17_18;beta_18_11;alpha_18_13;delta_18_17;theta_17_3;beta_10_13;gamma_18_9;gamma_11_7;alpha_18_14;delta_17_5;gamma_5_13;gamma_11_16;delta_18_16;beta_18_6;gamma_12_8;gamma_18_5;gamma_1_14;gamma_16_3;alpha_18_1;beta_12_13;beta_12_18;alpha_18_10;alpha_18_4;beta_11_16;gamma_10_11;gamma_4_13;gamma_14_12;gamma_10_5;theta_18_10;gamma_1_5;gamma_11_6;gamma_6_11;beta_18_8;gamma_15_3;gamma_12_16;theta_18_17
chb18,chb18_10,80,80,297;275;1400;293;1253;299;603;287;599;605;274;294;909;608;905;911;295;600;1303;1065;1512;610;1413;277;288;1215;607;1211;601;906;593;598;1495;282;1318;301;916;595;1416;1421;1037;1217;289;1377;914;305;913;580;1116;1521;921;1408;292;1236;1212;1386;304;1286;1517;1418;1121;910;276;901;1082;1102;1464;302;904;1479;1206;604;1456;1214;1320;1046;1381;594;611;1399,delta_18_9;delta_17_4;gamma_11_7;delta_18_5;gamma_2_14;delta_18_11;theta_18_9;delta_17_16;theta_18_5;theta_18_11;delta_17_3;delta_18_6;alpha_18_9;theta_18_14;alpha_18_5;alpha_18_11;delta_18_7;theta_18_6;gamma_5_13;beta_9_13;gamma_17_18;theta_18_16;gamma_12_3;delta_17_6;delta_17_18;beta_18_9;theta_18_13;beta_18_5;theta_18_7;alpha_18_6;theta_17_16;theta_18_4;gamma_16_18;delta_17_11;gamma_6_11;delta_18_13;alpha_18_16;theta_18_1;gamma_12_6;gamma_12_11;beta_8_1;beta_18_11;delta_18_1;gamma_10_1;alpha_18_14;delta_18_17;alpha_18_13;theta_17_3;beta_12_13;gamma_18_9;beta_1_5;gamma_11_16;delta_18_4;gamma_1_14;beta_18_6;gamma_10_11;delta_18_16;gamma_4_13;gamma_18_5;gamma_12_8;beta_12_18;alpha_18_10;delta_17_5;alpha_18_1;beta_10_13;beta_11_16;gamma_15_3;delta_18_14;alpha_18_4;gamma_16_1;beta_17_18;theta_18_10;gamma_14_12;beta_18_8;gamma_6_13;beta_8_11;gamma_10_5;theta_17_18;theta_18_17;gamma_11_6
chb18,chb18_11,80,80,297;275;638;299;293;1417;287;603;599;605;302;294;274;909;905;911;1236;295;600;1413;916;1065;277;1320;288;1215;608;601;593;1211;906;607;292;1377;289;986;282;1421;305;595;1416;610;301;1217;1521;1082;580;1512;913;1121;598;921;914;1517;1408;304;1252;1212;276;1481;1253;901;1116;910;1386;1173;1102;1418;1456;604;904;1400;1214;1231;611;1381;1427;1046;1425;1227,delta_18_9;delta_17_4;alpha_2_11;delta_18_11;delta_18_5;gamma_12_7;delta_17_16;theta_18_9;theta_18_5;theta_18_11;delta_18_14;delta_18_6;delta_17_3;alpha_18_9;alpha_18_5;alpha_18_11;gamma_1_14;delta_18_7;theta_18_6;gamma_12_3;alpha_18_16;beta_9_13;delta_17_6;gamma_6_13;delta_17_18;beta_18_9;theta_18_14;theta_18_7;theta_17_16;beta_18_5;alpha_18_6;theta_18_13;delta_18_4;gamma_10_1;delta_18_1;beta_5_1;delta_17_11;gamma_12_11;delta_18_17;theta_18_1;gamma_12_6;theta_18_16;delta_18_13;beta_18_11;gamma_18_9;beta_10_13;theta_17_3;gamma_17_18;alpha_18_13;beta_12_18;theta_18_4;beta_1_5;alpha_18_14;gamma_18_5;gamma_11_16;delta_18_16;gamma_2_13;beta_18_6;delta_17_5;gamma_16_3;gamma_2_14;alpha_18_1;beta_12_13;alpha_18_10;gamma_10_11;beta_16_1;beta_11_16;gamma_12_8;gamma_14_12;theta_18_10;alpha_18_4;gamma_11_7;beta_18_8;gamma_1_9;theta_18_17;gamma_10_5;gamma_12_18;beta_8_11;gamma_12_16;gamma_1_5
chb18,chb18_12,80,80,297;1381;692;287;293;299;603;599;274;605;275;294;909;302;905;295;911;1303;600;1046;610;277;1413;1421;601;608;1215;598;593;906;607;1065;1211;921;305;282;301;916;1416;595;288;1217;580;289;1121;1122;292;913;986;1512;914;1521;1400;1212;1236;276;1082;1408;929;304;904;1517;1418;1386;910;901;1102;1481;1116;1227;611;604;1425;1427;1252;1456;1479;1318;1214;1321,delta_18_9;gamma_10_5;alpha_5_14;delta_17_16;delta_18_5;delta_18_11;theta_18_9;theta_18_5;delta_17_3;theta_18_11;delta_17_4;delta_18_6;alpha_18_9;delta_18_14;alpha_18_5;delta_18_7;alpha_18_11;gamma_5_13;theta_18_6;beta_8_11;theta_18_16;delta_17_6;gamma_12_3;gamma_12_11;theta_18_7;theta_18_14;beta_18_9;theta_18_4;theta_17_16;alpha_18_6;theta_18_13;beta_9_13;beta_18_5;beta_1_5;delta_18_17;delta_17_11;delta_18_13;alpha_18_16;gamma_12_6;theta_18_1;delta_17_18;beta_18_11;theta_17_3;delta_18_1;beta_12_18;beta_13_1;delta_18_4;alpha_18_13;beta_5_1;gamma_17_18;alpha_18_14;gamma_18_9;gamma_11_7;beta_18_6;gamma_1_14;delta_17_5;beta_10_13;gamma_11_16;beta_1_13;delta_18_16;alpha_18_4;gamma_18_5;gamma_12_8;gamma_10_11;alpha_18_10;alpha_18_1;beta_11_16;gamma_16_3;beta_12_13;gamma_1_5;theta_18_17;theta_18_10;gamma_12_16;gamma_12_18;gamma_2_13;gamma_14_12;gamma_16_1;gamma_6_11;beta_18_8;gamma_6_14
chb18,chb18_13,80,80,297;810;287;293;299;603;599;275;605;274;294;608;909;905;295;1303;911;1413;1338;600;610;1046;277;1215;607;292;601;1211;593;906;1495;288;1173;301;921;1421;595;916;1512;282;1416;914;1217;289;598;1400;913;986;305;1082;1521;580;1286;1408;304;1212;1236;1121;1517;901;276;1481;910;1116;1102;1386;904;1418;302;1456;1377;1231;604;1206;1227;1214;1425;1320;1065;1427,delta_18_9;alpha_12_13;delta_17_16;delta_18_5;delta_18_11;theta_18_9;theta_18_5;delta_17_4;theta_18_11;delta_17_3;delta_18_6;theta_18_14;alpha_18_9;alpha_18_5;delta_18_7;gamma_5_13;alpha_18_11;gamma_12_3;gamma_7_14;theta_18_6;theta_18_16;beta_8_11;delta_17_6;beta_18_9;theta_18_13;delta_18_4;theta_18_7;beta_18_5;theta_17_16;alpha_18_6;gamma_16_18;delta_17_18;beta_16_1;delta_18_13;beta_1_5;gamma_12_11;theta_18_1;alpha_18_16;gamma_17_18;delta_17_11;gamma_12_6;alpha_18_14;beta_18_11;delta_18_1;theta_18_4;gamma_11_7;alpha_18_13;beta_5_1;delta_18_17;beta_10_13;gamma_18_9;theta_17_3;gamma_4_13;gamma_11_16;delta_18_16;beta_18_6;gamma_1_14;beta_12_18;gamma_18_5;alpha_18_1;delta_17_5;gamma_16_3;alpha_18_10;beta_12_13;beta_11_16;gamma_10_11;alpha_18_4;gamma_12_8;delta_18_14;gamma_14_12;gamma_10_1;gamma_1_9;theta_18_10;beta_17_18;gamma_1_5;beta_18_8;gamma_12_16;gamma_6_13;beta_9_13;gamma_12_18
chb18,chb18_14,80,80,297;1303;275;293;1405;299;287;603;599;605;274;294;1495;1335;909;905;608;911;1236;295;600;610;277;1413;1215;598;288;601;1211;593;607;906;921;1122;289;1421;305;301;916;1217;1116;282;914;595;580;1512;1416;1521;292;913;1252;1408;1418;986;1212;1400;304;1121;1253;1082;1517;276;1386;1102;904;910;1381;901;1464;1046;302;929;1456;1425;1227;604;611;879;1214;1427,delta_18_9;gamma_5_13;delta_17_4;delta_18_5;gamma_11_13;delta_18_11;delta_17_16;theta_18_9;theta_18_5;theta_18_11;delta_17_3;delta_18_6;gamma_16_18;gamma_7_11;alpha_18_9;alpha_18_5;theta_18_14;alpha_18_11;gamma_1_14;delta_18_7;theta_18_6;theta_18_16;delta_17_6;gamma_12_3;beta_18_9;theta_18_4;delta_17_18;theta_18_7;beta_18_5;theta_17_16;theta_18_13;alpha_18_6;beta_1_5;beta_13_1;delta_18_1;gamma_12_11;delta_18_17;delta_18_13;alpha_18_16;beta_18_11;beta_12_13;delta_17_11;alpha_18_14;theta_18_1;theta_17_3;gamma_17_18;gamma_12_6;gamma_18_9;delta_18_4;alpha_18_13;gamma_2_13;gamma_11_16;gamma_12_8;beta_5_1;beta_18_6;gamma_11_7;delta_18_16;beta_12_18;gamma_2_14;beta_10_13;gamma_18_5;delta_17_5;gamma_10_11;beta_11_16;alpha_18_4;alpha_18_10;gamma_10_5;alpha_18_1;gamma_15_3;beta_8_11;delta_18_14;beta_1_13;gamma_14_12;gamma_12_16;gamma_1_5;theta_18_10;theta_18_17;alpha_16_13;beta_18_8;gamma_12_18
chb18,chb18_15,80,80,297;304;1467;293;275;605;603;1046;599;287;299;608;294;909;274;905;911;600;295;980;607;288;1413;1065;1215;277;1236;598;1211;601;593;906;1495;301;1122;935;916;289;282;914;1217;305;595;913;1421;1521;1082;610;580;1512;1416;292;1212;1408;921;1418;1386;1517;1400;1464;910;1253;904;276;1303;1102;901;1116;302;1121;1456;604;611;1377;1425;986;1214;1318;1252;1481,delta_18_9;delta_18_16;gamma_15_6;delta_18_5;delta_17_4;theta_18_11;theta_18_9;beta_8_11;theta_18_5;delta_17_16;delta_18_11;theta_18_14;delta_18_6;alpha_18_9;delta_17_3;alpha_18_5;alpha_18_11;theta_18_6;delta_18_7;beta_4_13;theta_18_13;delta_17_18;gamma_12_3;beta_9_13;beta_18_9;delta_17_6;gamma_1_14;theta_18_4;beta_18_5;theta_18_7;theta_17_16;alpha_18_6;gamma_16_18;delta_18_13;beta_13_1;beta_2_1;alpha_18_16;delta_18_1;delta_17_11;alpha_18_14;beta_18_11;delta_18_17;theta_18_1;alpha_18_13;gamma_12_11;gamma_18_9;beta_10_13;theta_18_16;theta_17_3;gamma_17_18;gamma_12_6;delta_18_4;beta_18_6;gamma_11_16;beta_1_5;gamma_12_8;gamma_10_11;gamma_18_5;gamma_11_7;gamma_15_3;alpha_18_10;gamma_2_14;alpha_18_4;delta_17_5;gamma_5_13;beta_11_16;alpha_18_1;beta_12_13;delta_18_14;beta_12_18;gamma_14_12;theta_18_10;theta_18_17;gamma_10_1;gamma_12_16;beta_5_1;beta_18_8;gamma_6_11;gamma_2_13;gamma_16_3
chb18,chb18_16,80,80,297;275;1355;293;299;603;274;815;599;287;605;294;608;909;905;911;1481;295;600;610;929;1416;277;598;1215;1065;601;906;607;593;1211;1318;1037;288;301;1421;282;289;916;1377;1217;1512;914;595;292;580;1521;921;305;1386;1082;913;1400;1212;1408;276;1236;1413;304;1517;1320;1121;910;904;1418;1116;1102;901;604;1173;986;1046;1456;1286;302;1464;1206;1214;1381;1425,delta_18_9;delta_17_4;gamma_8_14;delta_18_5;delta_18_11;theta_18_9;delta_17_3;alpha_12_18;theta_18_5;delta_17_16;theta_18_11;delta_18_6;theta_18_14;alpha_18_9;alpha_18_5;alpha_18_11;gamma_16_3;delta_18_7;theta_18_6;theta_18_16;beta_1_13;gamma_12_6;delta_17_6;theta_18_4;beta_18_9;beta_9_13;theta_18_7;alpha_18_6;theta_18_13;theta_17_16;beta_18_5;gamma_6_11;beta_8_1;delta_17_18;delta_18_13;gamma_12_11;delta_17_11;delta_18_1;alpha_18_16;gamma_10_1;beta_18_11;gamma_17_18;alpha_18_14;theta_18_1;delta_18_4;theta_17_3;gamma_18_9;beta_1_5;delta_18_17;gamma_10_11;beta_10_13;alpha_18_13;gamma_11_7;beta_18_6;gamma_11_16;delta_17_5;gamma_1_14;gamma_12_3;delta_18_16;gamma_18_5;gamma_6_13;beta_12_18;alpha_18_10;alpha_18_4;gamma_12_8;beta_12_13;beta_11_16;alpha_18_1;theta_18_10;beta_16_1;beta_5_1;beta_8_11;gamma_14_12;gamma_4_13;delta_18_14;gamma_15_3;beta_17_18;beta_18_8;gamma_10_5;gamma_12_16
chb18,chb18_17,80,80,297;1381;287;293;299;603;980;599;274;605;275;294;608;909;905;1461;911;600;1413;1253;295;916;1046;277;1215;607;906;1421;598;921;1211;1065;593;601;288;301;289;1416;914;610;595;1217;986;282;1173;580;1521;913;1512;305;1082;1121;1212;292;1408;1236;276;1481;1517;1252;901;910;1386;904;1400;304;1116;1418;1102;1456;1227;604;302;1320;1427;1425;1214;611;1399;1012,delta_18_9;gamma_10_5;delta_17_16;delta_18_5;delta_18_11;theta_18_9;beta_4_13;theta_18_5;delta_17_3;theta_18_11;delta_17_4;delta_18_6;theta_18_14;alpha_18_9;alpha_18_5;gamma_14_18;alpha_18_11;theta_18_6;gamma_12_3;gamma_2_14;delta_18_7;alpha_18_16;beta_8_11;delta_17_6;beta_18_9;theta_18_13;alpha_18_6;gamma_12_11;theta_18_4;beta_1_5;beta_18_5;beta_9_13;theta_17_16;theta_18_7;delta_17_18;delta_18_13;delta_18_1;gamma_12_6;alpha_18_14;theta_18_16;theta_18_1;beta_18_11;beta_5_1;delta_17_11;beta_16_1;theta_17_3;gamma_18_9;alpha_18_13;gamma_17_18;delta_18_17;beta_10_13;beta_12_18;beta_18_6;delta_18_4;gamma_11_16;gamma_1_14;delta_17_5;gamma_16_3;gamma_18_5;gamma_2_13;alpha_18_1;alpha_18_10;gamma_10_11;alpha_18_4;gamma_11_7;delta_18_16;beta_12_13;gamma_12_8;beta_11_16;gamma_14_12;gamma_1_5;theta_18_10;delta_18_14;gamma_6_13;gamma_12_18;gamma_12_16;beta_18_8;theta_18_17;gamma_11_6;beta_6_11
chb18,chb18_18,80,80,297;1321;275;293;1396;299;603;287;599;605;302;294;274;909;905;911;295;1303;600;1461;610;277;1215;1421;1416;608;906;601;607;1211;292;921;1065;593;1318;916;288;289;1377;301;1217;282;595;1413;305;986;1521;598;913;580;1512;1236;914;1486;1212;1400;1082;1408;1252;1121;1517;1386;910;304;901;1479;1102;276;1116;904;604;1481;1227;1214;1320;611;1425;1046;1456;1399,delta_18_9;gamma_6_14;delta_17_4;delta_18_5;gamma_11_3;delta_18_11;theta_18_9;delta_17_16;theta_18_5;theta_18_11;delta_18_14;delta_18_6;delta_17_3;alpha_18_9;alpha_18_5;alpha_18_11;delta_18_7;gamma_5_13;theta_18_6;gamma_14_18;theta_18_16;delta_17_6;beta_18_9;gamma_12_11;gamma_12_6;theta_18_14;alpha_18_6;theta_18_7;theta_18_13;beta_18_5;delta_18_4;beta_1_5;beta_9_13;theta_17_16;gamma_6_11;alpha_18_16;delta_17_18;delta_18_1;gamma_10_1;delta_18_13;beta_18_11;delta_17_11;theta_18_1;gamma_12_3;delta_18_17;beta_5_1;gamma_18_9;theta_18_4;alpha_18_13;theta_17_3;gamma_17_18;gamma_1_14;alpha_18_14;gamma_16_8;beta_18_6;gamma_11_7;beta_10_13;gamma_11_16;gamma_2_13;beta_12_18;gamma_18_5;gamma_10_11;alpha_18_10;delta_18_16;alpha_18_1;gamma_16_1;beta_11_16;delta_17_5;beta_12_13;alpha_18_4;theta_18_10;gamma_16_3;gamma_1_5;beta_18_8;gamma_6_13;theta_18_17;gamma_12_16;beta_8_11;gamma_14_12;gamma_11_6
chb18,chb18_19,80,80,297;573;287;293;1037;299;603;599;274;605;294;275;909;1236;608;905;911;1396;600;295;1303;610;277;288;1215;607;906;1421;1211;601;1173;593;292;1416;301;916;921;595;282;914;1217;1495;289;1046;1082;913;1413;305;1521;1512;598;1212;580;1408;1400;929;1517;276;1121;304;910;1116;1253;1102;901;1418;1381;1386;604;1227;904;1456;1320;1481;1214;1425;1371;986;1479;611,delta_18_9;theta_16_13;delta_17_16;delta_18_5;beta_8_1;delta_18_11;theta_18_9;theta_18_5;delta_17_3;theta_18_11;delta_18_6;delta_17_4;alpha_18_9;gamma_1_14;theta_18_14;alpha_18_5;alpha_18_11;gamma_11_3;theta_18_6;delta_18_7;gamma_5_13;theta_18_16;delta_17_6;delta_17_18;beta_18_9;theta_18_13;alpha_18_6;gamma_12_11;beta_18_5;theta_18_7;beta_16_1;theta_17_16;delta_18_4;gamma_12_6;delta_18_13;alpha_18_16;beta_1_5;theta_18_1;delta_17_11;alpha_18_14;beta_18_11;gamma_16_18;delta_18_1;beta_8_11;beta_10_13;alpha_18_13;gamma_12_3;delta_18_17;gamma_18_9;gamma_17_18;theta_18_4;beta_18_6;theta_17_3;gamma_11_16;gamma_11_7;beta_1_13;gamma_18_5;delta_17_5;beta_12_18;delta_18_16;alpha_18_10;beta_12_13;gamma_2_14;beta_11_16;alpha_18_1;gamma_12_8;gamma_10_5;gamma_10_11;theta_18_10;gamma_1_5;alpha_18_4;gamma_14_12;gamma_6_13;gamma_16_3;beta_18_8;gamma_12_16;gamma_9_13;beta_5_1;gamma_16_1;theta_18_17
chb18,chb18_20,80,80,297;1252;275;815;293;299;287;603;599;605;1253;274;294;909;905;608;295;911;1065;600;610;1413;277;1215;593;1046;1211;292;906;601;607;1037;1173;288;916;289;1421;282;301;1416;595;1217;914;598;1082;580;1512;1400;913;305;921;1521;1303;1212;1408;1236;304;1517;276;1121;1381;1464;910;901;1116;1102;904;1231;1386;1418;1456;604;1425;611;1214;302;1320;1227;1377;1427,delta_18_9;gamma_2_13;delta_17_4;alpha_12_18;delta_18_5;delta_18_11;delta_17_16;theta_18_9;theta_18_5;theta_18_11;gamma_2_14;delta_17_3;delta_18_6;alpha_18_9;alpha_18_5;theta_18_14;delta_18_7;alpha_18_11;beta_9_13;theta_18_6;theta_18_16;gamma_12_3;delta_17_6;beta_18_9;theta_17_16;beta_8_11;beta_18_5;delta_18_4;alpha_18_6;theta_18_7;theta_18_13;beta_8_1;beta_16_1;delta_17_18;alpha_18_16;delta_18_1;gamma_12_11;delta_17_11;delta_18_13;gamma_12_6;theta_18_1;beta_18_11;alpha_18_14;theta_18_4;beta_10_13;theta_17_3;gamma_17_18;gamma_11_7;alpha_18_13;delta_18_17;beta_1_5;gamma_18_9;gamma_5_13;beta_18_6;gamma_11_16;gamma_1_14;delta_18_16;gamma_18_5;delta_17_5;beta_12_18;gamma_10_5;gamma_15_3;alpha_18_10;alpha_18_1;beta_12_13;beta_11_16;alpha_18_4;gamma_1_9;gamma_10_11;gamma_12_8;gamma_14_12;theta_18_10;gamma_12_16;theta_18_17;beta_18_8;delta_18_14;gamma_6_13;gamma_1_5;gamma_10_1;gamma_12_18
chb18,chb18_21,80,80,297;304;1450;293;275;299;603;599;287;605;294;929;909;274;905;608;911;295;600;1253;1173;277;1495;607;598;1215;1211;1082;593;906;601;1012;288;921;301;1421;916;289;1413;282;595;292;1217;913;610;1116;914;1521;986;1416;1408;305;1517;1303;1512;580;1121;1212;276;1236;904;1400;910;1386;901;1377;1102;1456;1418;1065;604;1231;1464;1214;1252;1425;611;1349;302;1427,delta_18_9;delta_18_16;gamma_14_6;delta_18_5;delta_17_4;delta_18_11;theta_18_9;theta_18_5;delta_17_16;theta_18_11;delta_18_6;beta_1_13;alpha_18_9;delta_17_3;alpha_18_5;theta_18_14;alpha_18_11;delta_18_7;theta_18_6;gamma_2_14;beta_16_1;delta_17_6;gamma_16_18;theta_18_13;theta_18_4;beta_18_9;beta_18_5;beta_10_13;theta_17_16;alpha_18_6;theta_18_7;beta_6_11;delta_17_18;beta_1_5;delta_18_13;gamma_12_11;alpha_18_16;delta_18_1;gamma_12_3;delta_17_11;theta_18_1;delta_18_4;beta_18_11;alpha_18_13;theta_18_16;beta_12_13;alpha_18_14;gamma_18_9;beta_5_1;gamma_12_6;gamma_11_16;delta_18_17;gamma_18_5;gamma_5_13;gamma_17_18;theta_17_3;beta_12_18;beta_18_6;delta_17_5;gamma_1_14;alpha_18_4;gamma_11_7;alpha_18_10;gamma_10_11;alpha_18_1;gamma_10_1;beta_11_16;gamma_14_12;gamma_12_8;beta_9_13;theta_18_10;gamma_1_9;gamma_15_3;beta_18_8;gamma_2_13;gamma_12_16;theta_18_17;gamma_8_7;delta_18_14;gamma_12_18
chb18,chb18_22,80,80,297;1270;275;1417;293;299;603;274;599;287;605;294;909;608;905;980;911;295;600;610;1065;277;1046;1215;1413;288;607;906;593;292;1211;601;1495;986;1173;301;916;289;1512;914;1421;1416;595;1217;282;598;921;1082;580;913;1521;1408;305;1212;1236;1303;304;1102;1517;1121;1386;1116;276;910;901;1481;1456;1418;904;1231;302;604;1318;1377;1214;1400;1227;1206;1425;1399,delta_18_9;gamma_3_14;delta_17_4;gamma_12_7;delta_18_5;delta_18_11;theta_18_9;delta_17_3;theta_18_5;delta_17_16;theta_18_11;delta_18_6;alpha_18_9;theta_18_14;alpha_18_5;beta_4_13;alpha_18_11;delta_18_7;theta_18_6;theta_18_16;beta_9_13;delta_17_6;beta_8_11;beta_18_9;gamma_12_3;delta_17_18;theta_18_13;alpha_18_6;theta_17_16;delta_18_4;beta_18_5;theta_18_7;gamma_16_18;beta_5_1;beta_16_1;delta_18_13;alpha_18_16;delta_18_1;gamma_17_18;alpha_18_14;gamma_12_11;gamma_12_6;theta_18_1;beta_18_11;delta_17_11;theta_18_4;beta_1_5;beta_10_13;theta_17_3;alpha_18_13;gamma_18_9;gamma_11_16;delta_18_17;beta_18_6;gamma_1_14;gamma_5_13;delta_18_16;beta_11_16;gamma_18_5;beta_12_18;gamma_10_11;beta_12_13;delta_17_5;alpha_18_10;alpha_18_1;gamma_16_3;gamma_14_12;gamma_12_8;alpha_18_4;gamma_1_9;delta_18_14;theta_18_10;gamma_6_11;gamma_10_1;beta_18_8;gamma_11_7;gamma_1_5;beta_17_18;gamma_12_16;gamma_11_6
chb18,chb18_23,80,80,297;810;1349;287;293;299;603;980;302;599;274;605;275;294;909;1481;905;295;911;600;610;1236;277;608;288;1215;935;593;607;601;906;292;1211;1318;1495;282;1416;289;1479;916;595;580;301;1217;1421;1400;598;1082;913;914;1521;921;1512;305;1212;1413;1381;1408;1320;276;1121;304;1116;901;1253;1102;910;1517;1418;1386;904;1252;604;1046;1214;986;1456;1425;1065;1464,delta_18_9;alpha_12_13;gamma_8_7;delta_17_16;delta_18_5;delta_18_11;theta_18_9;beta_4_13;delta_18_14;theta_18_5;delta_17_3;theta_18_11;delta_17_4;delta_18_6;alpha_18_9;gamma_16_3;alpha_18_5;delta_18_7;alpha_18_11;theta_18_6;theta_18_16;gamma_1_14;delta_17_6;theta_18_14;delta_17_18;beta_18_9;beta_2_1;theta_17_16;theta_18_13;theta_18_7;alpha_18_6;delta_18_4;beta_18_5;gamma_6_11;gamma_16_18;delta_17_11;gamma_12_6;delta_18_1;gamma_16_1;alpha_18_16;theta_18_1;theta_17_3;delta_18_13;beta_18_11;gamma_12_11;gamma_11_7;theta_18_4;beta_10_13;alpha_18_13;alpha_18_14;gamma_18_9;beta_1_5;gamma_17_18;delta_18_17;beta_18_6;gamma_12_3;gamma_10_5;gamma_11_16;gamma_6_13;delta_17_5;beta_12_18;delta_18_16;beta_12_13;alpha_18_1;gamma_2_14;beta_11_16;alpha_18_10;gamma_18_5;gamma_12_8;gamma_10_11;alpha_18_4;gamma_2_13;theta_18_10;beta_8_11;beta_18_8;beta_5_1;gamma_14_12;gamma_12_16;beta_9_13;gamma_15_3
chb18,chb18_24,80,80,297;275;764;299;293;1321;603;287;599;605;302;294;274;909;905;1413;911;295;980;600;610;1405;288;927;277;1215;1421;608;1211;601;906;292;607;593;1037;916;282;1173;289;1416;305;301;1217;595;1082;598;1521;580;1400;1320;913;304;1227;1512;914;1408;1212;1236;1418;1517;1121;1116;1481;276;910;1102;901;1386;904;1381;1252;611;604;1456;1399;1425;1214;986;1065;1427,delta_18_9;delta_17_4;alpha_9_18;delta_18_11;delta_18_5;gamma_6_14;theta_18_9;delta_17_16;theta_18_5;theta_18_11;delta_18_14;delta_18_6;delta_17_3;alpha_18_9;alpha_18_5;gamma_12_3;alpha_18_11;delta_18_7;beta_4_13;theta_18_6;theta_18_16;gamma_11_13;delta_17_18;beta_1_11;delta_17_6;beta_18_9;gamma_12_11;theta_18_14;beta_18_5;theta_18_7;alpha_18_6;delta_18_4;theta_18_13;theta_17_16;beta_8_1;alpha_18_16;delta_17_11;beta_16_1;delta_18_1;gamma_12_6;delta_18_17;delta_18_13;beta_18_11;theta_18_1;beta_10_13;theta_18_4;gamma_18_9;theta_17_3;gamma_11_7;gamma_6_13;alpha_18_13;delta_18_16;gamma_1_5;gamma_17_18;alpha_18_14;gamma_11_16;beta_18_6;gamma_1_14;gamma_12_8;gamma_18_5;beta_12_18;beta_12_13;gamma_16_3;delta_17_5;alpha_18_10;beta_11_16;alpha_18_1;gamma_10_11;alpha_18_4;gamma_10_5;gamma_2_13;theta_18_17;theta_18_10;gamma_14_12;gamma_11_6;gamma_12_16;beta_18_8;beta_5_1;beta_9_13;gamma_12_18
chb18,chb18_25,80,80,297;1321;275;293;299;509;603;287;599;605;274;294;608;909;905;911;1405;295;980;600;610;1413;986;277;288;607;1215;292;1211;601;593;906;1046;289;1421;301;1377;916;595;282;1416;1217;914;580;598;913;1082;1418;921;1521;305;304;1236;1408;1320;1212;1400;901;1512;276;1517;1464;1121;302;910;1065;1386;1102;904;1252;1479;604;1425;1116;1214;1227;1456;1253;1381;1427,delta_18_9;gamma_6_14;delta_17_4;delta_18_5;delta_18_11;theta_12_18;theta_18_9;delta_17_16;theta_18_5;theta_18_11;delta_17_3;delta_18_6;theta_18_14;alpha_18_9;alpha_18_5;alpha_18_11;gamma_11_13;delta_18_7;beta_4_13;theta_18_6;theta_18_16;gamma_12_3;beta_5_1;delta_17_6;delta_17_18;theta_18_13;beta_18_9;delta_18_4;beta_18_5;theta_18_7;theta_17_16;alpha_18_6;beta_8_11;delta_18_1;gamma_12_11;delta_18_13;gamma_10_1;alpha_18_16;theta_18_1;delta_17_11;gamma_12_6;beta_18_11;alpha_18_14;theta_17_3;theta_18_4;alpha_18_13;beta_10_13;gamma_12_8;beta_1_5;gamma_18_9;delta_18_17;delta_18_16;gamma_1_14;gamma_11_16;gamma_6_13;beta_18_6;gamma_11_7;alpha_18_1;gamma_17_18;delta_17_5;gamma_18_5;gamma_15_3;beta_12_18;delta_18_14;alpha_18_10;beta_9_13;gamma_10_11;beta_11_16;alpha_18_4;gamma_2_13;gamma_16_1;theta_18_10;gamma_12_16;beta_12_13;beta_18_8;gamma_1_5;gamma_14_12;gamma_2_14;gamma_10_5;gamma_12_18
chb18,chb18_26,80,80,297;1405;980;287;293;299;603;599;274;605;275;294;608;909;295;905;911;1253;600;1495;610;607;1335;277;1413;288;601;1215;593;906;1211;1122;301;292;1421;914;289;1416;921;916;282;305;1217;913;595;1082;986;1521;580;1512;302;1400;598;1212;1236;304;1517;1303;1408;1418;1381;1121;910;1464;901;1116;1046;1386;604;611;1102;276;1227;1479;904;1214;1252;1425;1456;1065,delta_18_9;gamma_11_13;beta_4_13;delta_17_16;delta_18_5;delta_18_11;theta_18_9;theta_18_5;delta_17_3;theta_18_11;delta_17_4;delta_18_6;theta_18_14;alpha_18_9;delta_18_7;alpha_18_5;alpha_18_11;gamma_2_14;theta_18_6;gamma_16_18;theta_18_16;theta_18_13;gamma_7_11;delta_17_6;gamma_12_3;delta_17_18;theta_18_7;beta_18_9;theta_17_16;alpha_18_6;beta_18_5;beta_13_1;delta_18_13;delta_18_4;gamma_12_11;alpha_18_14;delta_18_1;gamma_12_6;beta_1_5;alpha_18_16;delta_17_11;delta_18_17;beta_18_11;alpha_18_13;theta_18_1;beta_10_13;beta_5_1;gamma_18_9;theta_17_3;gamma_17_18;delta_18_14;gamma_11_7;theta_18_4;beta_18_6;gamma_1_14;delta_18_16;gamma_18_5;gamma_5_13;gamma_11_16;gamma_12_8;gamma_10_5;beta_12_18;alpha_18_10;gamma_15_3;alpha_18_1;beta_12_13;beta_8_11;gamma_10_11;theta_18_10;theta_18_17;beta_11_16;delta_17_5;gamma_1_5;gamma_16_1;alpha_18_4;beta_18_8;gamma_2_13;gamma_12_16;gamma_14_12;beta_9_13
chb18,chb18_27,80,80,297;1418;287;293;299;603;706;599;274;605;275;294;608;909;905;1416;911;1173;295;600;1236;610;1495;607;277;288;1211;980;1065;1215;593;906;601;292;1413;301;986;595;914;916;289;282;913;1217;598;1421;580;921;305;1082;1521;1512;1408;1212;1517;901;1121;1253;276;1303;304;910;1464;1116;302;1102;1400;904;1381;604;611;1386;1252;1227;1425;1456;1214;594;1479;1321,delta_18_9;gamma_12_8;delta_17_16;delta_18_5;delta_18_11;theta_18_9;alpha_6_11;theta_18_5;delta_17_3;theta_18_11;delta_17_4;delta_18_6;theta_18_14;alpha_18_9;alpha_18_5;gamma_12_6;alpha_18_11;beta_16_1;delta_18_7;theta_18_6;gamma_1_14;theta_18_16;gamma_16_18;theta_18_13;delta_17_6;delta_17_18;beta_18_5;beta_4_13;beta_9_13;beta_18_9;theta_17_16;alpha_18_6;theta_18_7;delta_18_4;gamma_12_3;delta_18_13;beta_5_1;theta_18_1;alpha_18_14;alpha_18_16;delta_18_1;delta_17_11;alpha_18_13;beta_18_11;theta_18_4;gamma_12_11;theta_17_3;beta_1_5;delta_18_17;beta_10_13;gamma_18_9;gamma_17_18;gamma_11_16;beta_18_6;gamma_18_5;alpha_18_1;beta_12_18;gamma_2_14;delta_17_5;gamma_5_13;delta_18_16;alpha_18_10;gamma_15_3;beta_12_13;delta_18_14;beta_11_16;gamma_11_7;alpha_18_4;gamma_10_5;theta_18_10;theta_18_17;gamma_10_11;gamma_2_13;gamma_1_5;gamma_12_16;gamma_14_12;beta_18_8;theta_17_18;gamma_16_1;gamma_6_14
chb18,chb18_28,80,80,297;275;1321;293;299;509;603;274;599;287;605;294;608;909;905;1413;911;295;600;610;1046;277;1303;288;1065;607;1215;906;601;593;1211;292;1421;916;1416;301;986;289;282;1173;914;1217;595;598;1512;913;580;921;305;1082;1521;1252;1212;1400;1408;276;1236;304;1481;910;1517;1386;1116;904;901;1121;1381;604;1102;1418;302;929;1214;1227;1399;1012;1456;1425;611;1222,delta_18_9;delta_17_4;gamma_6_14;delta_18_5;delta_18_11;theta_12_18;theta_18_9;delta_17_3;theta_18_5;delta_17_16;theta_18_11;delta_18_6;theta_18_14;alpha_18_9;alpha_18_5;gamma_12_3;alpha_18_11;delta_18_7;theta_18_6;theta_18_16;beta_8_11;delta_17_6;gamma_5_13;delta_17_18;beta_9_13;theta_18_13;beta_18_9;alpha_18_6;theta_18_7;theta_17_16;beta_18_5;delta_18_4;gamma_12_11;alpha_18_16;gamma_12_6;delta_18_13;beta_5_1;delta_18_1;delta_17_11;beta_16_1;alpha_18_14;beta_18_11;theta_18_1;theta_18_4;gamma_17_18;alpha_18_13;theta_17_3;beta_1_5;delta_18_17;beta_10_13;gamma_18_9;gamma_2_13;beta_18_6;gamma_11_7;gamma_11_16;delta_17_5;gamma_1_14;delta_18_16;gamma_16_3;alpha_18_10;gamma_18_5;gamma_10_11;beta_12_13;alpha_18_4;alpha_18_1;beta_12_18;gamma_10_5;theta_18_10;beta_11_16;gamma_12_8;delta_18_14;beta_1_13;beta_18_8;gamma_1_5;gamma_11_6;beta_6_11;gamma_14_12;gamma_12_16;theta_18_17;beta_18_16
chb18,chb18_29,40,40,297;275;1252;293;299;599;603;605;608;287;905;909;911;295;294;274;600;1253;610;607;601;1211;1189;1215;277;1377;598;288;906;301;1065;595;1217;1413;913;1037;914;916;289;593,delta_18_9;delta_17_4;gamma_2_13;delta_18_5;delta_18_11;theta_18_5;theta_18_9;theta_18_11;theta_18_14;delta_17_16;alpha_18_5;alpha_18_9;alpha_18_11;delta_18_7;delta_18_6;delta_17_3;theta_18_6;gamma_2_14;theta_18_16;theta_18_13;theta_18_7;beta_18_5;beta_16_18;beta_18_9;delta_17_6;gamma_10_1;theta_18_4;delta_17_18;alpha_18_6;delta_18_13;beta_9_13;theta_18_1;beta_18_11;gamma_12_3;alpha_18_13;beta_8_1;alpha_18_14;alpha_18_16;delta_18_1;theta_17_16
chb18,chb18_30,20,20,297;275;1417;293;299;603;287;599;605;1248;274;294;909;905;911;608;295;600;610;1236,delta_18_9;delta_17_4;gamma_12_7;delta_18_5;delta_18_11;theta_18_9;delta_17_16;theta_18_5;theta_18_11;gamma_2_9;delta_17_3;delta_18_6;alpha_18_9;alpha_18_5;alpha_18_11;theta_18_14;delta_18_7;theta_18_6;theta_18_16;gamma_1_14
chb18,chb18_31,80,80,297;275;1450;1335;299;293;287;603;294;605;1287;599;274;608;1189;304;909;911;905;600;1303;305;1481;1065;295;282;986;1421;906;1215;1400;277;1211;593;292;607;1046;780;1321;1486;610;289;1479;914;1121;1408;1413;1082;1217;595;611;1517;301;921;1236;1521;1416;279;1250;1212;276;1102;1427;1116;913;1214;929;598;1464;1253;302;1468;1150;1377;601;1233;288;1386;1461;1518,delta_18_9;delta_17_4;gamma_14_6;gamma_7_11;delta_18_11;delta_18_5;delta_17_16;theta_18_9;delta_18_6;theta_18_11;gamma_4_14;theta_18_5;delta_17_3;theta_18_14;beta_16_18;delta_18_16;alpha_18_9;alpha_18_11;alpha_18_5;theta_18_6;gamma_5_13;delta_18_17;gamma_16_3;beta_9_13;delta_18_7;delta_17_11;beta_5_1;gamma_12_11;alpha_18_6;beta_18_9;gamma_11_7;delta_17_6;beta_18_5;theta_17_16;delta_18_4;theta_18_13;beta_8_11;alpha_10_17;gamma_6_14;gamma_16_8;theta_18_16;delta_18_1;gamma_16_1;alpha_18_14;beta_12_18;gamma_11_16;gamma_12_3;beta_10_13;beta_18_11;theta_18_1;theta_18_17;gamma_18_5;delta_18_13;beta_1_5;gamma_1_14;gamma_18_9;gamma_12_6;delta_17_8;gamma_2_11;beta_18_6;delta_17_5;beta_11_16;gamma_12_18;beta_12_13;alpha_18_13;beta_18_8;beta_1_13;theta_18_4;gamma_15_3;gamma_2_14;delta_18_14;gamma_15_7;beta_14_12;gamma_10_1;theta_18_7;gamma_1_11;delta_17_18;gamma_10_11;gamma_14_18;gamma_18_6
chb18,chb18_32,80,80,293;302;1377;287;297;299;615;599;274;603;275;294;605;1253;288;905;1413;593;909;598;1405;600;1366;295;1303;916;277;911;608;1115;282;1211;1433;276;1215;1318;292;906;1222;1116;580;305;986;279;1479;904;914;1121;1416;1408;1252;1521;1236;1436;610;289;1082;1386;594;1417;1102;1517;1227;607;601;1371;1212;1456;1271;899;1399;595;262;1286;1421;1425;1457;1214;304;1190,delta_18_5;delta_18_14;gamma_10_1;delta_17_16;delta_18_9;delta_18_11;alpha_1_5;theta_18_5;delta_17_3;theta_18_9;delta_17_4;delta_18_6;theta_18_11;gamma_2_14;delta_17_18;alpha_18_5;gamma_12_3;theta_17_16;alpha_18_9;theta_18_4;gamma_11_13;theta_18_6;gamma_9_7;delta_18_7;gamma_5_13;alpha_18_16;delta_17_6;alpha_18_11;theta_18_14;beta_12_11;delta_17_11;beta_18_5;gamma_13_6;delta_17_5;beta_18_9;gamma_6_11;delta_18_4;alpha_18_6;beta_18_16;beta_12_13;theta_17_3;delta_18_17;beta_5_1;delta_17_8;gamma_16_1;alpha_18_4;alpha_18_14;beta_12_18;gamma_12_6;gamma_11_16;gamma_2_13;gamma_18_9;gamma_1_14;gamma_13_9;theta_18_16;delta_18_1;beta_10_13;gamma_10_11;theta_17_18;gamma_12_7;beta_11_16;gamma_18_5;gamma_1_5;theta_18_13;theta_18_7;gamma_9_13;beta_18_6;gamma_14_12;gamma_3_15;alpha_17_16;gamma_11_6;theta_18_1;delta_16_8;gamma_4_13;gamma_12_11;gamma_12_16;gamma_14_13;beta_18_8;delta_18_16;beta_17_1
chb18,chb18_33,80,80,297;275;1495;1338;293;299;603;287;599;605;294;274;909;905;608;911;1065;295;600;1318;610;277;1416;980;1215;292;1211;607;906;593;601;288;1173;305;1037;289;1413;1421;282;595;1512;301;916;1217;598;914;1400;913;580;921;1521;1082;1408;1212;276;1236;1381;1386;304;1517;1121;901;1320;910;1102;1116;904;1046;604;1481;1214;611;1227;1425;302;1456;1252;1479;1427;1206,delta_18_9;delta_17_4;gamma_16_18;gamma_7_14;delta_18_5;delta_18_11;theta_18_9;delta_17_16;theta_18_5;theta_18_11;delta_18_6;delta_17_3;alpha_18_9;alpha_18_5;theta_18_14;alpha_18_11;beta_9_13;delta_18_7;theta_18_6;gamma_6_11;theta_18_16;delta_17_6;gamma_12_6;beta_4_13;beta_18_9;delta_18_4;beta_18_5;theta_18_13;alpha_18_6;theta_17_16;theta_18_7;delta_17_18;beta_16_1;delta_18_17;beta_8_1;delta_18_1;gamma_12_3;gamma_12_11;delta_17_11;theta_18_1;gamma_17_18;delta_18_13;alpha_18_16;beta_18_11;theta_18_4;alpha_18_14;gamma_11_7;alpha_18_13;theta_17_3;beta_1_5;gamma_18_9;beta_10_13;gamma_11_16;beta_18_6;delta_17_5;gamma_1_14;gamma_10_5;gamma_10_11;delta_18_16;gamma_18_5;beta_12_18;alpha_18_1;gamma_6_13;alpha_18_10;beta_11_16;beta_12_13;alpha_18_4;beta_8_11;theta_18_10;gamma_16_3;beta_18_8;theta_18_17;gamma_1_5;gamma_12_16;delta_18_14;gamma_14_12;gamma_2_13;gamma_16_1;gamma_12_18;beta_17_18
chb18,chb18_34,80,80,297;930;287;293;299;603;302;599;605;275;294;909;274;905;1046;911;1413;295;600;1303;610;1461;1215;277;608;607;288;292;1211;601;906;593;1065;921;595;1421;916;301;1173;282;289;1416;1217;598;913;1400;1521;914;1252;305;1082;1408;986;580;1512;910;304;1386;276;1517;1212;901;1381;1481;1236;604;1102;1121;1116;1418;904;1320;1456;1214;1425;611;1012;1227;1399;1427,delta_18_9;beta_1_14;delta_17_16;delta_18_5;delta_18_11;theta_18_9;delta_18_14;theta_18_5;theta_18_11;delta_17_4;delta_18_6;alpha_18_9;delta_17_3;alpha_18_5;beta_8_11;alpha_18_11;gamma_12_3;delta_18_7;theta_18_6;gamma_5_13;theta_18_16;gamma_14_18;beta_18_9;delta_17_6;theta_18_14;theta_18_13;delta_17_18;delta_18_4;beta_18_5;theta_18_7;alpha_18_6;theta_17_16;beta_9_13;beta_1_5;theta_18_1;gamma_12_11;alpha_18_16;delta_18_13;beta_16_1;delta_17_11;delta_18_1;gamma_12_6;beta_18_11;theta_18_4;alpha_18_13;gamma_11_7;gamma_18_9;alpha_18_14;gamma_2_13;delta_18_17;beta_10_13;gamma_11_16;beta_5_1;theta_17_3;gamma_17_18;alpha_18_10;delta_18_16;gamma_10_11;delta_17_5;gamma_18_5;beta_18_6;alpha_18_1;gamma_10_5;gamma_16_3;gamma_1_14;theta_18_10;beta_11_16;beta_12_18;beta_12_13;gamma_12_8;alpha_18_4;gamma_6_13;gamma_14_12;beta_18_8;gamma_12_16;theta_18_17;beta_6_11;gamma_1_5;gamma_11_6;gamma_12_18
chb18,chb18_35,40,40,293;1161;670;274;605;297;287;599;299;603;911;304;905;294;295;909;1413;600;607;282;601;593;277;289;906;1122;610;301;1211;580;1115;595;1217;986;913;1065;1215;1236;989;598,delta_18_5;beta_15_6;alpha_4_9;delta_17_3;theta_18_11;delta_18_9;delta_17_16;theta_18_5;delta_18_11;theta_18_9;alpha_18_11;delta_18_16;alpha_18_5;delta_18_6;delta_18_7;alpha_18_9;gamma_12_3;theta_18_6;theta_18_13;delta_17_11;theta_18_7;theta_17_16;delta_17_6;delta_18_1;alpha_18_6;beta_13_1;theta_18_16;delta_18_13;beta_18_5;theta_17_3;beta_12_11;theta_18_1;beta_18_11;beta_5_1;alpha_18_13;beta_9_13;beta_18_9;gamma_1_14;beta_5_4;theta_18_4
chb18,chb18_36,40,40,297;275;1094;1321;293;605;603;287;302;599;299;909;274;294;305;905;1122;911;600;1358;282;295;607;598;1512;593;1215;1065;277;608;1413;916;906;1046;301;986;1211;601;288;980,delta_18_9;delta_17_4;beta_11_7;gamma_6_14;delta_18_5;theta_18_11;theta_18_9;delta_17_16;delta_18_14;theta_18_5;delta_18_11;alpha_18_9;delta_17_3;delta_18_6;delta_18_17;alpha_18_5;beta_13_1;alpha_18_11;theta_18_6;gamma_8_17;delta_17_11;delta_18_7;theta_18_13;theta_18_4;gamma_17_18;theta_17_16;beta_18_9;beta_9_13;delta_17_6;theta_18_14;gamma_12_3;alpha_18_16;alpha_18_6;beta_8_11;delta_18_13;beta_5_1;beta_18_5;theta_18_7;delta_17_18;beta_4_13
chb19,chb19_01,100,100,1519;1320;482;1518;752;1523;863;877;1401;1213;1336;1223;1099;1217;1410;1197;993;907;1529;511;1348;1503;1400;929;1058;601;1035;1488;911;1095;917;1438;1334;1505;1082;1296;1111;891;1341;1269;1212;1404;1342;467;1279;912;1502;1183;1364;295;1358;1324;1305;980;1332;1094;605;1230;1098;879;585;1437;1313;1417;1218;446;1353;1328;557;611;1286;1506;503;1029;1018;1104;1329;606;789;1314;1241;573;1228;1408;1354;1182;1007;1383;581;1132;1196;1392;820;1023;1014;895;278;1507;1388;1030,gamma_18_7;gamma_6_13;theta_11_7;gamma_18_6;alpha_9_5;gamma_18_11;alpha_15_14;alpha_16_11;gamma_11_8;beta_18_7;gamma_7_12;beta_18_17;beta_11_13;beta_18_11;gamma_11_18;beta_17_8;beta_5_9;alpha_18_7;gamma_18_17;theta_13_2;gamma_8_6;gamma_17_8;gamma_11_7;beta_1_13;beta_9_5;theta_18_7;beta_7_17;gamma_16_10;alpha_18_11;beta_11_8;alpha_18_17;gamma_13_11;gamma_7_10;gamma_17_10;beta_10_13;gamma_5_6;beta_12_7;alpha_17_8;gamma_7_17;gamma_3_13;beta_18_6;gamma_11_12;gamma_7_18;theta_10_9;gamma_4_6;alpha_18_12;gamma_17_7;beta_16_11;gamma_9_5;delta_18_7;gamma_8_17;gamma_6_17;gamma_5_15;beta_4_13;gamma_7_8;beta_11_7;theta_18_11;gamma_1_8;beta_11_12;alpha_16_13;theta_17_8;gamma_13_10;gamma_6_5;gamma_12_7;beta_18_12;theta_9_5;gamma_8_12;gamma_7_3;theta_15_14;theta_18_17;gamma_4_13;gamma_17_11;theta_12_11;beta_7_11;beta_6_17;beta_11_18;gamma_7_4;theta_18_12;alpha_11_8;gamma_6_7;gamma_2_1;theta_16_13;gamma_1_6;gamma_11_16;gamma_8_13;beta_16_10;beta_6_5;gamma_10_7;theta_17_4;beta_13_11;beta_17_7;gamma_10_17;alpha_13_5;beta_7_4;beta_6_13;alpha_17_12;delta_17_7;gamma_17_12;gamma_10_13;beta_7_12
chb19,chb19_02,100,100,1519;503;140;1283;1518;1401;1235;1523;1213;1336;1094;1223;793;1217;1320;1212;863;1197;1348;907;1529;993;1058;1410;511;1503;601;1095;1035;1488;911;1438;917;1400;1342;1082;1404;906;1269;1279;891;1364;1505;1417;1353;1341;1305;1358;912;1286;1502;1296;773;295;1183;1324;752;1098;605;1332;929;1230;1111;1313;1334;585;879;1218;1437;611;1314;1132;789;1018;980;1506;557;1328;606;1023;1383;446;1408;1036;1388;1228;581;1299;1392;1007;1104;278;817;1329;1354;1489;895;1182;1196;1507,gamma_18_7;theta_12_11;delta_9_5;gamma_4_10;gamma_18_6;gamma_11_8;gamma_1_13;gamma_18_11;beta_18_7;gamma_7_12;beta_11_7;beta_18_17;alpha_11_13;beta_18_11;gamma_6_13;beta_18_6;alpha_15_14;beta_17_8;gamma_8_6;alpha_18_7;gamma_18_17;beta_5_9;beta_9_5;gamma_11_18;theta_13_2;gamma_17_8;theta_18_7;beta_11_8;beta_7_17;gamma_16_10;alpha_18_11;gamma_13_11;alpha_18_17;gamma_11_7;gamma_7_18;beta_10_13;gamma_11_12;alpha_18_6;gamma_3_13;gamma_4_6;alpha_17_8;gamma_9_5;gamma_17_10;gamma_12_7;gamma_8_12;gamma_7_17;gamma_5_15;gamma_8_17;alpha_18_12;gamma_4_13;gamma_17_7;gamma_5_6;alpha_10_9;delta_18_7;beta_16_11;gamma_6_17;alpha_9_5;beta_11_12;theta_18_11;gamma_7_8;beta_1_13;gamma_1_8;beta_12_7;gamma_6_5;gamma_7_10;theta_17_8;alpha_16_13;beta_18_12;gamma_13_10;theta_18_17;gamma_6_7;beta_13_11;alpha_11_8;beta_6_17;beta_4_13;gamma_17_11;theta_15_14;gamma_7_3;theta_18_12;beta_7_4;gamma_10_7;theta_9_5;gamma_11_16;beta_7_18;gamma_10_13;gamma_1_6;theta_17_4;gamma_5_9;gamma_10_17;beta_6_5;beta_11_18;delta_17_7;alpha_13_2;gamma_7_4;gamma_8_13;gamma_16_11;alpha_17_12;beta_16_10;beta_17_7;gamma_17_12
chb19,chb19_03,100,100,1519;721;470;1400;1518;1523;752;1223;809;1213;1401;1320;863;1217;1503;1212;511;1353;1529;907;1410;1488;1058;1197;1111;929;601;1035;1336;911;1095;1348;917;773;1438;1505;912;1082;1342;906;891;1094;1341;993;1296;1364;1404;1502;877;1279;963;605;1324;1358;879;1437;606;1334;1313;295;1218;1417;1328;789;1354;1332;820;585;777;1183;611;1314;1098;1230;1506;980;1018;1099;1077;1104;446;1182;895;1023;1132;581;1014;1196;1408;1007;1029;1228;810;817;1201;1383;1369;278;1269;1507,gamma_18_7;alpha_7_9;theta_10_13;gamma_11_7;gamma_18_6;gamma_18_11;alpha_9_5;beta_18_17;alpha_12_11;beta_18_7;gamma_11_8;gamma_6_13;alpha_15_14;beta_18_11;gamma_17_8;beta_18_6;theta_13_2;gamma_8_12;gamma_18_17;alpha_18_7;gamma_11_18;gamma_16_10;beta_9_5;beta_17_8;beta_12_7;beta_1_13;theta_18_7;beta_7_17;gamma_7_12;alpha_18_11;beta_11_8;gamma_8_6;alpha_18_17;alpha_10_9;gamma_13_11;gamma_17_10;alpha_18_12;beta_10_13;gamma_7_18;alpha_18_6;alpha_17_8;beta_11_7;gamma_7_17;beta_5_9;gamma_5_6;gamma_9_5;gamma_11_12;gamma_17_7;alpha_16_11;gamma_4_6;beta_3_13;theta_18_11;gamma_6_17;gamma_8_17;alpha_16_13;gamma_13_10;theta_18_12;gamma_7_10;gamma_6_5;delta_18_7;beta_18_12;gamma_12_7;gamma_7_3;alpha_11_8;gamma_8_13;gamma_7_8;alpha_13_5;theta_17_8;alpha_10_14;beta_16_11;theta_18_17;gamma_6_7;beta_11_12;gamma_1_8;gamma_17_11;beta_4_13;beta_6_17;beta_11_13;beta_10_7;beta_11_18;theta_9_5;beta_16_10;alpha_17_12;beta_7_4;beta_13_11;theta_17_4;beta_6_13;beta_17_7;gamma_11_16;beta_6_5;beta_7_11;gamma_1_6;alpha_12_13;alpha_13_2;beta_17_12;gamma_10_7;gamma_9_11;delta_17_7;gamma_3_13;gamma_17_12
chb19,chb19_04,100,100,1519;793;1350;1518;822;1401;1523;1058;1213;877;1336;1197;1217;929;1223;511;1410;907;1529;863;1348;1400;1503;773;601;1212;1320;1035;1095;911;752;1488;917;1438;912;1296;1505;1082;993;1404;891;1364;1111;1324;1334;295;1358;503;1341;1279;963;1502;1007;1342;605;1098;879;1094;1332;1218;1353;1328;789;1313;585;1437;1354;906;446;1230;1183;611;1314;606;1417;557;1506;1023;776;1018;1383;817;980;581;1029;1398;1132;895;1329;278;1228;1408;1182;810;1014;1196;1104;589;1369;820,gamma_18_7;alpha_11_13;gamma_8_9;gamma_18_6;alpha_13_7;gamma_11_8;gamma_18_11;beta_9_5;beta_18_7;alpha_16_11;gamma_7_12;beta_17_8;beta_18_11;beta_1_13;beta_18_17;theta_13_2;gamma_11_18;alpha_18_7;gamma_18_17;alpha_15_14;gamma_8_6;gamma_11_7;gamma_17_8;alpha_10_9;theta_18_7;beta_18_6;gamma_6_13;beta_7_17;beta_11_8;alpha_18_11;alpha_9_5;gamma_16_10;alpha_18_17;gamma_13_11;alpha_18_12;gamma_5_6;gamma_17_10;beta_10_13;beta_5_9;gamma_11_12;alpha_17_8;gamma_9_5;beta_12_7;gamma_6_17;gamma_7_10;delta_18_7;gamma_8_17;theta_12_11;gamma_7_17;gamma_4_6;beta_3_13;gamma_17_7;beta_6_5;gamma_7_18;theta_18_11;beta_11_12;alpha_16_13;beta_11_7;gamma_7_8;beta_18_12;gamma_8_12;gamma_7_3;alpha_11_8;gamma_6_5;theta_17_8;gamma_13_10;gamma_8_13;alpha_18_6;theta_9_5;gamma_1_8;beta_16_11;theta_18_17;gamma_6_7;theta_18_12;gamma_12_7;theta_15_14;gamma_17_11;beta_7_4;alpha_10_13;beta_6_17;gamma_10_7;alpha_13_2;beta_4_13;theta_17_4;beta_7_11;gamma_11_5;beta_13_11;alpha_17_12;gamma_7_4;delta_17_7;gamma_1_6;gamma_11_16;beta_16_10;alpha_12_13;beta_6_13;beta_17_7;beta_11_18;theta_17_12;gamma_9_11;alpha_13_5
chb19,chb19_05,100,100,1519;752;503;1518;1326;1523;1320;863;1401;1213;1336;1400;1223;1217;1348;511;1197;776;993;907;1529;1058;1410;1503;1489;1212;929;911;1111;601;1035;1334;1505;1095;917;1488;467;1353;912;1438;1269;1279;891;1364;1342;1341;1094;605;1296;793;1358;1404;295;1004;1286;446;1324;1305;1502;877;1218;1417;1313;1098;906;585;1332;1354;1082;1314;1230;611;1132;817;1018;789;606;980;1437;1506;820;1007;1029;1328;879;1383;1030;581;1104;895;1228;1183;1299;1507;278;1036;557;773;1201;1196,gamma_18_7;alpha_9_5;theta_12_11;gamma_18_6;gamma_7_1;gamma_18_11;gamma_6_13;alpha_15_14;gamma_11_8;beta_18_7;gamma_7_12;gamma_11_7;beta_18_17;beta_18_11;gamma_8_6;theta_13_2;beta_17_8;alpha_10_13;beta_5_9;alpha_18_7;gamma_18_17;beta_9_5;gamma_11_18;gamma_17_8;gamma_16_11;beta_18_6;beta_1_13;alpha_18_11;beta_12_7;theta_18_7;beta_7_17;gamma_7_10;gamma_17_10;beta_11_8;alpha_18_17;gamma_16_10;theta_10_9;gamma_8_12;alpha_18_12;gamma_13_11;gamma_3_13;gamma_4_6;alpha_17_8;gamma_9_5;gamma_7_18;gamma_7_17;beta_11_7;theta_18_11;gamma_5_6;alpha_11_13;gamma_8_17;gamma_11_12;delta_18_7;beta_6_2;gamma_4_13;theta_9_5;gamma_6_17;gamma_5_15;gamma_17_7;alpha_16_11;beta_18_12;gamma_12_7;gamma_6_5;beta_11_12;alpha_18_6;theta_17_8;gamma_7_8;gamma_8_13;beta_10_13;gamma_6_7;gamma_1_8;theta_18_17;beta_13_11;alpha_13_2;beta_6_17;alpha_11_8;theta_18_12;beta_4_13;gamma_13_10;gamma_17_11;alpha_13_5;beta_6_5;beta_7_11;gamma_7_3;alpha_16_13;gamma_10_7;beta_7_12;theta_17_4;beta_11_18;alpha_17_12;gamma_1_6;beta_16_11;gamma_5_9;gamma_17_12;delta_17_7;beta_7_18;theta_15_14;alpha_10_9;beta_17_12;beta_17_7
chb19,chb19_06,100,100,1519;906;793;929;805;1523;1401;1058;1353;1518;1213;1183;511;1223;1217;1410;993;1503;907;863;1336;1212;1529;1320;1488;752;1348;1197;1400;601;1095;1035;911;773;1438;917;1334;1404;1505;1364;1269;891;1111;879;1279;912;706;1341;503;1342;295;1296;1358;980;1082;1098;1502;1324;605;777;1417;1218;820;1007;1332;789;1354;1230;1314;585;1094;1132;817;1313;606;1104;810;1437;611;446;1286;1018;895;1030;1489;1299;1506;1408;1383;1228;581;1329;573;1328;1398;278;963;1182;1507;877,gamma_18_7;alpha_18_6;alpha_11_13;beta_1_13;alpha_12_7;gamma_18_11;gamma_11_8;beta_9_5;gamma_8_12;gamma_18_6;beta_18_7;beta_16_11;theta_13_2;beta_18_17;beta_18_11;gamma_11_18;beta_5_9;gamma_17_8;alpha_18_7;alpha_15_14;gamma_7_12;beta_18_6;gamma_18_17;gamma_6_13;gamma_16_10;alpha_9_5;gamma_8_6;beta_17_8;gamma_11_7;theta_18_7;beta_11_8;beta_7_17;alpha_18_11;alpha_10_9;gamma_13_11;alpha_18_17;gamma_7_10;gamma_11_12;gamma_17_10;gamma_9_5;gamma_3_13;alpha_17_8;beta_12_7;alpha_16_13;gamma_4_6;alpha_18_12;alpha_6_11;gamma_7_17;theta_12_11;gamma_7_18;delta_18_7;gamma_5_6;gamma_8_17;beta_4_13;beta_10_13;beta_11_12;gamma_17_7;gamma_6_17;theta_18_11;alpha_10_14;gamma_12_7;beta_18_12;alpha_13_5;beta_6_5;gamma_7_8;alpha_11_8;gamma_8_13;gamma_1_8;gamma_6_7;theta_17_8;beta_11_7;beta_13_11;alpha_13_2;gamma_6_5;theta_18_12;beta_11_18;alpha_12_13;gamma_13_10;theta_18_17;theta_9_5;gamma_4_13;beta_6_17;alpha_17_12;beta_7_12;gamma_16_11;gamma_5_9;gamma_17_11;gamma_11_16;gamma_10_7;gamma_1_6;theta_17_4;gamma_7_4;theta_16_13;gamma_7_3;gamma_11_5;delta_17_7;beta_3_13;beta_16_10;gamma_17_12;alpha_16_11
chb19,chb19_07,100,100,1519;164;1269;1077;1518;1401;1523;752;1353;877;1213;863;1529;1217;1320;1410;1336;817;1197;907;1223;1058;1212;1400;1348;993;1488;1035;1305;911;1438;1095;1503;1082;601;1334;1404;929;917;1111;1505;1364;1279;912;1012;503;891;1341;773;1286;1342;1296;1324;1358;879;1094;295;1098;1332;605;557;1417;1502;1218;906;1354;1437;446;1183;1313;1314;1018;1023;585;789;980;1328;1099;1329;511;1228;1132;606;1182;1030;611;820;1104;1230;1014;1383;810;1029;1506;1299;1489;1408;1007;1169;895,gamma_18_7;delta_10_13;gamma_3_13;beta_10_7;gamma_18_6;gamma_11_8;gamma_18_11;alpha_9_5;gamma_8_12;alpha_16_11;beta_18_7;alpha_15_14;gamma_18_17;beta_18_11;gamma_6_13;gamma_11_18;gamma_7_12;alpha_13_2;beta_17_8;alpha_18_7;beta_18_17;beta_9_5;beta_18_6;gamma_11_7;gamma_8_6;beta_5_9;gamma_16_10;beta_7_17;gamma_5_15;alpha_18_11;gamma_13_11;beta_11_8;gamma_17_8;beta_10_13;theta_18_7;gamma_7_10;gamma_11_12;beta_1_13;alpha_18_17;beta_12_7;gamma_17_10;gamma_9_5;gamma_4_6;alpha_18_12;beta_6_11;theta_12_11;alpha_17_8;gamma_7_17;alpha_10_9;gamma_4_13;gamma_7_18;gamma_5_6;gamma_6_17;gamma_8_17;alpha_16_13;beta_11_7;delta_18_7;beta_11_12;gamma_7_8;theta_18_11;theta_15_14;gamma_12_7;gamma_17_7;beta_18_12;alpha_18_6;gamma_8_13;gamma_13_10;theta_9_5;beta_16_11;gamma_6_5;gamma_6_7;beta_6_17;beta_7_4;theta_17_8;alpha_11_8;beta_4_13;gamma_7_3;beta_11_13;gamma_7_4;theta_13_2;gamma_1_6;beta_13_11;theta_18_12;beta_16_10;beta_7_12;theta_18_17;alpha_13_5;beta_11_18;gamma_1_8;beta_6_13;gamma_10_7;alpha_12_13;beta_7_11;gamma_17_11;gamma_5_9;gamma_16_11;gamma_11_16;beta_6_5;beta_15_14;alpha_17_12
chb19,chb19_08,100,100,1519;164;1115;1518;929;1401;1523;1353;511;1213;1058;1410;1223;1094;1212;1217;1336;993;907;863;1503;1529;1320;485;1348;601;1404;752;1197;1035;911;1400;1438;906;1082;1095;917;1334;1488;1279;891;980;1111;1364;1341;1505;773;295;1296;912;877;1269;1342;605;879;1098;1502;1332;1358;1324;1417;817;1218;1012;1354;789;1313;446;1104;1437;585;1030;777;1132;1018;759;611;1014;1230;1383;1023;606;1314;1392;820;1228;1328;1299;1506;1183;1182;810;1329;1007;963;278;1408;1077;581;1196,gamma_18_7;delta_10_13;beta_12_11;gamma_18_6;beta_1_13;gamma_11_8;gamma_18_11;gamma_8_12;theta_13_2;beta_18_7;beta_9_5;gamma_11_18;beta_18_17;beta_11_7;beta_18_6;beta_18_11;gamma_7_12;beta_5_9;alpha_18_7;alpha_15_14;gamma_17_8;gamma_18_17;gamma_6_13;theta_11_10;gamma_8_6;theta_18_7;gamma_11_12;alpha_9_5;beta_17_8;beta_7_17;alpha_18_11;gamma_11_7;gamma_13_11;alpha_18_6;beta_10_13;beta_11_8;alpha_18_17;gamma_7_10;gamma_16_10;gamma_4_6;alpha_17_8;beta_4_13;beta_12_7;gamma_9_5;gamma_7_17;gamma_17_10;alpha_10_9;delta_18_7;gamma_5_6;alpha_18_12;alpha_16_11;gamma_3_13;gamma_7_18;theta_18_11;alpha_16_13;beta_11_12;gamma_17_7;gamma_7_8;gamma_8_17;gamma_6_17;gamma_12_7;alpha_13_2;beta_18_12;beta_6_11;gamma_8_13;alpha_11_8;gamma_6_5;theta_9_5;beta_11_18;gamma_13_10;theta_17_8;beta_7_12;alpha_10_14;beta_13_11;beta_6_17;alpha_9_13;theta_18_17;beta_6_13;gamma_1_8;gamma_10_7;beta_7_4;theta_18_12;gamma_6_7;gamma_10_17;alpha_13_5;gamma_1_6;gamma_7_3;gamma_5_9;gamma_17_11;beta_16_11;beta_16_10;alpha_12_13;gamma_7_4;beta_6_5;beta_3_13;delta_17_7;gamma_11_16;beta_10_7;theta_17_4;beta_17_7
chb19,chb19_09,100,100,1519;845;856;1212;1350;1401;1523;752;1213;877;1518;1336;1320;1217;1223;863;1410;907;706;817;1503;1058;1348;1529;929;1400;601;1438;1197;1095;911;1035;1488;1082;906;917;1404;993;1279;891;1364;1111;1269;1505;1183;1334;912;501;1341;1353;605;1296;1358;1502;879;1007;1342;1094;980;295;1098;1324;446;1132;1218;557;789;1332;585;1305;1417;1230;1354;511;1314;1313;1018;1489;606;1104;573;1286;1437;1506;1004;820;611;1408;1029;1329;1383;1196;1299;1369;1228;1099;1328;581;1014;777,gamma_18_7;alpha_14_13;alpha_15_7;beta_18_6;gamma_8_9;gamma_11_8;gamma_18_11;alpha_9_5;beta_18_7;alpha_16_11;gamma_18_6;gamma_7_12;gamma_6_13;beta_18_11;beta_18_17;alpha_15_14;gamma_11_18;alpha_18_7;alpha_6_11;alpha_13_2;gamma_17_8;beta_9_5;gamma_8_6;gamma_18_17;beta_1_13;gamma_11_7;theta_18_7;gamma_13_11;beta_17_8;beta_11_8;alpha_18_11;beta_7_17;gamma_16_10;beta_10_13;alpha_18_6;alpha_18_17;gamma_11_12;beta_5_9;gamma_4_6;alpha_17_8;gamma_9_5;beta_12_7;gamma_3_13;gamma_17_10;beta_16_11;gamma_7_10;alpha_18_12;theta_12_9;gamma_7_17;gamma_8_12;theta_18_11;gamma_5_6;gamma_8_17;gamma_17_7;alpha_16_13;beta_6_5;gamma_7_18;beta_11_7;beta_4_13;delta_18_7;beta_11_12;gamma_6_17;theta_9_5;beta_13_11;beta_18_12;theta_15_14;alpha_11_8;gamma_7_8;theta_17_8;gamma_5_15;gamma_12_7;gamma_1_8;gamma_8_13;theta_13_2;gamma_6_7;gamma_6_5;beta_6_17;gamma_16_11;theta_18_12;beta_11_18;theta_16_13;gamma_4_13;gamma_13_10;gamma_17_11;beta_6_2;alpha_13_5;theta_18_17;gamma_11_16;beta_7_11;gamma_7_4;gamma_10_7;beta_17_7;gamma_5_9;gamma_9_11;gamma_1_6;beta_11_13;gamma_7_3;theta_17_4;beta_6_13;alpha_10_14
chb19,chb19_10,100,100,1519;1252;164;1518;1094;1523;1401;1353;1213;503;1058;1223;817;1212;1217;993;1348;1197;863;1336;907;1410;1529;1320;1488;601;1438;1035;752;1503;1095;911;1111;906;1082;1404;929;917;1012;891;1364;1296;1342;877;1341;1279;773;912;1269;1502;1400;1505;295;1334;1098;1358;879;1417;605;777;1437;1324;1332;1183;980;585;1218;511;1313;789;446;1132;1230;1314;606;810;1354;1182;1018;1383;1023;1328;1506;1228;611;1286;1489;1030;1036;1408;1099;1196;1007;820;1104;1102;1077;278;1014;895,gamma_18_7;gamma_2_13;delta_10_13;gamma_18_6;beta_11_7;gamma_18_11;gamma_11_8;gamma_8_12;beta_18_7;theta_12_11;beta_9_5;beta_18_17;alpha_13_2;beta_18_6;beta_18_11;beta_5_9;gamma_8_6;beta_17_8;alpha_15_14;gamma_7_12;alpha_18_7;gamma_11_18;gamma_18_17;gamma_6_13;gamma_16_10;theta_18_7;gamma_13_11;beta_7_17;alpha_9_5;gamma_17_8;beta_11_8;alpha_18_11;beta_12_7;alpha_18_6;beta_10_13;gamma_11_12;beta_1_13;alpha_18_17;beta_6_11;alpha_17_8;gamma_9_5;gamma_5_6;gamma_7_18;alpha_16_11;gamma_7_17;gamma_4_6;alpha_10_9;alpha_18_12;gamma_3_13;gamma_17_7;gamma_11_7;gamma_17_10;delta_18_7;gamma_7_10;beta_11_12;gamma_8_17;alpha_16_13;gamma_12_7;theta_18_11;alpha_10_14;gamma_13_10;gamma_6_17;gamma_7_8;beta_16_11;beta_4_13;theta_17_8;beta_18_12;theta_13_2;gamma_6_5;alpha_11_8;theta_9_5;beta_13_11;gamma_1_8;gamma_6_7;theta_18_12;alpha_12_13;gamma_8_13;beta_16_10;beta_6_17;gamma_10_7;beta_7_4;gamma_7_3;gamma_17_11;gamma_1_6;theta_18_17;gamma_4_13;gamma_16_11;beta_7_12;beta_7_18;gamma_11_16;beta_11_13;beta_17_7;beta_6_5;alpha_13_5;beta_11_18;beta_11_16;beta_10_7;delta_17_7;beta_6_13;alpha_17_12
chb19,chb19_11,100,100,1519;487;1162;1212;993;1401;1523;1058;1213;877;1336;1518;1320;1217;511;1223;1348;907;863;1529;1400;1503;1488;929;601;773;1410;1438;1197;1334;1095;911;1035;752;917;1082;1279;740;1404;1269;906;1111;891;1364;1505;1183;1341;605;1296;912;1286;1353;879;1437;1358;295;1094;1332;1502;1098;1342;1324;1132;777;1299;820;1417;585;1230;759;980;1218;1314;789;1023;611;1489;1313;817;1182;1228;810;606;1383;1018;1354;446;1328;1329;1506;1104;1326;1408;1029;1369;278;1014;581;573;1392,gamma_18_7;theta_11_13;beta_15_7;beta_18_6;beta_5_9;gamma_11_8;gamma_18_11;beta_9_5;beta_18_7;alpha_16_11;gamma_7_12;gamma_18_6;gamma_6_13;beta_18_11;theta_13_2;beta_18_17;gamma_8_6;alpha_18_7;alpha_15_14;gamma_18_17;gamma_11_7;gamma_17_8;gamma_16_10;beta_1_13;theta_18_7;alpha_10_9;gamma_11_18;gamma_13_11;beta_17_8;gamma_7_10;beta_11_8;alpha_18_11;beta_7_17;alpha_9_5;alpha_18_17;beta_10_13;gamma_4_6;alpha_8_11;gamma_11_12;gamma_3_13;alpha_18_6;beta_12_7;alpha_17_8;gamma_9_5;gamma_17_10;beta_16_11;gamma_7_17;theta_18_11;gamma_5_6;alpha_18_12;gamma_4_13;gamma_8_12;alpha_16_13;gamma_13_10;gamma_8_17;delta_18_7;beta_11_7;gamma_7_8;gamma_17_7;beta_11_12;gamma_7_18;gamma_6_17;beta_13_11;alpha_10_14;gamma_5_9;alpha_13_5;gamma_12_7;theta_17_8;gamma_1_8;alpha_9_13;beta_4_13;beta_18_12;gamma_6_7;alpha_11_8;beta_7_4;theta_18_17;gamma_16_11;gamma_6_5;alpha_13_2;beta_16_10;gamma_1_6;alpha_12_13;theta_18_12;gamma_10_7;beta_6_17;gamma_8_13;theta_9_5;gamma_7_3;gamma_7_4;gamma_17_11;beta_11_18;gamma_7_1;gamma_11_16;beta_7_11;gamma_9_11;delta_17_7;beta_6_13;theta_17_4;theta_16_13;gamma_10_17
chb19,chb19_12,100,100,1519;771;1265;752;1518;863;1523;1401;1213;740;1336;877;1223;1320;1217;1212;793;1348;511;907;1529;1400;1503;1058;1488;1197;1241;1095;601;1035;1269;1410;911;1438;773;1417;917;906;1404;1364;929;1279;891;1341;879;1342;1353;1505;1183;1334;912;993;1111;295;1296;605;1332;1358;1502;1098;1082;1324;1437;1286;1313;557;1094;1218;446;1132;789;1230;1314;585;1029;1023;980;611;1408;573;1328;1489;606;1506;820;1018;1104;1383;1004;1354;1182;1329;1228;1007;817;810;1369;278;895;1299,gamma_18_7;alpha_10_7;gamma_3_9;alpha_9_5;gamma_18_6;alpha_15_14;gamma_18_11;gamma_11_8;beta_18_7;alpha_8_11;gamma_7_12;alpha_16_11;beta_18_17;gamma_6_13;beta_18_11;beta_18_6;alpha_11_13;gamma_8_6;theta_13_2;alpha_18_7;gamma_18_17;gamma_11_7;gamma_17_8;beta_9_5;gamma_16_10;beta_17_8;gamma_2_1;beta_11_8;theta_18_7;beta_7_17;gamma_3_13;gamma_11_18;alpha_18_11;gamma_13_11;alpha_10_9;gamma_12_7;alpha_18_17;alpha_18_6;gamma_11_12;gamma_9_5;beta_1_13;gamma_4_6;alpha_17_8;gamma_7_17;alpha_16_13;gamma_7_18;gamma_8_12;gamma_17_10;beta_16_11;gamma_7_10;alpha_18_12;beta_5_9;beta_12_7;delta_18_7;gamma_5_6;theta_18_11;gamma_7_8;gamma_8_17;gamma_17_7;beta_11_12;beta_10_13;gamma_6_17;gamma_13_10;gamma_4_13;gamma_6_5;theta_15_14;beta_11_7;beta_18_12;theta_9_5;beta_13_11;alpha_11_8;gamma_1_8;gamma_6_7;theta_17_8;beta_7_11;beta_7_4;beta_4_13;theta_18_17;gamma_11_16;theta_16_13;gamma_7_3;gamma_16_11;theta_18_12;gamma_17_11;alpha_13_5;beta_6_17;beta_11_18;gamma_10_7;beta_6_2;gamma_8_13;beta_16_10;gamma_7_4;gamma_1_6;beta_6_5;alpha_13_2;alpha_12_13;gamma_9_11;delta_17_7;alpha_17_12;gamma_5_9
chb19,chb19_13,100,100,1519;470;1518;788;1248;1401;1523;752;877;1213;1336;1320;1223;1217;863;1410;1348;907;1529;817;1212;1503;929;1058;1404;601;1111;1197;1035;911;1334;1004;1095;1438;917;773;1296;1400;1488;980;1342;1505;1364;891;879;1341;1353;1183;1279;993;912;295;1098;1417;605;1358;906;1269;1502;1332;1082;1324;1094;446;1218;1313;1314;503;789;1014;585;1230;1305;557;1408;1029;1392;606;1383;511;1030;611;1489;1286;1506;810;1437;1104;1228;1328;820;1023;1007;1354;1018;1132;895;1036;278;1182,gamma_18_7;theta_10_13;gamma_18_6;alpha_11_7;gamma_2_9;gamma_11_8;gamma_18_11;alpha_9_5;alpha_16_11;beta_18_7;gamma_7_12;gamma_6_13;beta_18_17;beta_18_11;alpha_15_14;gamma_11_18;gamma_8_6;alpha_18_7;gamma_18_17;alpha_13_2;beta_18_6;gamma_17_8;beta_1_13;beta_9_5;gamma_11_12;theta_18_7;beta_12_7;beta_17_8;beta_7_17;alpha_18_11;gamma_7_10;beta_6_2;beta_11_8;gamma_13_11;alpha_18_17;alpha_10_9;gamma_5_6;gamma_11_7;gamma_16_10;beta_4_13;gamma_7_18;gamma_17_10;gamma_9_5;alpha_17_8;alpha_16_13;gamma_7_17;gamma_8_12;beta_16_11;gamma_4_6;beta_5_9;alpha_18_12;delta_18_7;beta_11_12;gamma_12_7;theta_18_11;gamma_8_17;alpha_18_6;gamma_3_13;gamma_17_7;gamma_7_8;beta_10_13;gamma_6_17;beta_11_7;theta_9_5;beta_18_12;gamma_6_5;gamma_6_7;theta_12_11;alpha_11_8;beta_6_13;theta_17_8;gamma_1_8;gamma_5_15;theta_15_14;gamma_11_16;beta_7_11;gamma_10_17;theta_18_12;gamma_10_7;theta_13_2;beta_7_12;theta_18_17;gamma_16_11;gamma_4_13;gamma_17_11;alpha_12_13;gamma_13_10;beta_11_18;gamma_1_6;gamma_7_3;alpha_13_5;beta_7_4;beta_6_5;gamma_8_13;beta_6_17;beta_13_11;alpha_17_12;beta_7_18;delta_17_7;beta_16_10
chb19,chb19_14,100,100,1519;1400;938;752;1212;1523;877;1320;863;1213;1336;1401;1518;1099;1223;1217;511;1348;907;1529;993;1111;1197;1058;1488;1503;1095;906;929;601;1410;1438;911;879;1035;1404;740;891;1364;917;1334;912;503;1279;1341;1354;1094;1505;1082;1358;295;1332;1342;1098;605;1417;467;1296;1502;980;1324;1353;1437;1218;1132;810;585;1004;446;789;1269;1383;1408;606;817;1313;1314;1328;1183;611;1014;1023;1182;573;1018;1506;777;1029;1369;1299;820;1228;1329;1077;589;1102;1007;1230;1196;963,gamma_18_7;gamma_11_7;beta_2_5;alpha_9_5;beta_18_6;gamma_18_11;alpha_16_11;gamma_6_13;alpha_15_14;beta_18_7;gamma_7_12;gamma_11_8;gamma_18_6;beta_11_13;beta_18_17;beta_18_11;theta_13_2;gamma_8_6;alpha_18_7;gamma_18_17;beta_5_9;beta_12_7;beta_17_8;beta_9_5;gamma_16_10;gamma_17_8;beta_11_8;alpha_18_6;beta_1_13;theta_18_7;gamma_11_18;gamma_13_11;alpha_18_11;alpha_16_13;beta_7_17;gamma_11_12;alpha_8_11;alpha_17_8;gamma_9_5;alpha_18_17;gamma_7_10;alpha_18_12;theta_12_11;gamma_4_6;gamma_7_17;gamma_8_13;beta_11_7;gamma_17_10;beta_10_13;gamma_8_17;delta_18_7;gamma_7_8;gamma_7_18;beta_11_12;theta_18_11;gamma_12_7;theta_10_9;gamma_5_6;gamma_17_7;beta_4_13;gamma_6_17;gamma_8_12;gamma_13_10;beta_18_12;beta_13_11;alpha_12_13;theta_17_8;beta_6_2;theta_9_5;alpha_11_8;gamma_3_13;gamma_10_7;gamma_11_16;theta_18_12;alpha_13_2;gamma_6_5;gamma_6_7;gamma_7_3;beta_16_11;theta_18_17;beta_6_13;beta_7_4;beta_16_10;theta_16_13;beta_6_17;gamma_17_11;alpha_10_14;beta_7_11;gamma_9_11;gamma_5_9;alpha_13_5;gamma_1_6;gamma_7_4;beta_10_7;theta_17_12;beta_11_16;beta_6_5;gamma_1_8;beta_17_7;beta_3_13
chb19,chb19_15,100,100,1519;1518;503;1381;993;863;1523;1336;1400;1213;573;1401;1223;1320;1217;1348;907;511;1529;1058;1212;1197;1111;1488;1410;601;929;1503;1438;1035;911;1095;1353;917;1082;1279;752;1404;1269;891;1341;1334;1183;1505;295;1364;1094;912;1358;1296;1342;1502;879;1324;1417;906;1286;605;1098;1313;1029;1437;1218;773;1132;1332;585;817;721;1314;1230;1328;980;611;557;789;810;1018;1383;606;1228;446;1023;1506;877;1007;1299;1182;1104;589;1408;1354;1196;1369;820;581;1099;1030;278;1489,gamma_18_7;gamma_18_6;theta_12_11;gamma_10_5;beta_5_9;alpha_15_14;gamma_18_11;gamma_7_12;gamma_11_7;beta_18_7;theta_16_13;gamma_11_8;beta_18_17;gamma_6_13;beta_18_11;gamma_8_6;alpha_18_7;theta_13_2;gamma_18_17;beta_9_5;beta_18_6;beta_17_8;beta_12_7;gamma_16_10;gamma_11_18;theta_18_7;beta_1_13;gamma_17_8;gamma_13_11;beta_7_17;alpha_18_11;beta_11_8;gamma_8_12;alpha_18_17;beta_10_13;gamma_4_6;alpha_9_5;gamma_11_12;gamma_3_13;alpha_17_8;gamma_7_17;gamma_7_10;beta_16_11;gamma_17_10;delta_18_7;gamma_9_5;beta_11_7;alpha_18_12;gamma_8_17;gamma_5_6;gamma_7_18;gamma_17_7;alpha_16_13;gamma_6_17;gamma_12_7;alpha_18_6;gamma_4_13;theta_18_11;beta_11_12;gamma_6_5;beta_7_11;gamma_13_10;beta_18_12;alpha_10_9;beta_13_11;gamma_7_8;theta_17_8;alpha_13_2;alpha_7_9;gamma_6_7;gamma_1_8;gamma_7_3;beta_4_13;theta_18_17;theta_15_14;alpha_11_8;alpha_12_13;beta_6_17;gamma_10_7;theta_18_12;gamma_1_6;theta_9_5;beta_7_4;gamma_17_11;alpha_16_11;beta_6_5;gamma_5_9;beta_16_10;beta_11_18;theta_17_12;gamma_11_16;gamma_8_13;beta_17_7;gamma_9_11;alpha_13_5;theta_17_4;beta_11_13;beta_7_12;delta_17_7;gamma_16_11
chb19,chb19_16,100,100,1519;993;820;197;1212;1523;1400;1099;1336;1213;1401;1223;1320;1518;1217;511;1197;1058;907;863;1529;1348;1111;1503;601;1269;1410;807;911;1438;1035;1334;1095;917;1082;1488;891;906;929;1279;1364;1505;1183;912;1094;1341;295;1404;752;1286;1358;1502;879;1353;1296;605;1324;1417;1332;1342;1098;585;980;1004;1029;1437;1218;810;1132;611;817;1313;1383;1506;789;446;606;1354;1328;1230;1314;1489;1018;581;773;1030;1077;1299;777;1228;1408;278;759;1014;1182;1329;1007;589;877;1196,gamma_18_7;beta_5_9;alpha_13_5;delta_12_11;beta_18_6;gamma_18_11;gamma_11_7;beta_11_13;gamma_7_12;beta_18_7;gamma_11_8;beta_18_17;gamma_6_13;gamma_18_6;beta_18_11;theta_13_2;beta_17_8;beta_9_5;alpha_18_7;alpha_15_14;gamma_18_17;gamma_8_6;beta_12_7;gamma_17_8;theta_18_7;gamma_3_13;gamma_11_18;alpha_12_9;alpha_18_11;gamma_13_11;beta_7_17;gamma_7_10;beta_11_8;alpha_18_17;beta_10_13;gamma_16_10;alpha_17_8;alpha_18_6;beta_1_13;gamma_4_6;gamma_9_5;gamma_17_10;beta_16_11;alpha_18_12;beta_11_7;gamma_7_17;delta_18_7;gamma_11_12;alpha_9_5;gamma_4_13;gamma_8_17;gamma_17_7;alpha_16_13;gamma_8_12;gamma_5_6;theta_18_11;gamma_6_17;gamma_12_7;gamma_7_8;gamma_7_18;beta_11_12;theta_17_8;beta_4_13;beta_6_2;beta_7_11;gamma_13_10;beta_18_12;alpha_12_13;beta_13_11;theta_18_17;alpha_13_2;gamma_6_5;gamma_10_7;gamma_17_11;alpha_11_8;theta_9_5;theta_18_12;gamma_8_13;gamma_7_3;gamma_1_8;gamma_6_7;gamma_16_11;beta_6_17;theta_17_4;alpha_10_9;beta_7_12;beta_10_7;gamma_5_9;alpha_10_14;gamma_1_6;gamma_11_16;delta_17_7;alpha_9_13;beta_6_13;beta_16_10;gamma_7_4;beta_6_5;theta_17_12;alpha_16_11;beta_17_7
chb19,chb19_17,100,100,1519;993;470;1518;856;1523;1401;1353;1213;877;1058;1197;1320;1529;1217;863;1410;907;511;1212;1223;1336;1503;1400;601;1035;752;1348;929;911;1438;1488;912;501;1095;917;891;1417;1341;1269;1279;1082;1404;1505;1183;1364;295;1358;1007;1324;1296;1502;906;1094;1218;1286;605;879;1342;1332;1098;585;446;1132;1004;1314;1328;1111;606;1334;1313;980;557;895;1437;611;1018;1104;1230;773;1506;1489;1329;1354;789;1029;589;1099;1383;1408;581;1228;1369;817;1196;1023;1014;820;1201;810,gamma_18_7;beta_5_9;theta_10_13;gamma_18_6;alpha_15_7;gamma_18_11;gamma_11_8;gamma_8_12;beta_18_7;alpha_16_11;beta_9_5;beta_17_8;gamma_6_13;gamma_18_17;beta_18_11;alpha_15_14;gamma_11_18;alpha_18_7;theta_13_2;beta_18_6;beta_18_17;gamma_7_12;gamma_17_8;gamma_11_7;theta_18_7;beta_7_17;alpha_9_5;gamma_8_6;beta_1_13;alpha_18_11;gamma_13_11;gamma_16_10;alpha_18_12;theta_12_9;beta_11_8;alpha_18_17;alpha_17_8;gamma_12_7;gamma_7_17;gamma_3_13;gamma_4_6;beta_10_13;gamma_11_12;gamma_17_10;beta_16_11;gamma_9_5;delta_18_7;gamma_8_17;beta_6_5;gamma_6_17;gamma_5_6;gamma_17_7;alpha_18_6;beta_11_7;beta_18_12;gamma_4_13;theta_18_11;alpha_16_13;gamma_7_18;gamma_7_8;beta_11_12;theta_17_8;theta_9_5;beta_13_11;beta_6_2;gamma_6_7;gamma_7_3;beta_12_7;theta_18_12;gamma_7_10;gamma_6_5;beta_4_13;theta_15_14;alpha_17_12;gamma_13_10;theta_18_17;beta_6_17;beta_11_18;gamma_1_8;alpha_10_9;gamma_17_11;gamma_16_11;gamma_7_4;gamma_8_13;alpha_11_8;beta_7_11;theta_17_12;beta_11_13;gamma_10_7;gamma_11_16;theta_17_4;gamma_1_6;gamma_9_11;alpha_13_2;beta_17_7;beta_7_4;beta_6_13;alpha_13_5;beta_17_12;alpha_12_13
chb19,chb19_18,100,100,1519;1381;41;856;1212;1523;863;1183;1336;1213;1401;1518;1320;1217;879;1036;1197;1223;907;1410;1058;1529;511;1348;911;929;1503;1400;1488;601;1035;1095;1438;912;1305;1082;917;891;906;1111;993;1404;1279;752;1341;503;1334;1505;1269;605;1353;1364;1358;1296;1324;573;295;1417;1218;1007;1502;1098;1029;1437;1286;1132;1342;777;585;1332;1094;810;606;1230;1299;789;1328;1018;1489;773;895;1104;611;1314;980;1023;446;1313;1383;1408;1228;589;1182;759;278;877;1354;581;1329;1506,gamma_18_7;gamma_10_5;delta_3_9;alpha_15_7;beta_18_6;gamma_18_11;alpha_15_14;beta_16_11;gamma_7_12;beta_18_7;gamma_11_8;gamma_18_6;gamma_6_13;beta_18_11;alpha_16_13;beta_7_18;beta_17_8;beta_18_17;alpha_18_7;gamma_11_18;beta_9_5;gamma_18_17;theta_13_2;gamma_8_6;alpha_18_11;beta_1_13;gamma_17_8;gamma_11_7;gamma_16_10;theta_18_7;beta_7_17;beta_11_8;gamma_13_11;alpha_18_12;gamma_5_15;beta_10_13;alpha_18_17;alpha_17_8;alpha_18_6;beta_12_7;beta_5_9;gamma_11_12;gamma_4_6;alpha_9_5;gamma_7_17;theta_12_11;gamma_7_10;gamma_17_10;gamma_3_13;theta_18_11;gamma_8_12;gamma_9_5;gamma_8_17;gamma_5_6;gamma_6_17;theta_16_13;delta_18_7;gamma_12_7;beta_18_12;beta_6_5;gamma_17_7;beta_11_12;beta_7_11;gamma_13_10;gamma_4_13;beta_13_11;gamma_7_18;alpha_10_14;theta_17_8;gamma_7_8;beta_11_7;alpha_12_13;theta_18_12;gamma_1_8;gamma_5_9;alpha_11_8;gamma_7_3;beta_6_17;gamma_16_11;alpha_10_9;alpha_17_12;beta_11_18;theta_18_17;gamma_6_7;beta_4_13;beta_7_4;theta_9_5;gamma_6_5;gamma_10_7;gamma_11_16;gamma_1_6;theta_17_12;beta_16_10;alpha_9_13;delta_17_7;alpha_16_11;gamma_8_13;theta_17_4;gamma_7_4;gamma_17_11
chb19,chb19_19,100,100,1519;906;1094;776;1269;1523;1401;511;1213;1518;1058;1336;877;1197;1217;1223;863;993;1348;907;1529;1212;1320;1410;1111;1503;752;601;1404;1488;911;1035;1438;773;917;1095;1353;929;1279;891;879;1505;1400;1364;1341;1358;912;503;1296;605;777;1417;1502;1313;1334;1098;1324;1354;295;1082;1332;1183;1218;585;1437;446;1230;1314;1286;1342;817;1328;611;789;1383;1007;606;1132;810;1018;1506;1299;1329;1228;1104;581;1029;820;1369;980;1408;805;278;573;1182;895;1489;1023;963;1196,gamma_18_7;alpha_18_6;beta_11_7;alpha_10_13;gamma_3_13;gamma_18_11;gamma_11_8;theta_13_2;beta_18_7;gamma_18_6;beta_9_5;gamma_7_12;alpha_16_11;beta_17_8;beta_18_11;beta_18_17;alpha_15_14;beta_5_9;gamma_8_6;alpha_18_7;gamma_18_17;beta_18_6;gamma_6_13;gamma_11_18;beta_12_7;gamma_17_8;alpha_9_5;theta_18_7;gamma_11_12;gamma_16_10;alpha_18_11;beta_7_17;gamma_13_11;alpha_10_9;alpha_18_17;beta_11_8;gamma_8_12;beta_1_13;gamma_4_6;alpha_17_8;alpha_16_13;gamma_17_10;gamma_11_7;gamma_9_5;gamma_7_17;gamma_8_17;alpha_18_12;theta_12_11;gamma_5_6;theta_18_11;alpha_10_14;gamma_12_7;gamma_17_7;gamma_6_5;gamma_7_10;beta_11_12;gamma_6_17;gamma_8_13;delta_18_7;beta_10_13;gamma_7_8;beta_16_11;beta_18_12;theta_17_8;gamma_13_10;theta_9_5;gamma_1_8;gamma_6_7;gamma_4_13;gamma_7_18;alpha_13_2;gamma_7_3;theta_18_17;alpha_11_8;gamma_10_7;beta_6_5;theta_18_12;beta_13_11;alpha_12_13;beta_6_17;gamma_17_11;gamma_5_9;gamma_7_4;gamma_1_6;beta_11_18;theta_17_4;beta_7_11;alpha_13_5;gamma_9_11;beta_4_13;gamma_11_16;alpha_12_7;delta_17_7;theta_16_13;beta_16_10;alpha_17_12;gamma_16_11;beta_7_4;beta_3_13;beta_17_7
chb19,chb19_20,100,100,1519;1094;1518;470;1320;1523;1401;1213;1058;197;1353;1223;1217;935;863;1410;1197;1212;511;907;993;1529;1438;1488;1503;1334;601;929;752;1404;1348;1035;911;1111;1336;917;1082;1095;1505;891;1269;1279;1183;1364;912;1400;1341;605;1296;1358;773;906;1324;295;1342;980;1417;1004;1098;1502;1332;820;1313;1132;879;1437;606;1029;1354;1328;1218;585;1383;1018;789;1230;1286;611;1489;446;1023;1182;1228;1007;810;1104;817;1506;777;581;1314;1408;1299;278;788;1369;895;1014;1329;790,gamma_18_7;beta_11_7;gamma_18_6;theta_10_13;gamma_6_13;gamma_18_11;gamma_11_8;beta_18_7;beta_9_5;delta_12_11;gamma_8_12;beta_18_17;beta_18_11;beta_2_1;alpha_15_14;gamma_11_18;beta_17_8;beta_18_6;theta_13_2;alpha_18_7;beta_5_9;gamma_18_17;gamma_13_11;gamma_16_10;gamma_17_8;gamma_7_10;theta_18_7;beta_1_13;alpha_9_5;gamma_11_12;gamma_8_6;beta_7_17;alpha_18_11;beta_12_7;gamma_7_12;alpha_18_17;beta_10_13;beta_11_8;gamma_17_10;alpha_17_8;gamma_3_13;gamma_4_6;beta_16_11;gamma_9_5;alpha_18_12;gamma_11_7;gamma_7_17;theta_18_11;gamma_5_6;gamma_8_17;alpha_10_9;alpha_18_6;gamma_6_17;delta_18_7;gamma_7_18;beta_4_13;gamma_12_7;beta_6_2;beta_11_12;gamma_17_7;gamma_7_8;alpha_13_5;gamma_6_5;beta_13_11;alpha_16_13;gamma_13_10;theta_18_12;beta_7_11;gamma_8_13;gamma_7_3;beta_18_12;theta_17_8;gamma_10_7;beta_6_17;alpha_11_8;gamma_1_8;gamma_4_13;theta_18_17;gamma_16_11;theta_9_5;beta_7_4;beta_16_10;gamma_1_6;beta_6_5;alpha_12_13;beta_11_18;alpha_13_2;gamma_17_11;alpha_10_14;theta_17_4;gamma_6_7;gamma_11_16;gamma_5_9;delta_17_7;alpha_11_7;gamma_9_11;alpha_17_12;beta_6_13;gamma_7_4;alpha_11_9
chb19,chb19_21,100,100,1519;1400;470;1269;1518;1523;752;1401;503;1213;1336;863;1223;918;1217;1212;993;1348;907;485;1529;1410;1058;1197;1320;1111;1503;1095;601;511;1035;1438;911;1404;1082;912;1488;1036;917;906;929;1279;1364;891;1094;1341;773;1358;1183;1334;1505;1296;1324;1098;1286;295;1332;1502;820;1218;1099;1007;789;605;1417;1342;1230;1132;1018;606;1437;1299;879;1328;1104;1353;446;1408;980;585;1314;817;1329;1383;1313;557;611;877;1102;1029;1228;581;1182;1354;1392;1506;788;759;1023;1489,gamma_18_7;gamma_11_7;theta_10_13;gamma_3_13;gamma_18_6;gamma_18_11;alpha_9_5;gamma_11_8;theta_12_11;beta_18_7;gamma_7_12;alpha_15_14;beta_18_17;beta_1_2;beta_18_11;beta_18_6;beta_5_9;gamma_8_6;alpha_18_7;theta_11_10;gamma_18_17;gamma_11_18;beta_9_5;beta_17_8;gamma_6_13;beta_12_7;gamma_17_8;beta_11_8;theta_18_7;theta_13_2;beta_7_17;gamma_13_11;alpha_18_11;gamma_11_12;beta_10_13;alpha_18_12;gamma_16_10;beta_7_18;alpha_18_17;alpha_18_6;beta_1_13;gamma_4_6;gamma_9_5;alpha_17_8;beta_11_7;gamma_7_17;alpha_10_9;gamma_8_17;beta_16_11;gamma_7_10;gamma_17_10;gamma_5_6;gamma_6_17;beta_11_12;gamma_4_13;delta_18_7;gamma_7_8;gamma_17_7;alpha_13_5;beta_18_12;beta_11_13;beta_6_5;alpha_11_8;theta_18_11;gamma_12_7;gamma_7_18;gamma_1_8;beta_13_11;beta_6_17;theta_18_12;gamma_13_10;gamma_5_9;alpha_16_13;gamma_7_3;beta_11_18;gamma_8_12;theta_9_5;gamma_11_16;beta_4_13;theta_17_8;gamma_6_7;alpha_13_2;gamma_7_4;gamma_10_7;gamma_6_5;theta_15_14;theta_18_17;alpha_16_11;beta_11_16;beta_7_11;gamma_1_6;theta_17_4;beta_16_10;gamma_8_13;gamma_10_17;gamma_17_11;alpha_11_7;alpha_9_13;beta_7_4;gamma_16_11
chb19,chb19_22,100,100,1519;793;1400;1518;1269;1523;752;503;1401;1213;1336;1212;1217;205;1529;1197;993;907;863;1410;1223;1058;1111;1320;1348;1503;601;1438;1095;911;1035;906;1082;1488;917;929;1296;912;1364;1353;1404;891;877;467;1334;1505;1417;1341;605;1279;879;1324;1094;1358;1332;1502;980;295;1313;446;1183;1342;1098;1230;1029;511;1218;1437;585;810;963;1314;1408;1132;1007;789;1328;1383;606;1018;777;611;1286;1329;1104;1392;1299;573;1489;1506;820;1023;788;1369;1030;581;278;1102;1388;1354,gamma_18_7;alpha_11_13;gamma_11_7;gamma_18_6;gamma_3_13;gamma_18_11;alpha_9_5;theta_12_11;gamma_11_8;beta_18_7;gamma_7_12;beta_18_6;beta_18_11;delta_13_2;gamma_18_17;beta_17_8;beta_5_9;alpha_18_7;alpha_15_14;gamma_11_18;beta_18_17;beta_9_5;beta_12_7;gamma_6_13;gamma_8_6;gamma_17_8;theta_18_7;gamma_13_11;beta_11_8;alpha_18_11;beta_7_17;alpha_18_6;beta_10_13;gamma_16_10;alpha_18_17;beta_1_13;gamma_5_6;alpha_18_12;gamma_9_5;gamma_8_12;gamma_11_12;alpha_17_8;alpha_16_11;theta_10_9;gamma_7_10;gamma_17_10;gamma_12_7;gamma_7_17;theta_18_11;gamma_4_6;alpha_16_13;gamma_6_17;beta_11_7;gamma_8_17;gamma_7_8;gamma_17_7;beta_4_13;delta_18_7;gamma_6_5;theta_9_5;beta_16_11;gamma_7_18;beta_11_12;gamma_1_8;beta_7_11;theta_13_2;beta_18_12;gamma_13_10;theta_17_8;alpha_12_13;beta_3_13;gamma_6_7;gamma_11_16;beta_13_11;beta_6_5;alpha_11_8;gamma_7_3;gamma_10_7;theta_18_12;beta_6_17;alpha_10_14;theta_18_17;gamma_4_13;gamma_7_4;beta_11_18;gamma_10_17;gamma_5_9;theta_16_13;gamma_16_11;gamma_17_11;alpha_13_5;beta_7_4;alpha_11_7;gamma_9_11;beta_7_12;theta_17_4;delta_17_7;beta_11_16;gamma_10_13;gamma_8_13
chb19,chb19_23,100,100,1519;1077;470;1518;993;1523;1401;1353;1058;1213;877;1529;1320;1217;557;1410;1223;1334;907;817;1212;1503;1336;1197;1400;752;1095;1348;929;911;1035;1438;601;1342;1082;1488;917;1111;1364;1007;1404;891;1296;1341;773;980;1279;503;912;1502;1505;1417;906;605;879;1269;1332;789;1324;1358;1094;295;863;1004;1314;1098;1313;446;1183;585;1218;1354;1437;1230;1036;810;1018;1030;611;1132;1408;511;721;606;1104;1392;820;1506;1286;1383;1228;1328;1329;1012;759;1299;1102;1182;1196;1489,gamma_18_7;beta_10_7;theta_10_13;gamma_18_6;beta_5_9;gamma_18_11;gamma_11_8;gamma_8_12;beta_9_5;beta_18_7;alpha_16_11;gamma_18_17;gamma_6_13;beta_18_11;theta_15_14;gamma_11_18;beta_18_17;gamma_7_10;alpha_18_7;alpha_13_2;beta_18_6;gamma_17_8;gamma_7_12;beta_17_8;gamma_11_7;alpha_9_5;beta_11_8;gamma_8_6;beta_1_13;alpha_18_11;beta_7_17;gamma_13_11;theta_18_7;gamma_7_18;beta_10_13;gamma_16_10;alpha_18_17;beta_12_7;gamma_9_5;beta_6_5;gamma_11_12;alpha_17_8;gamma_5_6;gamma_7_17;alpha_10_9;beta_4_13;gamma_4_6;theta_12_11;alpha_18_12;gamma_17_7;gamma_17_10;gamma_12_7;alpha_18_6;theta_18_11;alpha_16_13;gamma_3_13;gamma_7_8;alpha_11_8;gamma_6_17;gamma_8_17;beta_11_7;delta_18_7;alpha_15_14;beta_6_2;gamma_6_7;beta_11_12;gamma_6_5;theta_9_5;beta_16_11;theta_17_8;beta_18_12;gamma_8_13;gamma_13_10;gamma_1_8;beta_7_18;alpha_12_13;beta_6_17;beta_7_12;theta_18_17;beta_13_11;gamma_11_16;theta_13_2;alpha_7_9;theta_18_12;beta_11_18;gamma_10_17;alpha_13_5;gamma_17_11;gamma_4_13;gamma_10_7;gamma_1_6;gamma_7_3;gamma_7_4;beta_6_11;alpha_9_13;gamma_5_9;beta_11_16;beta_16_10;beta_17_7;gamma_16_11
chb19,chb19_24,100,100,1519;1252;288;1094;233;1518;1523;1058;863;1213;1336;503;1401;1223;1217;1212;993;1348;907;1529;817;1410;1197;1305;752;1320;1488;1035;601;1111;1503;1095;1082;1438;906;911;1036;917;929;1404;1364;891;1400;1296;912;1353;1341;773;1183;1358;295;1505;1334;879;1279;1354;1324;1502;1417;777;606;1332;820;605;789;1029;1408;585;877;980;1437;810;1098;1313;1342;1077;446;1314;1230;1018;1218;963;611;1489;1329;1388;1102;1398;1506;1132;557;1269;1328;1030;278;573;1383;1007;1023;1182,gamma_18_7;gamma_2_13;delta_17_18;beta_11_7;delta_14_13;gamma_18_6;gamma_18_11;beta_9_5;alpha_15_14;beta_18_7;gamma_7_12;theta_12_11;gamma_11_8;beta_18_17;beta_18_11;beta_18_6;beta_5_9;gamma_8_6;alpha_18_7;gamma_18_17;alpha_13_2;gamma_11_18;beta_17_8;gamma_5_15;alpha_9_5;gamma_6_13;gamma_16_10;beta_7_17;theta_18_7;beta_12_7;gamma_17_8;beta_11_8;beta_10_13;gamma_13_11;alpha_18_6;alpha_18_11;beta_7_18;alpha_18_17;beta_1_13;gamma_11_12;gamma_9_5;alpha_17_8;gamma_11_7;gamma_5_6;alpha_18_12;gamma_8_12;gamma_7_17;alpha_10_9;beta_16_11;gamma_8_17;delta_18_7;gamma_17_10;gamma_7_10;alpha_16_13;gamma_4_6;gamma_8_13;gamma_6_17;gamma_17_7;gamma_12_7;alpha_10_14;theta_18_12;gamma_7_8;alpha_13_5;theta_18_11;alpha_11_8;beta_7_11;gamma_11_16;theta_17_8;alpha_16_11;beta_4_13;gamma_13_10;alpha_12_13;beta_11_12;gamma_6_5;gamma_7_18;beta_10_7;theta_9_5;gamma_6_7;gamma_1_8;beta_6_17;beta_18_12;beta_3_13;theta_18_17;gamma_16_11;gamma_7_4;gamma_10_13;beta_11_16;gamma_11_5;gamma_17_11;beta_13_11;theta_15_14;gamma_3_13;gamma_7_3;beta_7_12;delta_17_7;theta_16_13;gamma_10_7;beta_6_5;beta_7_4;beta_16_10
chb19,chb19_25,100,100,1519;1269;771;1518;752;1401;1523;557;1353;1213;877;1529;1082;1217;1410;1320;1223;817;907;1336;1035;1197;1058;911;1348;1400;1488;993;1503;1095;601;1438;879;1404;1212;917;929;1334;912;1111;891;1364;1296;1341;773;605;1358;987;1505;503;1286;1314;1342;1279;295;485;1324;1098;1332;863;1502;1417;446;1007;606;810;1094;1354;585;1408;511;1356;1218;1183;1018;1437;1299;789;1029;1313;776;1102;611;1132;1228;980;906;1030;1230;820;1506;1329;1182;1104;1328;1383;589;1099;1489;1023,gamma_18_7;gamma_3_13;alpha_10_7;gamma_18_6;alpha_9_5;gamma_11_8;gamma_18_11;theta_15_14;gamma_8_12;beta_18_7;alpha_16_11;gamma_18_17;beta_10_13;beta_18_11;gamma_11_18;gamma_6_13;beta_18_17;alpha_13_2;alpha_18_7;gamma_7_12;beta_7_17;beta_17_8;beta_9_5;alpha_18_11;gamma_8_6;gamma_11_7;gamma_16_10;beta_5_9;gamma_17_8;beta_11_8;theta_18_7;gamma_13_11;alpha_16_13;gamma_11_12;beta_18_6;alpha_18_17;beta_1_13;gamma_7_10;alpha_18_12;beta_12_7;alpha_17_8;gamma_9_5;gamma_5_6;gamma_7_17;alpha_10_9;theta_18_11;gamma_8_17;beta_5_2;gamma_17_10;theta_12_11;gamma_4_13;gamma_6_7;gamma_7_18;gamma_4_6;delta_18_7;theta_11_10;gamma_6_17;beta_11_12;gamma_7_8;alpha_15_14;gamma_17_7;gamma_12_7;theta_9_5;beta_6_5;theta_18_12;alpha_12_13;beta_11_7;gamma_8_13;theta_17_8;gamma_11_16;theta_13_2;gamma_8_15;beta_18_12;beta_16_11;beta_6_17;gamma_13_10;gamma_5_9;alpha_11_8;beta_7_11;gamma_6_5;alpha_10_13;beta_11_16;theta_18_17;beta_13_11;gamma_1_6;beta_4_13;alpha_18_6;beta_7_12;gamma_1_8;alpha_13_5;gamma_17_11;gamma_7_4;beta_16_10;beta_11_18;gamma_7_3;gamma_10_7;theta_17_12;beta_11_13;gamma_16_11;beta_7_4
chb19,chb19_26,100,100,1519;539;1269;1400;1518;1523;820;1353;1401;503;1213;1529;863;1217;935;1348;1320;1223;1058;907;1410;511;1503;1417;993;1212;179;601;1336;1035;1095;1197;1082;911;1438;1488;917;929;1364;912;1404;1279;771;1342;1505;773;891;877;1334;1341;1286;752;605;1296;1358;1324;879;1111;295;1098;1332;1502;817;1218;1012;1007;980;789;1437;1388;606;1183;1018;1104;585;1329;557;1299;1408;446;1094;611;1314;1313;1228;906;1023;1354;810;1132;1230;1506;1182;1398;1328;895;623;1383;1042;1036,gamma_18_7;theta_14_13;gamma_3_13;gamma_11_7;gamma_18_6;gamma_18_11;alpha_13_5;gamma_8_12;gamma_11_8;theta_12_11;beta_18_7;gamma_18_17;alpha_15_14;beta_18_11;beta_2_1;gamma_8_6;gamma_6_13;beta_18_17;beta_9_5;alpha_18_7;gamma_11_18;theta_13_2;gamma_17_8;gamma_12_7;beta_5_9;beta_18_6;delta_11_10;theta_18_7;gamma_7_12;beta_7_17;beta_11_8;beta_17_8;beta_10_13;alpha_18_11;gamma_13_11;gamma_16_10;alpha_18_17;beta_1_13;gamma_9_5;alpha_18_12;gamma_11_12;gamma_4_6;alpha_10_7;gamma_7_18;gamma_17_10;alpha_10_9;alpha_17_8;alpha_16_11;gamma_7_10;gamma_7_17;gamma_4_13;alpha_9_5;theta_18_11;gamma_5_6;gamma_8_17;gamma_6_17;alpha_16_13;beta_12_7;delta_18_7;beta_11_12;gamma_7_8;gamma_17_7;alpha_13_2;beta_18_12;beta_6_11;beta_6_5;beta_4_13;alpha_11_8;gamma_13_10;gamma_10_13;theta_18_12;beta_16_11;beta_6_17;beta_11_18;theta_17_8;gamma_7_4;theta_15_14;gamma_5_9;gamma_11_16;theta_9_5;beta_11_7;theta_18_17;gamma_6_7;gamma_6_5;gamma_1_6;alpha_18_6;beta_7_4;gamma_8_13;alpha_12_13;beta_13_11;gamma_1_8;gamma_17_11;beta_16_10;gamma_11_5;gamma_7_3;alpha_17_12;alpha_1_13;gamma_10_7;beta_8_6;beta_7_18
chb19,chb19_27,100,100,1519;470;788;1518;1326;1401;1523;1320;877;1213;1058;1223;1353;863;1217;1503;993;1529;511;907;1410;1404;1212;1197;752;1417;1334;1342;1035;601;1269;1348;1183;911;1336;917;1400;773;1341;891;1095;929;1358;1488;906;879;1505;1364;1438;1502;912;1324;1111;1279;1286;1098;605;446;1132;585;1408;1082;1296;1299;1218;295;1094;557;1018;1437;1506;817;1332;980;611;789;810;1012;1507;503;606;1104;820;1196;1313;1489;1036;895;1392;1354;1383;1102;1228;1201;1182;573;1007;278;1369;1328,gamma_18_7;theta_10_13;alpha_11_7;gamma_18_6;gamma_7_1;gamma_11_8;gamma_18_11;gamma_6_13;alpha_16_11;beta_18_7;beta_9_5;beta_18_17;gamma_8_12;alpha_15_14;beta_18_11;gamma_17_8;beta_5_9;gamma_18_17;theta_13_2;alpha_18_7;gamma_11_18;gamma_11_12;beta_18_6;beta_17_8;alpha_9_5;gamma_12_7;gamma_7_10;gamma_7_18;beta_7_17;theta_18_7;gamma_3_13;gamma_8_6;beta_16_11;alpha_18_11;gamma_7_12;alpha_18_17;gamma_11_7;alpha_10_9;gamma_7_17;alpha_17_8;beta_11_8;beta_1_13;gamma_8_17;gamma_16_10;alpha_18_6;alpha_16_13;gamma_17_10;gamma_9_5;gamma_13_11;gamma_17_7;alpha_18_12;gamma_6_17;beta_12_7;gamma_4_6;gamma_4_13;beta_11_12;theta_18_11;theta_9_5;beta_13_11;theta_17_8;gamma_11_16;beta_10_13;gamma_5_6;gamma_5_9;beta_18_12;delta_18_7;beta_11_7;theta_15_14;beta_6_17;gamma_13_10;gamma_17_11;alpha_13_2;gamma_7_8;beta_4_13;theta_18_17;alpha_11_8;alpha_12_13;beta_6_11;gamma_17_12;theta_12_11;theta_18_12;beta_11_18;alpha_13_5;beta_17_7;gamma_6_5;gamma_16_11;beta_7_18;alpha_17_12;gamma_10_17;gamma_8_13;gamma_10_7;beta_11_16;gamma_1_6;beta_17_12;beta_16_10;theta_16_13;beta_6_5;delta_17_7;gamma_9_11;gamma_7_3
chb19,chb19_28,40,40,1519;465;1283;1518;1082;1401;740;1523;1269;557;1058;1213;877;1336;1036;1197;1320;1223;511;1217;1035;1348;907;1400;1529;752;912;1286;1503;1095;863;1018;1438;891;1334;573;929;601;1404;1364,gamma_18_7;theta_10_7;gamma_4_10;gamma_18_6;beta_10_13;gamma_11_8;alpha_8_11;gamma_18_11;gamma_3_13;theta_15_14;beta_9_5;beta_18_7;alpha_16_11;gamma_7_12;beta_7_18;beta_17_8;gamma_6_13;beta_18_17;theta_13_2;beta_18_11;beta_7_17;gamma_8_6;alpha_18_7;gamma_11_7;gamma_18_17;alpha_9_5;alpha_18_12;gamma_4_13;gamma_17_8;beta_11_8;alpha_15_14;beta_6_17;gamma_13_11;alpha_17_8;gamma_7_10;theta_16_13;beta_1_13;theta_18_7;gamma_11_12;gamma_9_5
chb19,chb19_29,20,20,1519;1130;1189;1041;301;1098;1287;1523;1361;1183;1213;1058;1269;1336;1217;1410;1425;1223;1099;1437,gamma_18_7;beta_13_9;beta_16_18;beta_8_5;delta_18_13;beta_11_12;gamma_4_14;gamma_18_11;gamma_9_2;beta_16_11;beta_18_7;beta_9_5;gamma_3_13;gamma_7_12;beta_18_11;gamma_11_18;gamma_12_16;beta_18_17;beta_11_13;gamma_13_10
chb19,chb19_30,20,20,1519;776;1518;1400;976;1523;288;817;1348;1212;1213;503;1401;1058;1217;1336;1503;1269;906;1223,gamma_18_7;alpha_10_13;gamma_18_6;gamma_11_7;beta_4_9;gamma_18_11;delta_17_18;alpha_13_2;gamma_8_6;beta_18_6;beta_18_7;theta_12_11;gamma_11_8;beta_9_5;beta_18_11;gamma_7_12;gamma_17_8;gamma_3_13;alpha_18_6;beta_18_17
chb20,chb20_01,80,80,1516;288;1398;609;1521;836;298;83;1507;1456;888;811;1349;1512;1515;929;303;774;1520;1518;1119;954;1221;598;1123;1206;681;1194;1386;1511;807;685;1358;586;1494;1210;1336;1524;813;893;855;703;1335;915;900;1522;1180;1332;1483;1372;843;1498;735;604;1528;602;1425;896;991;1214;236;777;283;1260;1526;904;796;603;1080;110;1354;1082;1199;1407;1200;874;1432;686;1195;1503,gamma_18_4;delta_17_18;gamma_11_5;theta_18_15;gamma_18_9;alpha_14_4;delta_18_10;delta_5_17;gamma_17_12;gamma_14_12;alpha_17_5;alpha_12_14;gamma_8_7;gamma_17_18;gamma_18_3;beta_1_13;delta_18_15;alpha_10_11;gamma_18_8;gamma_18_6;beta_12_16;beta_3_4;beta_18_15;theta_18_4;beta_13_2;beta_17_18;alpha_5_2;beta_17_5;gamma_10_11;gamma_17_16;alpha_12_9;alpha_5_7;gamma_8_17;theta_17_9;gamma_16_17;beta_18_4;gamma_7_12;gamma_18_12;alpha_12_16;alpha_17_10;alpha_15_6;alpha_6_8;gamma_7_11;alpha_18_15;alpha_17_18;gamma_18_10;beta_16_8;gamma_7_8;gamma_16_5;gamma_9_14;alpha_14_11;gamma_17_3;alpha_8_5;theta_18_10;gamma_18_16;theta_18_8;gamma_12_16;alpha_17_13;beta_5_7;beta_18_8;delta_14_17;alpha_10_14;delta_17_12;gamma_3_4;gamma_18_14;alpha_18_4;alpha_11_16;theta_18_9;beta_10_11;delta_7_10;gamma_8_13;beta_10_13;beta_17_10;gamma_11_15;beta_17_11;alpha_16_8;gamma_13_5;alpha_5_8;beta_17_6;gamma_17_8
chb20,chb20_02,80,80,288;609;1520;1515;1432;1358;1507;1112;1521;991;1194;760;1518;774;954;1048;1206;875;303;298;1085;598;1516;1221;83;1511;1512;1174;1386;603;703;1426;1335;888;1210;813;893;1524;1234;915;1372;855;1522;900;1349;1119;1332;843;602;681;1526;1483;1498;806;1082;604;977;777;1528;929;1456;1260;1214;1441;896;685;1080;735;904;1397;236;686;1425;283;1199;822;1514;796;1180;1200,delta_17_18;theta_18_15;gamma_18_8;gamma_18_3;gamma_13_5;gamma_8_17;gamma_17_12;beta_12_8;gamma_18_9;beta_5_7;beta_17_5;alpha_9_14;gamma_18_6;alpha_10_11;beta_3_4;beta_8_13;beta_17_18;alpha_16_9;delta_18_15;delta_18_10;beta_10_16;theta_18_4;gamma_18_4;beta_18_15;delta_5_17;gamma_17_16;gamma_17_18;beta_16_2;gamma_10_11;theta_18_9;alpha_6_8;gamma_12_17;gamma_7_11;alpha_17_5;beta_18_4;alpha_12_16;alpha_17_10;gamma_18_12;gamma_1_12;alpha_18_15;gamma_9_14;alpha_15_6;gamma_18_10;alpha_17_18;gamma_8_7;beta_12_16;gamma_7_8;alpha_14_11;theta_18_8;alpha_5_2;gamma_18_14;gamma_16_5;gamma_17_3;alpha_12_8;beta_10_13;theta_18_10;beta_4_10;alpha_10_14;gamma_18_16;beta_1_13;gamma_14_12;gamma_3_4;beta_18_8;gamma_13_15;alpha_17_13;alpha_5_7;beta_10_11;alpha_8_5;alpha_18_4;gamma_11_4;delta_14_17;alpha_5_8;gamma_12_16;delta_17_12;beta_17_10;alpha_13_7;gamma_18_2;alpha_11_16;beta_16_8;beta_17_11
chb20,chb20_03,80,80,1516;789;288;609;298;1507;1521;83;1085;774;1432;1512;1230;1194;929;1515;1520;880;303;1386;1335;598;991;1123;1206;1221;1518;875;1511;703;681;855;603;1119;1358;1210;888;1524;1260;1493;893;1426;1349;900;1522;1482;843;915;813;1483;904;1498;735;236;777;1528;604;1439;1332;977;691;1214;1425;1372;686;1082;1080;1180;1526;896;602;796;1199;1354;1128;1336;685;283;1243;1503,gamma_18_4;alpha_11_8;delta_17_18;theta_18_15;delta_18_10;gamma_17_12;gamma_18_9;delta_5_17;beta_10_16;alpha_10_11;gamma_13_5;gamma_17_18;gamma_1_8;beta_17_5;beta_1_13;gamma_18_3;gamma_18_8;alpha_16_14;delta_18_15;gamma_10_11;gamma_7_11;theta_18_4;beta_5_7;beta_13_2;beta_17_18;beta_18_15;gamma_18_6;alpha_16_9;gamma_17_16;alpha_6_8;alpha_5_2;alpha_15_6;theta_18_9;beta_12_16;gamma_8_17;beta_18_4;alpha_17_5;gamma_18_12;gamma_3_4;gamma_16_15;alpha_17_10;gamma_12_17;gamma_8_7;alpha_17_18;gamma_18_10;gamma_16_4;alpha_14_11;alpha_18_15;alpha_12_16;gamma_16_5;alpha_18_4;gamma_17_3;alpha_8_5;delta_14_17;alpha_10_14;gamma_18_16;theta_18_10;gamma_13_12;gamma_7_8;beta_4_10;alpha_5_13;beta_18_8;gamma_12_16;gamma_9_14;alpha_5_8;beta_10_13;beta_10_11;beta_16_8;gamma_18_14;alpha_17_13;theta_18_8;alpha_11_16;beta_17_10;gamma_8_13;beta_13_7;gamma_7_12;alpha_5_7;delta_17_12;gamma_2_4;gamma_17_8
chb20,chb20_04,80,80,288;1520;609;91;298;1085;1521;1507;1358;888;1260;774;1432;1515;1512;929;598;303;1349;83;880;806;1516;1518;1206;1221;1194;1511;824;1386;603;1524;855;681;1234;1210;1439;685;893;1119;915;1123;1332;1441;900;1494;1335;602;1522;1180;843;1483;1498;604;1528;813;623;703;1214;777;236;76;1082;896;991;904;1425;1372;1128;1526;1080;1315;1199;796;1235;697;1243;1112;1200;586,delta_17_18;gamma_18_8;theta_18_15;delta_6_8;delta_18_10;beta_10_16;gamma_18_9;gamma_17_12;gamma_8_17;alpha_17_5;gamma_3_4;alpha_10_11;gamma_13_5;gamma_18_3;gamma_17_18;beta_1_13;theta_18_4;delta_18_15;gamma_8_7;delta_5_17;alpha_16_14;alpha_12_8;gamma_18_4;gamma_18_6;beta_17_18;beta_18_15;beta_17_5;gamma_17_16;alpha_13_9;gamma_10_11;theta_18_9;gamma_18_12;alpha_15_6;alpha_5_2;gamma_1_12;beta_18_4;gamma_13_12;alpha_5_7;alpha_17_10;beta_12_16;alpha_18_15;beta_13_2;gamma_7_8;gamma_13_15;alpha_17_18;gamma_16_17;gamma_7_11;theta_18_8;gamma_18_10;beta_16_8;alpha_14_11;gamma_16_5;gamma_17_3;theta_18_10;gamma_18_16;alpha_12_16;alpha_1_13;alpha_6_8;beta_18_8;alpha_10_14;delta_14_17;delta_5_10;beta_10_13;alpha_17_13;beta_5_7;alpha_18_4;gamma_12_16;gamma_9_14;beta_13_7;gamma_18_14;beta_10_11;gamma_6_8;beta_17_10;alpha_11_16;gamma_1_13;alpha_6_1;gamma_2_4;beta_12_8;beta_17_11;theta_17_9
chb20,chb20_05,80,80,288;908;1077;731;1507;1460;1085;1194;303;1349;1520;1515;83;280;880;1521;703;1512;774;929;1483;1329;1518;1221;806;1516;1511;604;1386;609;1335;1157;1206;598;685;1119;838;1524;681;1522;1358;841;1498;1332;1439;1210;893;888;900;1180;1441;915;843;1528;1047;1432;813;1082;991;686;603;1425;904;977;777;1048;283;1080;236;1214;1260;1199;1061;1523;735;1503;298;1297;32;602,delta_17_18;alpha_18_8;beta_10_7;alpha_8_1;gamma_17_12;gamma_14_17;beta_10_16;beta_17_5;delta_18_15;gamma_8_7;gamma_18_8;gamma_18_3;delta_5_17;delta_17_9;alpha_16_14;gamma_18_9;alpha_6_8;gamma_17_18;alpha_10_11;beta_1_13;gamma_16_5;gamma_7_4;gamma_18_6;beta_18_15;alpha_12_8;gamma_18_4;gamma_17_16;theta_18_10;gamma_10_11;theta_18_15;gamma_7_11;beta_15_2;beta_17_18;theta_18_4;alpha_5_7;beta_12_16;alpha_14_6;gamma_18_12;alpha_5_2;gamma_18_10;gamma_8_17;alpha_14_9;gamma_17_3;gamma_7_8;gamma_13_12;beta_18_4;alpha_17_10;alpha_17_5;alpha_17_18;beta_16_8;gamma_13_15;alpha_18_15;alpha_14_11;gamma_18_16;beta_8_12;gamma_13_5;alpha_12_16;beta_10_13;beta_5_7;alpha_5_8;theta_18_9;gamma_12_16;alpha_18_4;beta_4_10;alpha_10_14;beta_8_13;delta_17_12;beta_10_11;delta_14_17;beta_18_8;gamma_3_4;beta_17_10;beta_9_8;gamma_18_11;alpha_8_5;gamma_17_8;delta_18_10;gamma_5_7;delta_2_17;theta_18_8
chb20,chb20_06,80,80,288;1080;1337;762;915;1520;1515;603;1518;1006;1511;1194;685;1512;303;1180;1432;1349;83;1521;1494;1516;880;598;1206;1358;1524;1119;1221;604;838;774;841;1332;609;742;888;1210;1507;703;1523;893;900;1157;681;1522;1372;1335;806;1498;1386;1483;735;1425;602;991;907;813;236;1214;1260;843;1199;1528;1135;1439;977;280;777;1061;1285;1082;1048;1195;860;32;904;686;1085;298,delta_17_18;beta_10_11;gamma_7_13;alpha_9_16;alpha_18_15;gamma_18_8;gamma_18_3;theta_18_9;gamma_18_6;beta_6_4;gamma_17_16;beta_17_5;alpha_5_7;gamma_17_18;delta_18_15;beta_16_8;gamma_13_5;gamma_8_7;delta_5_17;gamma_18_9;gamma_16_17;gamma_18_4;alpha_16_14;theta_18_4;beta_17_18;gamma_8_17;gamma_18_12;beta_12_16;beta_18_15;theta_18_10;alpha_14_6;alpha_10_11;alpha_14_9;gamma_7_8;theta_18_15;alpha_8_13;alpha_17_5;beta_18_4;gamma_17_12;alpha_6_8;gamma_18_11;alpha_17_10;alpha_17_18;beta_15_2;alpha_5_2;gamma_18_10;gamma_9_14;gamma_7_11;alpha_12_8;gamma_17_3;gamma_10_11;gamma_16_5;alpha_8_5;gamma_12_16;theta_18_8;beta_5_7;alpha_18_7;alpha_12_16;delta_14_17;beta_18_8;gamma_3_4;alpha_14_11;beta_17_10;gamma_18_16;beta_13_15;gamma_13_12;beta_4_10;delta_17_9;alpha_10_14;beta_9_8;gamma_4_12;beta_10_13;beta_8_13;beta_17_6;alpha_15_11;delta_2_17;alpha_18_4;alpha_5_8;beta_10_16;delta_18_10
chb20,chb20_07,80,80,288;1332;1405;609;681;1518;1511;1194;774;1520;603;1512;806;1515;1483;1235;1119;83;1335;303;1521;1210;1494;991;760;703;1206;604;1221;1516;1358;1123;1507;598;1386;888;855;813;623;1524;1522;1260;915;900;1372;1349;893;757;1523;824;1180;1498;602;1439;1336;735;1425;1432;743;1214;685;1528;1199;1080;1135;686;796;896;907;777;298;929;1315;904;32;860;1061;1195;586;1243,delta_17_18;gamma_7_8;gamma_11_13;theta_18_15;alpha_5_2;gamma_18_6;gamma_17_16;beta_17_5;alpha_10_11;gamma_18_8;theta_18_9;gamma_17_18;alpha_12_8;gamma_18_3;gamma_16_5;gamma_1_13;beta_12_16;delta_5_17;gamma_7_11;delta_18_15;gamma_18_9;beta_18_4;gamma_16_17;beta_5_7;alpha_9_14;alpha_6_8;beta_17_18;theta_18_10;beta_18_15;gamma_18_4;gamma_8_17;beta_13_2;gamma_17_12;theta_18_4;gamma_10_11;alpha_17_5;alpha_15_6;alpha_12_16;alpha_1_13;gamma_18_12;gamma_18_10;gamma_3_4;alpha_18_15;alpha_17_18;gamma_9_14;gamma_8_7;alpha_17_10;alpha_9_11;gamma_18_11;alpha_13_9;beta_16_8;gamma_17_3;theta_18_8;gamma_13_12;gamma_7_12;alpha_8_5;gamma_12_16;gamma_13_5;alpha_8_14;beta_18_8;alpha_5_7;gamma_18_16;beta_17_10;beta_10_11;beta_13_15;alpha_5_8;alpha_11_16;alpha_17_13;alpha_18_7;alpha_10_14;delta_18_10;beta_1_13;gamma_6_8;alpha_18_4;delta_2_17;alpha_15_11;beta_9_8;beta_17_6;theta_17_9;gamma_2_4
chb20,chb20_08,80,80,288;888;686;1378;609;1520;858;1515;1507;1119;1349;1521;1080;298;1483;83;811;929;1512;303;1516;1518;806;598;1221;1206;1358;1511;1194;681;1332;1524;1426;685;1372;774;1210;586;1335;1456;915;1522;855;1523;813;893;900;1336;602;1128;1260;1386;1082;1180;604;1425;1498;1214;1528;1135;1432;991;623;777;703;907;843;796;896;603;697;283;904;1315;236;1199;1354;1363;32;757,delta_17_18;alpha_17_5;alpha_5_8;gamma_10_2;theta_18_15;gamma_18_8;alpha_15_9;gamma_18_3;gamma_17_12;beta_12_16;gamma_8_7;gamma_18_9;beta_10_11;delta_18_10;gamma_16_5;delta_5_17;alpha_12_14;beta_1_13;gamma_17_18;delta_18_15;gamma_18_4;gamma_18_6;alpha_12_8;theta_18_4;beta_18_15;beta_17_18;gamma_8_17;gamma_17_16;beta_17_5;alpha_5_2;gamma_7_8;gamma_18_12;gamma_12_17;alpha_5_7;gamma_9_14;alpha_10_11;beta_18_4;theta_17_9;gamma_7_11;gamma_14_12;alpha_18_15;gamma_18_10;alpha_15_6;gamma_18_11;alpha_12_16;alpha_17_10;alpha_17_18;gamma_7_12;theta_18_8;beta_13_7;gamma_3_4;gamma_10_11;beta_10_13;beta_16_8;theta_18_10;gamma_12_16;gamma_17_3;beta_18_8;gamma_18_16;beta_13_15;gamma_13_5;beta_5_7;alpha_1_13;alpha_10_14;alpha_6_8;alpha_18_7;alpha_14_11;alpha_11_16;alpha_17_13;theta_18_9;alpha_6_1;delta_17_12;alpha_18_4;gamma_6_8;delta_14_17;beta_17_10;gamma_8_13;gamma_9_4;delta_2_17;alpha_9_11
chb20,chb20_11,80,80,288;1503;1518;609;1515;83;888;840;1349;1524;1483;929;774;1512;1119;303;1521;1520;760;1230;604;1123;1221;1511;1210;1494;1206;1386;1194;1516;1358;703;236;598;824;1522;685;274;1397;893;813;1493;1335;915;681;900;855;283;1523;1260;1507;603;1439;1080;1498;76;691;1432;602;777;1332;1082;1528;1199;1214;991;1180;1336;666;1425;601;796;843;910;1372;896;32;1354;904;293,delta_17_18;gamma_17_8;gamma_18_6;theta_18_15;gamma_18_3;delta_5_17;alpha_17_5;alpha_14_8;gamma_8_7;gamma_18_12;gamma_16_5;beta_1_13;alpha_10_11;gamma_17_18;beta_12_16;delta_18_15;gamma_18_9;gamma_18_8;alpha_9_14;gamma_1_8;theta_18_10;beta_13_2;beta_18_15;gamma_17_16;beta_18_4;gamma_16_17;beta_17_18;gamma_10_11;beta_17_5;gamma_18_4;gamma_8_17;alpha_6_8;delta_14_17;theta_18_4;alpha_13_9;gamma_18_10;alpha_5_7;delta_17_3;gamma_11_4;alpha_17_10;alpha_12_16;gamma_16_15;gamma_7_11;alpha_18_15;alpha_5_2;alpha_17_18;alpha_15_6;delta_17_12;gamma_18_11;gamma_3_4;gamma_17_12;theta_18_9;gamma_13_12;beta_10_11;gamma_17_3;delta_5_10;alpha_5_13;gamma_13_5;theta_18_8;alpha_10_14;gamma_7_8;beta_10_13;gamma_18_16;beta_17_10;beta_18_8;beta_5_7;beta_16_8;gamma_7_12;alpha_4_5;gamma_12_16;theta_18_7;alpha_11_16;alpha_14_11;alpha_18_10;gamma_9_14;alpha_17_13;delta_2_17;gamma_8_13;alpha_18_4;delta_18_5
chb20,chb20_12,100,100,288;1499;1349;1221;1320;1511;1518;303;806;1483;1515;774;1520;280;928;1391;1521;1512;811;609;83;855;1524;1194;1386;703;598;623;813;1206;1426;604;1516;1507;915;1335;875;681;685;1523;1210;274;1260;1522;236;1174;1195;1119;1332;777;1235;1214;893;900;1180;757;1082;1528;735;283;1372;1432;991;1358;110;298;602;686;1498;1080;796;821;586;1354;1407;871;904;714;293;1061;1199;1083;1346;287;691;1503;1377;1036;1526;843;1085;910;888;720;1297;1336;32;1200;1389;1123,delta_17_18;gamma_17_4;gamma_8_7;beta_18_15;gamma_6_13;gamma_17_16;gamma_18_6;delta_18_15;alpha_12_8;gamma_16_5;gamma_18_3;alpha_10_11;gamma_18_8;delta_17_9;beta_1_12;gamma_10_16;gamma_18_9;gamma_17_18;alpha_12_14;theta_18_15;delta_5_17;alpha_15_6;gamma_18_12;beta_17_5;gamma_10_11;alpha_6_8;theta_18_4;alpha_1_13;alpha_12_16;beta_17_18;gamma_12_17;theta_18_10;gamma_18_4;gamma_17_12;alpha_18_15;gamma_7_11;alpha_16_9;alpha_5_2;alpha_5_7;gamma_18_11;beta_18_4;delta_17_3;gamma_3_4;gamma_18_10;delta_14_17;beta_16_2;beta_17_6;beta_12_16;gamma_7_8;alpha_10_14;gamma_1_13;beta_18_8;alpha_17_10;alpha_17_18;beta_16_8;alpha_9_11;beta_10_13;gamma_18_16;alpha_8_5;delta_17_12;gamma_9_14;gamma_13_5;beta_5_7;gamma_8_17;delta_7_10;delta_18_10;theta_18_8;alpha_5_8;gamma_17_3;beta_10_11;alpha_11_16;alpha_13_6;theta_17_9;gamma_8_13;gamma_11_15;alpha_16_5;alpha_18_4;alpha_7_1;delta_18_5;beta_9_8;beta_17_10;beta_10_14;gamma_8_4;delta_17_16;alpha_5_13;gamma_17_8;gamma_10_1;beta_7_18;gamma_18_14;alpha_14_11;beta_10_16;alpha_18_10;alpha_17_5;alpha_7_8;gamma_5_7;gamma_7_12;delta_2_17;beta_17_11;gamma_10_14;beta_13_2
chb20,chb20_13,80,80,1516;1358;657;303;1521;774;298;288;1229;32;802;1194;1218;681;1178;1386;1515;1206;996;915;1119;1520;629;828;598;586;1511;1518;977;851;1432;609;991;1354;1260;1335;1522;757;1426;1512;841;1210;604;1507;1061;703;1221;900;602;893;1372;888;1048;1349;813;843;1528;685;664;639;1455;1441;1332;83;1214;1199;731;1425;840;1524;1523;860;280;929;1144;904;1341;1297;1498;1022,gamma_18_4;gamma_8_17;alpha_3_13;delta_18_15;gamma_18_9;alpha_10_11;delta_18_10;delta_17_18;gamma_1_7;delta_2_17;alpha_12_4;beta_17_5;beta_18_12;alpha_5_2;beta_16_6;gamma_10_11;gamma_18_3;beta_17_18;beta_5_12;alpha_18_15;beta_12_16;gamma_18_8;alpha_2_1;alpha_13_14;theta_18_4;theta_17_9;gamma_17_16;gamma_18_6;beta_4_10;alpha_15_2;gamma_13_5;theta_18_15;beta_5_7;gamma_8_13;gamma_3_4;gamma_7_11;gamma_18_10;alpha_9_11;gamma_12_17;gamma_17_18;alpha_14_9;beta_18_4;theta_18_10;gamma_17_12;beta_9_8;alpha_6_8;beta_18_15;alpha_17_18;theta_18_8;alpha_17_10;gamma_9_14;alpha_17_5;beta_8_13;gamma_8_7;alpha_12_16;alpha_14_11;gamma_18_16;alpha_5_7;alpha_4_2;alpha_2_12;gamma_14_11;gamma_13_15;gamma_7_8;delta_5_17;beta_18_8;beta_17_10;alpha_8_1;gamma_12_16;alpha_14_8;gamma_18_12;gamma_18_11;alpha_15_11;delta_17_9;beta_1_13;beta_14_6;alpha_18_4;gamma_7_17;gamma_5_7;gamma_17_3;beta_7_3
chb20,chb20_14,100,100,303;1009;1523;1194;1520;1507;1476;288;1089;1151;83;1221;1432;1048;806;1512;1518;774;1515;603;1210;609;236;1349;1521;811;813;1516;1206;604;1386;915;681;807;1511;274;1372;1486;598;1498;76;1524;1358;1119;685;1483;1522;1329;1426;1135;888;1214;703;1080;893;900;1388;1128;1335;623;1180;1332;283;32;1425;602;777;1501;298;1528;1456;743;1466;796;1235;253;843;1420;896;1199;720;1123;904;875;991;1336;829;857;730;735;1082;1085;1381;1195;1503;100;1514;1166;287;586,delta_18_15;beta_6_8;gamma_18_11;beta_17_5;gamma_18_8;gamma_17_12;gamma_15_16;delta_17_18;beta_11_2;beta_14_13;delta_5_17;beta_18_15;gamma_13_5;beta_8_13;alpha_12_8;gamma_17_18;gamma_18_6;alpha_10_11;gamma_18_3;theta_18_9;beta_18_4;theta_18_15;delta_14_17;gamma_8_7;gamma_18_9;alpha_12_14;alpha_12_16;gamma_18_4;beta_17_18;theta_18_10;gamma_10_11;alpha_18_15;alpha_5_2;alpha_12_9;gamma_17_16;delta_17_3;gamma_9_14;gamma_16_8;theta_18_4;gamma_17_3;delta_5_10;gamma_18_12;gamma_8_17;beta_12_16;alpha_5_7;gamma_16_5;gamma_18_10;gamma_7_4;gamma_12_17;beta_13_15;alpha_17_5;beta_18_8;alpha_6_8;beta_10_11;alpha_17_10;alpha_17_18;gamma_10_13;beta_13_7;gamma_7_11;alpha_1_13;beta_16_8;gamma_7_8;delta_17_12;delta_2_17;gamma_12_16;theta_18_8;alpha_10_14;gamma_17_6;delta_18_10;gamma_18_16;gamma_14_12;alpha_8_14;gamma_15_5;alpha_11_16;gamma_1_13;delta_15_17;alpha_14_11;gamma_12_10;alpha_17_13;beta_17_10;alpha_7_8;beta_13_2;alpha_18_4;alpha_16_9;beta_5_7;gamma_7_12;alpha_13_15;alpha_15_8;alpha_7_18;alpha_8_5;beta_10_13;beta_10_16;gamma_10_5;beta_17_6;gamma_17_8;delta_6_17;gamma_18_2;beta_15_11;delta_17_16;theta_17_9
chb20,chb20_15,20,20,288;1243;1465;1014;303;1520;1507;298;1521;1194;1512;813;1301;774;1515;1483;703;743;1516;896,delta_17_18;gamma_2_4;gamma_15_4;beta_6_13;delta_18_15;gamma_18_8;gamma_17_12;delta_18_10;gamma_18_9;beta_17_5;gamma_17_18;alpha_12_16;gamma_5_11;alpha_10_11;gamma_18_3;gamma_16_5;alpha_6_8;alpha_8_14;gamma_18_4;alpha_17_13
chb20,chb20_16,80,80,1520;303;468;907;752;83;1518;288;1068;1349;888;1515;1031;1507;1512;280;806;1329;1521;681;1210;1221;893;880;685;1206;703;1432;1516;1157;1194;1511;1119;602;604;1022;1386;900;1251;841;1199;1180;1524;1372;598;796;774;838;1522;915;76;1332;1526;991;1214;691;1335;1494;1498;813;293;1483;32;910;1260;1049;1528;609;1425;663;904;840;603;1080;1514;1439;582;686;1328;601,gamma_18_8;delta_18_15;theta_10_11;alpha_18_7;alpha_9_5;delta_5_17;gamma_18_6;delta_17_18;beta_9_16;gamma_8_7;alpha_17_5;gamma_18_3;beta_7_13;gamma_17_12;gamma_17_18;delta_17_9;alpha_12_8;gamma_7_4;gamma_18_9;alpha_5_2;beta_18_4;beta_18_15;alpha_17_10;alpha_16_14;alpha_5_7;beta_17_18;alpha_6_8;gamma_13_5;gamma_18_4;beta_15_2;beta_17_5;gamma_17_16;beta_12_16;theta_18_8;theta_18_10;beta_7_3;gamma_10_11;alpha_17_18;gamma_2_12;alpha_14_9;beta_17_10;beta_16_8;gamma_18_12;gamma_9_14;theta_18_4;alpha_11_16;alpha_10_11;alpha_14_6;gamma_18_10;alpha_18_15;delta_5_10;gamma_7_8;gamma_18_14;beta_5_7;beta_18_8;alpha_5_13;gamma_7_11;gamma_16_17;gamma_17_3;alpha_12_16;delta_18_5;gamma_16_5;delta_2_17;alpha_18_10;gamma_3_4;beta_8_14;gamma_18_16;theta_18_15;gamma_12_16;alpha_4_1;alpha_18_4;alpha_14_8;theta_18_9;beta_10_11;gamma_18_2;gamma_13_12;theta_17_5;alpha_5_8;gamma_7_3;theta_18_7
chb20,chb20_17,80,80,1516;772;303;1521;288;298;1432;1507;1349;880;1512;83;1221;1085;1515;635;1194;774;1520;691;1518;1511;598;609;1386;1206;1332;1335;1157;893;681;821;1524;1119;1494;888;685;1210;1522;1260;915;1523;1180;603;900;1151;604;602;843;1498;813;1354;1358;76;1135;1214;907;703;1483;777;991;1528;1439;1080;1199;1425;287;841;1251;904;236;586;1315;1061;32;896;796;860;910;1372,gamma_18_4;alpha_10_8;delta_18_15;gamma_18_9;delta_17_18;delta_18_10;gamma_13_5;gamma_17_12;gamma_8_7;alpha_16_14;gamma_17_18;delta_5_17;beta_18_15;beta_10_16;gamma_18_3;alpha_2_8;beta_17_5;alpha_10_11;gamma_18_8;alpha_5_13;gamma_18_6;gamma_17_16;theta_18_4;theta_18_15;gamma_10_11;beta_17_18;gamma_7_8;gamma_7_11;beta_15_2;alpha_17_10;alpha_5_2;alpha_13_6;gamma_18_12;beta_12_16;gamma_16_17;alpha_17_5;alpha_5_7;beta_18_4;gamma_18_10;gamma_3_4;alpha_18_15;gamma_18_11;beta_16_8;theta_18_9;alpha_17_18;beta_14_13;theta_18_10;theta_18_8;alpha_14_11;gamma_17_3;alpha_12_16;gamma_8_13;gamma_8_17;delta_5_10;beta_13_15;beta_18_8;alpha_18_7;alpha_6_8;gamma_16_5;alpha_10_14;beta_5_7;gamma_18_16;gamma_13_12;beta_10_11;beta_17_10;gamma_12_16;delta_17_16;alpha_14_9;gamma_2_12;alpha_18_4;delta_14_17;theta_17_9;gamma_6_8;beta_9_8;delta_2_17;alpha_17_13;alpha_11_16;alpha_15_11;alpha_18_10;gamma_9_14
chb20,chb20_21,80,80,288;847;1221;1260;1520;929;1515;303;774;1483;1518;1511;1194;1512;297;760;1349;1521;1112;598;83;681;1392;1516;1206;1386;609;703;855;604;1507;1391;685;1358;888;1210;1335;1524;824;1522;1332;1119;915;893;900;1493;1174;843;1498;602;806;1523;1082;777;1456;1432;1528;1336;1048;991;1214;603;236;813;896;1080;283;686;1199;904;1389;1243;977;1128;666;1180;1526;1494;1315;1135,delta_17_18;alpha_14_16;beta_18_15;gamma_3_4;gamma_18_8;beta_1_13;gamma_18_3;delta_18_15;alpha_10_11;gamma_16_5;gamma_18_6;gamma_17_16;beta_17_5;gamma_17_18;delta_18_9;alpha_9_14;gamma_8_7;gamma_18_9;beta_12_8;theta_18_4;delta_5_17;alpha_5_2;gamma_10_17;gamma_18_4;beta_17_18;gamma_10_11;theta_18_15;alpha_6_8;alpha_15_6;theta_18_10;gamma_17_12;gamma_10_16;alpha_5_7;gamma_8_17;alpha_17_5;beta_18_4;gamma_7_11;gamma_18_12;alpha_13_9;gamma_18_10;gamma_7_8;beta_12_16;alpha_18_15;alpha_17_10;alpha_17_18;gamma_16_15;beta_16_2;alpha_14_11;gamma_17_3;theta_18_8;alpha_12_8;gamma_18_11;beta_10_13;alpha_10_14;gamma_14_12;gamma_13_5;gamma_18_16;gamma_7_12;beta_8_13;beta_5_7;beta_18_8;theta_18_9;delta_14_17;alpha_12_16;alpha_17_13;beta_10_11;delta_17_12;alpha_5_8;beta_17_10;alpha_18_4;gamma_10_14;gamma_2_4;beta_4_10;beta_13_7;alpha_4_5;beta_16_8;gamma_18_14;gamma_16_17;gamma_6_8;beta_13_15
chb20,chb20_22,80,80,288;813;280;1183;1405;1520;609;1507;1349;1515;1194;1432;929;1512;720;1518;1521;760;303;83;1180;1210;1234;604;1516;1174;1206;1425;1221;1511;1358;681;598;685;824;888;774;1524;1329;1386;1119;1426;1522;900;915;893;855;1332;1372;1483;76;1498;602;806;1335;1526;603;703;623;777;1528;1214;843;991;236;1439;1441;896;1199;796;904;1260;697;1523;1082;1061;1503;757;1354;298,delta_17_18;alpha_12_16;delta_17_9;beta_16_11;gamma_11_13;gamma_18_8;theta_18_15;gamma_17_12;gamma_8_7;gamma_18_3;beta_17_5;gamma_13_5;beta_1_13;gamma_17_18;alpha_7_8;gamma_18_6;gamma_18_9;alpha_9_14;delta_18_15;delta_5_17;beta_16_8;beta_18_4;gamma_1_12;theta_18_10;gamma_18_4;beta_16_2;beta_17_18;gamma_12_16;beta_18_15;gamma_17_16;gamma_8_17;alpha_5_2;theta_18_4;alpha_5_7;alpha_13_9;alpha_17_5;alpha_10_11;gamma_18_12;gamma_7_4;gamma_10_11;beta_12_16;gamma_12_17;gamma_18_10;alpha_17_18;alpha_18_15;alpha_17_10;alpha_15_6;gamma_7_8;gamma_9_14;gamma_16_5;delta_5_10;gamma_17_3;theta_18_8;alpha_12_8;gamma_7_11;gamma_18_14;theta_18_9;alpha_6_8;alpha_1_13;alpha_10_14;gamma_18_16;beta_18_8;alpha_14_11;beta_5_7;delta_14_17;gamma_13_12;gamma_13_15;alpha_17_13;beta_17_10;alpha_11_16;alpha_18_4;gamma_3_4;alpha_6_1;gamma_18_11;beta_10_13;beta_9_8;gamma_17_8;alpha_9_11;gamma_8_13;delta_18_10
chb20,chb20_23,80,80,288;1210;1229;1221;298;1085;1521;83;303;774;1483;1507;1520;1515;1512;691;1194;1260;880;1518;1061;1511;681;1516;609;1206;1089;1386;1336;603;598;703;1426;1119;1335;1524;875;855;893;1358;685;1372;1354;900;888;1332;915;1522;813;602;1528;1439;604;1080;1498;857;1349;1214;236;1441;777;1082;1425;1432;1199;1200;666;843;724;904;929;1526;991;796;1315;1180;283;76;1243;896,delta_17_18;beta_18_4;gamma_1_7;beta_18_15;delta_18_10;beta_10_16;gamma_18_9;delta_5_17;delta_18_15;alpha_10_11;gamma_16_5;gamma_17_12;gamma_18_8;gamma_18_3;gamma_17_18;alpha_5_13;beta_17_5;gamma_3_4;alpha_16_14;gamma_18_6;beta_9_8;gamma_17_16;alpha_5_2;gamma_18_4;theta_18_15;beta_17_18;beta_11_2;gamma_10_11;gamma_7_12;theta_18_9;theta_18_4;alpha_6_8;gamma_12_17;beta_12_16;gamma_7_11;gamma_18_12;alpha_16_9;alpha_15_6;alpha_17_10;gamma_8_17;alpha_5_7;gamma_9_14;gamma_8_13;alpha_17_18;alpha_17_5;gamma_7_8;alpha_18_15;gamma_18_10;alpha_12_16;theta_18_8;gamma_18_16;gamma_13_12;theta_18_10;beta_10_11;gamma_17_3;alpha_15_8;gamma_8_7;beta_18_8;delta_14_17;gamma_13_15;alpha_10_14;beta_10_13;gamma_12_16;gamma_13_5;beta_17_10;beta_17_11;alpha_4_5;alpha_14_11;alpha_7_12;alpha_18_4;beta_1_13;gamma_18_14;beta_5_7;alpha_11_16;gamma_6_8;beta_16_8;delta_17_12;delta_5_10;gamma_2_4;alpha_17_13
chb20,chb20_25,80,80,288;1503;1337;609;1349;1194;806;1515;1483;1518;774;1511;807;1520;1512;1521;303;618;1085;1336;777;83;1089;1524;1221;1494;598;681;1516;604;1206;1386;888;1335;685;1522;623;1332;1119;1210;1358;893;855;1507;915;900;1180;1498;603;1260;757;1528;666;1439;602;1432;896;991;813;1199;1082;1128;236;1526;1214;880;703;1080;283;1195;1425;904;929;977;1135;298;1061;293;1200;1315,delta_17_18;gamma_17_8;gamma_7_13;theta_18_15;gamma_8_7;beta_17_5;alpha_12_8;gamma_18_3;gamma_16_5;gamma_18_6;alpha_10_11;gamma_17_16;alpha_12_9;gamma_18_8;gamma_17_18;gamma_18_9;delta_18_15;alpha_1_8;beta_10_16;gamma_7_12;alpha_10_14;delta_5_17;beta_11_2;gamma_18_12;beta_18_15;gamma_16_17;theta_18_4;alpha_5_2;gamma_18_4;theta_18_10;beta_17_18;gamma_10_11;alpha_17_5;gamma_7_11;alpha_5_7;gamma_18_10;alpha_1_13;gamma_7_8;beta_12_16;beta_18_4;gamma_8_17;alpha_17_10;alpha_15_6;gamma_17_12;alpha_18_15;alpha_17_18;beta_16_8;gamma_17_3;theta_18_9;gamma_3_4;alpha_9_11;gamma_18_16;alpha_4_5;gamma_13_12;theta_18_8;gamma_13_5;alpha_17_13;beta_5_7;alpha_12_16;beta_17_10;beta_10_13;beta_13_7;delta_14_17;gamma_18_14;beta_18_8;alpha_16_14;alpha_6_8;beta_10_11;delta_17_12;beta_17_6;gamma_12_16;alpha_18_4;beta_1_13;beta_4_10;beta_13_15;delta_18_10;beta_9_8;delta_18_5;beta_17_11;gamma_6_8
chb20,chb20_26,80,80,288;1503;1320;783;1515;609;1524;1194;1119;1432;774;1329;1512;1349;1521;1518;1520;303;1511;703;1061;83;280;880;598;1221;1386;1206;1516;742;604;888;1358;813;685;1335;1494;1210;236;1522;1507;900;893;915;1372;1332;821;1425;1528;1128;1498;806;757;1483;681;904;977;1439;1135;1199;686;1214;735;796;603;991;1260;777;929;1080;1195;1514;841;1180;602;1251;1082;896;1085;1200,delta_17_18;gamma_17_8;gamma_6_13;alpha_11_2;gamma_18_3;theta_18_15;gamma_18_12;beta_17_5;beta_12_16;gamma_13_5;alpha_10_11;gamma_7_4;gamma_17_18;gamma_8_7;gamma_18_9;gamma_18_6;gamma_18_8;delta_18_15;gamma_17_16;alpha_6_8;beta_9_8;delta_5_17;delta_17_9;alpha_16_14;theta_18_4;beta_18_15;gamma_10_11;beta_17_18;gamma_18_4;alpha_8_13;theta_18_10;alpha_17_5;gamma_8_17;alpha_12_16;alpha_5_7;gamma_7_11;gamma_16_17;beta_18_4;delta_14_17;gamma_18_10;gamma_17_12;alpha_17_18;alpha_17_10;alpha_18_15;gamma_9_14;gamma_7_8;alpha_13_6;gamma_12_16;gamma_18_16;beta_13_7;gamma_17_3;alpha_12_8;alpha_9_11;gamma_16_5;alpha_5_2;alpha_18_4;beta_4_10;gamma_13_12;beta_13_15;beta_17_10;alpha_5_8;beta_18_8;alpha_8_5;alpha_11_16;theta_18_9;beta_5_7;gamma_3_4;alpha_10_14;beta_1_13;beta_10_11;beta_17_6;gamma_18_2;alpha_14_9;beta_16_8;theta_18_8;gamma_2_12;beta_10_13;alpha_17_13;beta_10_16;beta_17_11
chb20,chb20_27,80,80,288;1520;609;1432;691;1511;774;703;83;1194;813;1512;1349;1521;298;880;303;1210;1515;1089;1061;1386;1329;1516;1221;1206;1524;598;1358;685;888;1425;855;1522;1494;681;1235;824;893;915;1493;1119;900;1507;1332;1518;603;1335;236;904;1483;843;1498;1528;806;604;1456;735;928;777;1214;283;991;1389;1128;32;1080;796;1199;686;896;274;602;1260;929;1526;1082;1180;1135;586,delta_17_18;gamma_18_8;theta_18_15;gamma_13_5;alpha_5_13;gamma_17_16;alpha_10_11;alpha_6_8;delta_5_17;beta_17_5;alpha_12_16;gamma_17_18;gamma_8_7;gamma_18_9;delta_18_10;alpha_16_14;delta_18_15;beta_18_4;gamma_18_3;beta_11_2;beta_9_8;gamma_10_11;gamma_7_4;gamma_18_4;beta_18_15;beta_17_18;gamma_18_12;theta_18_4;gamma_8_17;alpha_5_7;alpha_17_5;gamma_12_16;alpha_15_6;gamma_18_10;gamma_16_17;alpha_5_2;gamma_1_13;alpha_13_9;alpha_17_10;alpha_18_15;gamma_16_15;beta_12_16;alpha_17_18;gamma_17_12;gamma_7_8;gamma_18_6;theta_18_9;gamma_7_11;delta_14_17;alpha_18_4;gamma_16_5;alpha_14_11;gamma_17_3;gamma_18_16;alpha_12_8;theta_18_10;gamma_14_12;alpha_8_5;beta_1_12;alpha_10_14;beta_18_8;delta_17_12;beta_5_7;gamma_10_14;beta_13_7;delta_2_17;beta_10_11;alpha_11_16;beta_17_10;alpha_5_8;alpha_17_13;delta_17_3;theta_18_8;gamma_3_4;beta_1_13;gamma_18_14;beta_10_13;beta_16_8;beta_13_15;theta_17_9
chb20,chb20_28,80,80,288;991;1440;888;609;1515;1520;1518;1511;1180;1512;1483;297;774;1335;1119;303;1521;720;1210;929;1386;83;777;1194;1358;1524;1221;1206;1516;824;604;1234;598;838;1494;681;813;1174;1260;1507;900;893;1349;1498;915;1425;1332;1522;1528;843;857;602;1135;1439;685;896;1432;1214;1199;703;623;1526;1080;603;236;904;796;880;1082;76;1407;298;1200;1061;1243;1354;293;1085;1472,delta_17_18;beta_5_7;gamma_13_14;alpha_17_5;theta_18_15;gamma_18_3;gamma_18_8;gamma_18_6;gamma_17_16;beta_16_8;gamma_17_18;gamma_16_5;delta_18_9;alpha_10_11;gamma_7_11;beta_12_16;delta_18_15;gamma_18_9;alpha_7_8;beta_18_4;beta_1_13;gamma_10_11;delta_5_17;alpha_10_14;beta_17_5;gamma_8_17;gamma_18_12;beta_18_15;beta_17_18;gamma_18_4;alpha_13_9;theta_18_10;gamma_1_12;theta_18_4;alpha_14_6;gamma_16_17;alpha_5_2;alpha_12_16;beta_16_2;gamma_3_4;gamma_17_12;alpha_17_18;alpha_17_10;gamma_8_7;gamma_17_3;alpha_18_15;gamma_12_16;gamma_7_8;gamma_18_10;gamma_18_16;alpha_14_11;alpha_15_8;theta_18_8;beta_13_15;gamma_13_12;alpha_5_7;alpha_17_13;gamma_13_5;beta_18_8;beta_17_10;alpha_6_8;alpha_1_13;gamma_18_14;beta_10_11;theta_18_9;delta_14_17;alpha_18_4;alpha_11_16;alpha_16_14;beta_10_13;delta_5_10;gamma_11_15;delta_18_10;beta_17_11;beta_9_8;gamma_2_4;gamma_8_13;delta_18_5;beta_10_16;gamma_15_11
chb20,chb20_29,80,80,288;1210;888;1458;609;1358;1515;1119;929;1524;618;1512;1521;1483;774;1349;1520;298;303;1511;1234;858;1123;760;1518;1194;1221;83;1180;1386;598;1206;1516;603;1426;1260;681;1507;813;893;855;1335;915;991;1439;900;1522;1332;602;1498;1425;843;623;604;1528;1372;1128;806;1214;777;1432;703;1082;904;1526;1243;1080;796;1199;1235;685;977;1135;896;586;293;714;1174;236;1085,delta_17_18;beta_18_4;alpha_17_5;gamma_14_15;theta_18_15;gamma_8_17;gamma_18_3;beta_12_16;beta_1_13;gamma_18_12;alpha_1_8;gamma_17_18;gamma_18_9;gamma_16_5;alpha_10_11;gamma_8_7;gamma_18_8;delta_18_10;delta_18_15;gamma_17_16;gamma_1_12;alpha_15_9;beta_13_2;alpha_9_14;gamma_18_6;beta_17_5;beta_18_15;delta_5_17;beta_16_8;gamma_10_11;theta_18_4;beta_17_18;gamma_18_4;theta_18_9;gamma_12_17;gamma_3_4;alpha_5_2;gamma_17_12;alpha_12_16;alpha_17_10;alpha_15_6;gamma_7_11;alpha_18_15;beta_5_7;gamma_13_12;alpha_17_18;gamma_18_10;gamma_7_8;theta_18_8;gamma_17_3;gamma_12_16;alpha_14_11;alpha_1_13;theta_18_10;gamma_18_16;gamma_9_14;beta_13_7;alpha_12_8;beta_18_8;alpha_10_14;gamma_13_5;alpha_6_8;beta_10_13;alpha_18_4;gamma_18_14;gamma_2_4;beta_10_11;alpha_11_16;beta_17_10;gamma_1_13;alpha_5_7;beta_4_10;beta_13_15;alpha_17_13;theta_17_9;delta_18_5;alpha_7_1;beta_16_2;delta_14_17;beta_10_16
chb20,chb20_30,80,80,288;830;1412;1115;1520;609;603;1515;83;1512;1507;1048;1194;954;1518;1521;1349;760;303;598;1483;1516;855;1511;1180;1206;681;604;1221;807;703;1425;1426;888;685;1358;1210;774;1524;1522;1493;1332;1526;1119;900;915;602;893;1335;1386;1372;1498;1336;777;1528;813;1260;735;1214;991;1432;929;1199;857;843;1082;904;743;1439;1174;686;896;1514;586;1195;796;76;860;1243;283,delta_17_18;alpha_13_16;gamma_12_2;beta_12_11;gamma_18_8;theta_18_15;theta_18_9;gamma_18_3;delta_5_17;gamma_17_18;gamma_17_12;beta_8_13;beta_17_5;beta_3_4;gamma_18_6;gamma_18_9;gamma_8_7;alpha_9_14;delta_18_15;theta_18_4;gamma_16_5;gamma_18_4;alpha_15_6;gamma_17_16;beta_16_8;beta_17_18;alpha_5_2;theta_18_10;beta_18_15;alpha_12_9;alpha_6_8;gamma_12_16;gamma_12_17;alpha_17_5;alpha_5_7;gamma_8_17;beta_18_4;alpha_10_11;gamma_18_12;gamma_18_10;gamma_16_15;gamma_7_8;gamma_18_14;beta_12_16;alpha_17_18;alpha_18_15;theta_18_8;alpha_17_10;gamma_7_11;gamma_10_11;gamma_9_14;gamma_17_3;gamma_7_12;alpha_10_14;gamma_18_16;alpha_12_16;gamma_3_4;alpha_8_5;beta_18_8;beta_5_7;gamma_13_5;beta_1_13;beta_17_10;alpha_15_8;alpha_14_11;beta_10_13;alpha_18_4;alpha_8_14;gamma_13_12;beta_16_2;alpha_5_8;alpha_17_13;gamma_18_2;theta_17_9;beta_17_6;alpha_11_16;delta_5_10;alpha_15_11;gamma_2_4;delta_17_12
chb20,chb20_31,80,80,288;908;1095;992;1489;303;1194;1511;1349;1520;811;83;1515;929;1512;1483;1119;603;1221;1518;1521;774;1516;1358;681;1524;1494;1206;609;1089;598;604;1234;685;875;1493;1335;888;813;1522;855;1210;1507;1260;1526;1456;806;900;703;893;915;843;1528;1498;1082;777;1332;1432;602;1425;977;1386;991;623;1214;796;1199;904;1180;735;860;297;1389;283;743;1235;236;1200;720;1128,delta_17_18;alpha_18_8;beta_11_8;beta_5_8;gamma_16_11;delta_18_15;beta_17_5;gamma_17_16;gamma_8_7;gamma_18_8;alpha_12_14;delta_5_17;gamma_18_3;beta_1_13;gamma_17_18;gamma_16_5;beta_12_16;theta_18_9;beta_18_15;gamma_18_6;gamma_18_9;alpha_10_11;gamma_18_4;gamma_8_17;alpha_5_2;gamma_18_12;gamma_16_17;beta_17_18;theta_18_15;beta_11_2;theta_18_4;theta_18_10;gamma_1_12;alpha_5_7;alpha_16_9;gamma_16_15;gamma_7_11;alpha_17_5;alpha_12_16;gamma_18_10;alpha_15_6;beta_18_4;gamma_17_12;gamma_3_4;gamma_18_14;gamma_14_12;alpha_12_8;alpha_17_18;alpha_6_8;alpha_17_10;alpha_18_15;alpha_14_11;gamma_18_16;gamma_17_3;beta_10_13;alpha_10_14;gamma_7_8;gamma_13_5;theta_18_8;gamma_12_16;beta_4_10;gamma_10_11;beta_5_7;alpha_1_13;beta_18_8;alpha_11_16;beta_17_10;alpha_18_4;beta_16_8;alpha_8_5;alpha_15_11;delta_18_9;gamma_10_14;delta_17_12;alpha_8_14;gamma_1_13;delta_14_17;beta_17_11;alpha_7_8;beta_13_7
chb20,chb20_34,80,80,288;609;471;1520;1395;280;774;1511;813;83;1194;1483;1515;703;623;1518;1521;303;1349;1512;1210;1180;1329;685;604;1221;1386;1516;1206;824;598;1524;1119;1234;681;1335;1372;888;1426;855;1522;900;893;915;1235;1332;1507;1439;806;1528;1080;602;714;1135;1498;777;1214;1425;991;1432;1199;1526;686;843;1358;603;796;904;1082;1174;236;283;1128;1260;977;1397;298;1407;929;718,delta_17_18;theta_18_15;theta_10_14;gamma_18_8;gamma_11_2;delta_17_9;alpha_10_11;gamma_17_16;alpha_12_16;delta_5_17;beta_17_5;gamma_16_5;gamma_18_3;alpha_6_8;alpha_1_13;gamma_18_6;gamma_18_9;delta_18_15;gamma_8_7;gamma_17_18;beta_18_4;beta_16_8;gamma_7_4;alpha_5_7;theta_18_10;beta_18_15;gamma_10_11;gamma_18_4;beta_17_18;alpha_13_9;theta_18_4;gamma_18_12;beta_12_16;gamma_1_12;alpha_5_2;gamma_7_11;gamma_9_14;alpha_17_5;gamma_12_17;alpha_15_6;gamma_18_10;alpha_17_18;alpha_17_10;alpha_18_15;gamma_1_13;gamma_7_8;gamma_17_12;gamma_13_12;alpha_12_8;gamma_18_16;beta_10_11;theta_18_8;alpha_7_1;beta_13_15;gamma_17_3;alpha_10_14;beta_18_8;gamma_12_16;beta_5_7;gamma_13_5;beta_17_10;gamma_18_14;alpha_5_8;alpha_14_11;gamma_8_17;theta_18_9;alpha_11_16;alpha_18_4;beta_10_13;beta_16_2;delta_14_17;delta_17_12;beta_13_7;gamma_3_4;beta_4_10;gamma_11_4;delta_18_10;gamma_11_15;beta_1_13;alpha_7_5
chb20,chb20_59,80,80,288;757;609;1520;1515;1146;888;929;1521;83;1518;1026;1483;760;1349;1511;303;1512;1085;893;1516;1221;1494;1194;598;1206;685;1524;1358;603;1386;855;1335;1522;1089;1260;1210;681;1151;1119;915;1507;604;900;1372;774;806;1332;1498;1528;236;703;602;896;875;1456;1199;691;777;813;1432;991;1214;1526;1336;1080;586;718;1397;1135;1503;1195;110;1354;904;1425;283;298;822;843,delta_17_18;alpha_9_11;theta_18_15;gamma_18_8;gamma_18_3;beta_14_8;alpha_17_5;beta_1_13;gamma_18_9;delta_5_17;gamma_18_6;beta_7_8;gamma_16_5;alpha_9_14;gamma_8_7;gamma_17_16;delta_18_15;gamma_17_18;beta_10_16;alpha_17_10;gamma_18_4;beta_18_15;gamma_16_17;beta_17_5;theta_18_4;beta_17_18;alpha_5_7;gamma_18_12;gamma_8_17;theta_18_9;gamma_10_11;alpha_15_6;gamma_7_11;gamma_18_10;beta_11_2;gamma_3_4;beta_18_4;alpha_5_2;beta_14_13;beta_12_16;alpha_18_15;gamma_17_12;theta_18_10;alpha_17_18;gamma_9_14;alpha_10_11;alpha_12_8;gamma_7_8;gamma_17_3;gamma_18_16;delta_14_17;alpha_6_8;theta_18_8;alpha_17_13;alpha_16_9;gamma_14_12;beta_17_10;alpha_5_13;alpha_10_14;alpha_12_16;gamma_13_5;beta_5_7;beta_18_8;gamma_18_14;gamma_7_12;beta_10_11;theta_17_9;alpha_7_5;gamma_11_4;beta_13_15;gamma_17_8;beta_17_6;delta_7_10;gamma_8_13;alpha_18_4;gamma_12_16;delta_17_12;delta_18_10;alpha_13_7;alpha_14_11
chb20,chb20_60,80,80,303;1516;743;1521;779;298;288;83;774;1229;1507;811;1483;1515;1221;1329;1194;1206;602;1048;703;1520;1146;609;1386;1522;1358;1524;824;685;1425;1512;1511;893;1210;718;1518;1392;888;1089;681;900;915;1332;1119;598;1372;603;1335;855;843;604;1498;1528;1439;806;991;1135;1432;110;1336;1214;777;686;100;813;1354;1080;1199;896;1526;1260;1349;904;586;293;691;1082;1503;1180,delta_18_15;gamma_18_4;alpha_8_14;gamma_18_9;alpha_10_16;delta_18_10;delta_17_18;delta_5_17;alpha_10_11;gamma_1_7;gamma_17_12;alpha_12_14;gamma_16_5;gamma_18_3;beta_18_15;gamma_7_4;beta_17_5;beta_17_18;theta_18_8;beta_8_13;alpha_6_8;gamma_18_8;beta_14_8;theta_18_15;gamma_10_11;gamma_18_10;gamma_8_17;gamma_18_12;alpha_13_9;alpha_5_7;gamma_12_16;gamma_17_18;gamma_17_16;alpha_17_10;beta_18_4;alpha_7_5;gamma_18_6;gamma_10_17;alpha_17_5;beta_11_2;alpha_5_2;alpha_17_18;alpha_18_15;gamma_7_8;beta_12_16;theta_18_4;gamma_9_14;theta_18_9;gamma_7_11;alpha_15_6;alpha_14_11;theta_18_10;gamma_17_3;gamma_18_16;gamma_13_12;alpha_12_8;beta_5_7;beta_13_15;gamma_13_5;delta_7_10;gamma_7_12;beta_18_8;alpha_10_14;alpha_5_8;delta_6_17;alpha_12_16;gamma_8_13;beta_10_11;beta_17_10;alpha_17_13;gamma_18_14;gamma_3_4;gamma_8_7;alpha_18_4;theta_17_9;delta_18_5;alpha_5_13;beta_10_13;gamma_17_8;beta_16_8
chb20,chb20_68,60,60,288;1210;1376;909;806;940;609;1515;1483;929;824;1493;1194;774;1511;1234;1520;303;1119;1494;1089;83;1512;1335;1491;1521;1518;1221;703;598;236;1516;604;1206;1386;855;1524;1523;888;1349;777;603;1456;1260;710;813;274;915;1398;602;1358;1522;1507;1372;893;1332;900;1086;1185;1425,delta_17_18;beta_18_4;gamma_9_18;alpha_18_9;alpha_12_8;beta_2_7;theta_18_15;gamma_18_3;gamma_16_5;beta_1_13;alpha_13_9;gamma_16_15;beta_17_5;alpha_10_11;gamma_17_16;gamma_1_12;gamma_18_8;delta_18_15;beta_12_16;gamma_16_17;beta_11_2;delta_5_17;gamma_17_18;gamma_7_11;gamma_16_13;gamma_18_9;gamma_18_6;beta_18_15;alpha_6_8;theta_18_4;delta_14_17;gamma_18_4;theta_18_10;beta_17_18;gamma_10_11;alpha_15_6;gamma_18_12;gamma_18_11;alpha_17_5;gamma_8_7;alpha_10_14;theta_18_9;gamma_14_12;gamma_3_4;alpha_6_15;alpha_12_16;delta_17_3;alpha_18_15;gamma_11_5;theta_18_8;gamma_8_17;gamma_18_10;gamma_17_12;gamma_9_14;alpha_17_10;gamma_7_8;alpha_17_18;beta_10_17;beta_16_13;gamma_12_16
chb21,chb21_01,80,80,911;1320;579;597;601;1217;1359;1102;605;907;1339;594;1523;1427;300;295;903;1249;905;1213;1489;885;296;1409;1318;291;599;1349;288;1354;1408;304;1348;273;900;1410;1357;795;303;299;1329;1209;1345;976;578;606;1421;1519;1211;602;1235;1332;582;1232;1400;1420;1233;1183;796;1042;1237;1529;1098;1506;929;1043;888;1340;1101;1223;1079;293;1115;1352;1337;1525;1104;1266;1482;1195,alpha_18_11;gamma_6_13;theta_17_2;theta_18_3;theta_18_7;beta_18_11;gamma_8_18;beta_11_16;theta_18_11;alpha_18_7;gamma_7_15;theta_17_18;gamma_18_11;gamma_12_18;delta_18_12;delta_18_7;alpha_18_3;gamma_2_10;alpha_18_5;beta_18_7;gamma_16_11;alpha_17_2;delta_18_8;gamma_11_17;gamma_6_11;delta_18_3;theta_18_5;gamma_8_7;delta_17_18;gamma_8_13;gamma_11_16;delta_18_16;gamma_8_6;delta_17_2;alpha_17_18;gamma_11_18;gamma_8_16;alpha_11_15;delta_18_15;delta_18_11;gamma_7_4;beta_18_3;gamma_8_3;beta_4_9;theta_17_1;theta_18_12;gamma_12_11;gamma_18_7;beta_18_5;theta_18_8;gamma_1_13;gamma_7_8;theta_17_5;gamma_1_10;gamma_11_7;gamma_12_10;gamma_1_11;beta_16_11;alpha_11_16;beta_8_6;gamma_1_15;gamma_18_17;beta_11_12;gamma_17_11;beta_1_13;beta_8_7;alpha_17_5;gamma_7_16;beta_11_15;beta_18_17;beta_10_9;delta_18_5;beta_12_11;gamma_8_11;gamma_7_13;gamma_18_13;beta_11_18;gamma_3_10;gamma_16_4;beta_17_6
chb21,chb21_02,80,80,911;1014;1528;579;601;1217;1359;597;605;907;1523;1427;300;1356;295;594;1232;903;905;1102;1213;1489;885;304;1233;599;296;1348;291;1354;900;1357;273;303;1345;1410;1329;288;1349;582;489;1282;602;1408;1183;1519;1339;606;1211;1249;1209;1409;299;1332;1079;1400;578;1042;1320;1318;1420;1098;1421;888;1529;1235;1336;293;795;1223;1464;993;1335;1043;1506;1195;1300;1115;1237;796,alpha_18_11;beta_6_13;gamma_18_16;theta_17_2;theta_18_7;beta_18_11;gamma_8_18;theta_18_3;theta_18_11;alpha_18_7;gamma_18_11;gamma_12_18;delta_18_12;gamma_8_15;delta_18_7;theta_17_18;gamma_1_10;alpha_18_3;alpha_18_5;beta_11_16;beta_18_7;gamma_16_11;alpha_17_2;delta_18_16;gamma_1_11;theta_18_5;delta_18_8;gamma_8_6;delta_18_3;gamma_8_13;alpha_17_18;gamma_8_16;delta_17_2;delta_18_15;gamma_8_3;gamma_11_18;gamma_7_4;delta_17_18;gamma_8_7;theta_17_5;theta_11_15;gamma_4_9;theta_18_8;gamma_11_16;beta_16_11;gamma_18_7;gamma_7_15;theta_18_12;beta_18_5;gamma_2_10;beta_18_3;gamma_11_17;delta_18_11;gamma_7_8;beta_10_9;gamma_11_7;theta_17_1;beta_8_6;gamma_6_13;gamma_6_11;gamma_12_10;beta_11_12;gamma_12_11;alpha_17_5;gamma_18_17;gamma_1_13;gamma_7_12;delta_18_5;alpha_11_15;beta_18_17;gamma_15_3;beta_5_9;gamma_7_11;beta_8_7;gamma_17_11;beta_17_6;gamma_5_10;beta_12_11;gamma_1_15;alpha_11_16
chb21,chb21_03,80,80,911;1340;1266;594;597;601;1217;579;907;605;1359;1523;1320;300;295;1427;903;1102;1339;905;1213;303;1489;273;296;1301;489;304;599;1354;291;1409;1349;288;885;1348;1408;1410;602;900;1209;582;1282;1183;606;1519;299;1345;1357;1249;1329;929;578;1098;1267;1420;1400;1421;1211;1079;1237;1042;1529;1332;1303;795;888;1506;1223;1232;1043;1352;293;1235;1429;1104;1353;1115;796;1198,alpha_18_11;gamma_7_16;gamma_3_10;theta_17_18;theta_18_3;theta_18_7;beta_18_11;theta_17_2;alpha_18_7;theta_18_11;gamma_8_18;gamma_18_11;gamma_6_13;delta_18_12;delta_18_7;gamma_12_18;alpha_18_3;beta_11_16;gamma_7_15;alpha_18_5;beta_18_7;delta_18_15;gamma_16_11;delta_17_2;delta_18_8;gamma_5_11;theta_11_15;delta_18_16;theta_18_5;gamma_8_13;delta_18_3;gamma_11_17;gamma_8_7;delta_17_18;alpha_17_2;gamma_8_6;gamma_11_16;gamma_11_18;theta_18_8;alpha_17_18;beta_18_3;theta_17_5;gamma_4_9;beta_16_11;theta_18_12;gamma_18_7;delta_18_11;gamma_8_3;gamma_8_16;gamma_2_10;gamma_7_4;beta_1_13;theta_17_1;beta_11_12;gamma_3_11;gamma_12_10;gamma_11_7;gamma_12_11;beta_18_5;beta_10_9;gamma_1_15;beta_8_6;gamma_18_17;gamma_7_8;gamma_5_13;alpha_11_15;alpha_17_5;gamma_17_11;beta_18_17;gamma_1_10;beta_8_7;gamma_8_11;delta_18_5;gamma_1_13;gamma_13_2;beta_11_18;gamma_8_12;beta_12_11;alpha_11_16;beta_17_9
chb21,chb21_04,80,80,911;1266;1482;885;601;1217;597;605;907;1271;1523;300;1354;1359;295;1102;903;594;1489;579;1213;905;303;296;1301;1427;1348;304;599;291;1357;900;929;1408;273;795;1349;1409;602;1410;1183;578;288;606;1010;1339;1519;299;1332;1329;582;1209;1249;1345;1400;1042;1421;1320;1335;1211;1079;1098;1529;1420;888;1336;1303;1506;1223;1233;1232;1043;1115;489;1464;796;293;1235;1288;1101,alpha_18_11;gamma_3_10;gamma_16_4;alpha_17_2;theta_18_7;beta_18_11;theta_18_3;theta_18_11;alpha_18_7;gamma_3_15;gamma_18_11;delta_18_12;gamma_8_13;gamma_8_18;delta_18_7;beta_11_16;alpha_18_3;theta_17_18;gamma_16_11;theta_17_2;beta_18_7;alpha_18_5;delta_18_15;delta_18_8;gamma_5_11;gamma_12_18;gamma_8_6;delta_18_16;theta_18_5;delta_18_3;gamma_8_16;alpha_17_18;beta_1_13;gamma_11_16;delta_17_2;alpha_11_15;gamma_8_7;gamma_11_17;theta_18_8;gamma_11_18;beta_16_11;theta_17_1;delta_17_18;theta_18_12;beta_6_9;gamma_7_15;gamma_18_7;delta_18_11;gamma_7_8;gamma_7_4;theta_17_5;beta_18_3;gamma_2_10;gamma_8_3;gamma_11_7;beta_8_6;gamma_12_11;gamma_6_13;gamma_7_11;beta_18_5;beta_10_9;beta_11_12;gamma_18_17;gamma_12_10;alpha_17_5;gamma_7_12;gamma_5_13;gamma_17_11;beta_18_17;gamma_1_11;gamma_1_10;beta_8_7;beta_12_11;theta_11_15;gamma_15_3;alpha_11_16;delta_18_5;gamma_1_13;gamma_4_15;beta_11_15
chb21,chb21_05,80,80,911;1320;885;601;1217;597;907;594;605;1339;1523;1102;300;295;1359;1427;903;579;1232;599;1213;1489;304;1353;905;1409;291;1301;296;273;1354;900;1348;1410;578;1349;288;1408;489;606;582;976;303;1329;1519;1183;1209;1345;299;1249;1332;1400;1211;602;1420;1237;929;1529;1098;293;1421;1042;1506;1357;888;1318;1303;1223;1079;1043;795;1340;1429;1235;1288;1195;1104;1115;1335;1525,alpha_18_11;gamma_6_13;alpha_17_2;theta_18_7;beta_18_11;theta_18_3;alpha_18_7;theta_17_18;theta_18_11;gamma_7_15;gamma_18_11;beta_11_16;delta_18_12;delta_18_7;gamma_8_18;gamma_12_18;alpha_18_3;theta_17_2;gamma_1_10;theta_18_5;beta_18_7;gamma_16_11;delta_18_16;gamma_8_12;alpha_18_5;gamma_11_17;delta_18_3;gamma_5_11;delta_18_8;delta_17_2;gamma_8_13;alpha_17_18;gamma_8_6;gamma_11_18;theta_17_1;gamma_8_7;delta_17_18;gamma_11_16;theta_11_15;theta_18_12;theta_17_5;beta_4_9;delta_18_15;gamma_7_4;gamma_18_7;beta_16_11;beta_18_3;gamma_8_3;delta_18_11;gamma_2_10;gamma_7_8;gamma_11_7;beta_18_5;theta_18_8;gamma_12_10;gamma_1_15;beta_1_13;gamma_18_17;beta_11_12;delta_18_5;gamma_12_11;beta_8_6;gamma_17_11;gamma_8_16;alpha_17_5;gamma_6_11;gamma_5_13;beta_18_17;beta_10_9;beta_8_7;alpha_11_15;gamma_7_16;gamma_13_2;gamma_1_13;gamma_4_15;beta_17_6;beta_11_18;beta_12_11;gamma_7_11;gamma_18_13
chb21,chb21_06,80,80,911;1318;1219;273;601;1217;597;1427;907;605;1320;1523;300;1102;594;903;295;1339;579;1249;1213;1359;599;1489;296;905;304;291;1349;1409;1354;1408;885;900;1348;1400;578;1357;1410;1209;288;1183;1345;606;1519;1329;1232;303;299;582;602;1237;795;929;1420;1332;1421;1301;1098;1211;1042;1529;1079;1303;1506;888;1353;1223;1043;1464;293;1300;1104;1115;1233;1101;1337;1340;1198;796,alpha_18_11;gamma_6_11;beta_18_13;delta_17_2;theta_18_7;beta_18_11;theta_18_3;gamma_12_18;alpha_18_7;theta_18_11;gamma_6_13;gamma_18_11;delta_18_12;beta_11_16;theta_17_18;alpha_18_3;delta_18_7;gamma_7_15;theta_17_2;gamma_2_10;beta_18_7;gamma_8_18;theta_18_5;gamma_16_11;delta_18_8;alpha_18_5;delta_18_16;delta_18_3;gamma_8_7;gamma_11_17;gamma_8_13;gamma_11_16;alpha_17_2;alpha_17_18;gamma_8_6;gamma_11_7;theta_17_1;gamma_8_16;gamma_11_18;beta_18_3;delta_17_18;beta_16_11;gamma_8_3;theta_18_12;gamma_18_7;gamma_7_4;gamma_1_10;delta_18_15;delta_18_11;theta_17_5;theta_18_8;gamma_1_15;alpha_11_15;beta_1_13;gamma_12_10;gamma_7_8;gamma_12_11;gamma_5_11;beta_11_12;beta_18_5;beta_8_6;gamma_18_17;beta_10_9;gamma_5_13;gamma_17_11;alpha_17_5;gamma_8_12;beta_18_17;beta_8_7;gamma_15_3;delta_18_5;gamma_5_10;beta_11_18;beta_12_11;gamma_1_11;beta_11_15;gamma_7_13;gamma_7_16;beta_17_9;alpha_11_16
chb21,chb21_07,80,80,911;272;1339;597;594;907;1217;1303;601;579;605;1427;1523;300;1359;1102;295;903;1232;1213;905;1489;303;296;1353;885;1348;291;1354;304;900;599;1301;1410;489;1349;273;1409;288;1408;606;1345;1249;1519;1183;1079;582;1320;299;1332;1209;1329;602;1211;1400;1237;1042;976;1529;1098;1421;1318;888;795;1420;1357;929;1506;1223;578;1340;1266;293;1043;796;1399;1288;1337;1198;1313,alpha_18_11;delta_17_1;gamma_7_15;theta_18_3;theta_17_18;alpha_18_7;beta_18_11;gamma_5_13;theta_18_7;theta_17_2;theta_18_11;gamma_12_18;gamma_18_11;delta_18_12;gamma_8_18;beta_11_16;delta_18_7;alpha_18_3;gamma_1_10;beta_18_7;alpha_18_5;gamma_16_11;delta_18_15;delta_18_8;gamma_8_12;alpha_17_2;gamma_8_6;delta_18_3;gamma_8_13;delta_18_16;alpha_17_18;theta_18_5;gamma_5_11;gamma_11_18;theta_11_15;gamma_8_7;delta_17_2;gamma_11_17;delta_17_18;gamma_11_16;theta_18_12;gamma_8_3;gamma_2_10;gamma_18_7;beta_16_11;beta_10_9;theta_17_5;gamma_6_13;delta_18_11;gamma_7_8;beta_18_3;gamma_7_4;theta_18_8;beta_18_5;gamma_11_7;gamma_1_15;beta_8_6;beta_4_9;gamma_18_17;beta_11_12;gamma_12_11;gamma_6_11;alpha_17_5;alpha_11_15;gamma_12_10;gamma_8_16;beta_1_13;gamma_17_11;beta_18_17;theta_17_1;gamma_7_16;gamma_3_10;delta_18_5;beta_8_7;alpha_11_16;gamma_11_6;gamma_4_15;gamma_7_13;beta_17_9;gamma_6_5
chb21,chb21_08,80,80,911;1048;900;597;907;579;1217;601;1356;605;1359;1523;1427;300;295;1102;903;1249;599;1213;1489;273;594;489;905;291;304;1354;1349;1409;1301;296;885;1408;1348;1332;1410;578;1183;288;303;1519;606;1353;1345;925;582;1339;1209;1329;299;1400;1320;1211;1421;602;1232;1042;1098;1529;1506;888;1267;1420;1289;795;293;929;1043;1223;1399;1079;1198;1340;1104;1300;1115;1303;1464;796,alpha_18_11;beta_8_13;alpha_17_18;theta_18_3;alpha_18_7;theta_17_2;beta_18_11;theta_18_7;gamma_8_15;theta_18_11;gamma_8_18;gamma_18_11;gamma_12_18;delta_18_12;delta_18_7;beta_11_16;alpha_18_3;gamma_2_10;theta_18_5;beta_18_7;gamma_16_11;delta_17_2;theta_17_18;theta_11_15;alpha_18_5;delta_18_3;delta_18_16;gamma_8_13;gamma_8_7;gamma_11_17;gamma_5_11;delta_18_8;alpha_17_2;gamma_11_16;gamma_8_6;gamma_7_8;gamma_11_18;theta_17_1;beta_16_11;delta_17_18;delta_18_15;gamma_18_7;theta_18_12;gamma_8_12;gamma_8_3;beta_1_9;theta_17_5;gamma_7_15;beta_18_3;gamma_7_4;delta_18_11;gamma_11_7;gamma_6_13;beta_18_5;gamma_12_11;theta_18_8;gamma_1_10;beta_8_6;beta_11_12;gamma_18_17;gamma_17_11;alpha_17_5;gamma_3_11;gamma_12_10;gamma_4_16;alpha_11_15;delta_18_5;beta_1_13;beta_8_7;beta_18_17;gamma_11_6;beta_10_9;beta_17_9;gamma_7_16;beta_11_18;gamma_5_10;beta_12_11;gamma_5_13;gamma_15_3;alpha_11_16
chb21,chb21_09,80,80,911;594;674;597;907;273;1217;601;1339;605;1359;1427;1523;1102;300;295;903;1232;579;905;1213;1489;303;296;795;1348;1357;291;900;1354;599;304;885;1408;1233;1349;1400;1329;288;578;1409;1183;1209;1410;602;1519;1248;299;1211;1237;1079;606;1332;1529;1249;1303;1042;1421;582;1345;1482;1098;1506;1318;1223;1320;1340;1420;1043;888;1115;1235;489;1288;1104;293;1429;796;1266;1353,alpha_18_11;theta_17_18;alpha_4_13;theta_18_3;alpha_18_7;delta_17_2;beta_18_11;theta_18_7;gamma_7_15;theta_18_11;gamma_8_18;gamma_12_18;gamma_18_11;beta_11_16;delta_18_12;delta_18_7;alpha_18_3;gamma_1_10;theta_17_2;alpha_18_5;beta_18_7;gamma_16_11;delta_18_15;delta_18_8;alpha_11_15;gamma_8_6;gamma_8_16;delta_18_3;alpha_17_18;gamma_8_13;theta_18_5;delta_18_16;alpha_17_2;gamma_11_16;gamma_1_11;gamma_8_7;gamma_11_7;gamma_7_4;delta_17_18;theta_17_1;gamma_11_17;beta_16_11;beta_18_3;gamma_11_18;theta_18_8;gamma_18_7;gamma_2_9;delta_18_11;beta_18_5;gamma_1_15;beta_10_9;theta_18_12;gamma_7_8;gamma_18_17;gamma_2_10;gamma_5_13;beta_8_6;gamma_12_11;theta_17_5;gamma_8_3;gamma_16_4;beta_11_12;gamma_17_11;gamma_6_11;beta_18_17;gamma_6_13;gamma_7_16;gamma_12_10;beta_8_7;alpha_17_5;beta_12_11;gamma_1_13;theta_11_15;gamma_4_15;beta_11_18;delta_18_5;gamma_13_2;alpha_11_16;gamma_3_10;gamma_8_12
chb21,chb21_10,80,80,911;1337;1288;594;597;907;273;1217;1427;601;605;1523;1102;300;1359;295;903;1249;579;905;1213;1409;1489;489;296;599;291;304;1318;900;1354;1348;1408;885;288;1400;1349;578;1345;1410;1339;1209;1353;1183;1232;606;303;1519;1329;299;1303;1332;1211;1098;1529;602;582;1042;1079;1421;1320;795;1233;1420;1223;1289;293;976;1399;1043;1300;1340;888;1506;1104;1237;929;1115;1101;1526,alpha_18_11;gamma_7_13;gamma_4_15;theta_17_18;theta_18_3;alpha_18_7;delta_17_2;beta_18_11;gamma_12_18;theta_18_7;theta_18_11;gamma_18_11;beta_11_16;delta_18_12;gamma_8_18;delta_18_7;alpha_18_3;gamma_2_10;theta_17_2;alpha_18_5;beta_18_7;gamma_11_17;gamma_16_11;theta_11_15;delta_18_8;theta_18_5;delta_18_3;delta_18_16;gamma_6_11;alpha_17_18;gamma_8_13;gamma_8_6;gamma_11_16;alpha_17_2;delta_17_18;gamma_11_7;gamma_8_7;theta_17_1;gamma_8_3;gamma_11_18;gamma_7_15;beta_18_3;gamma_8_12;beta_16_11;gamma_1_10;theta_18_12;delta_18_15;gamma_18_7;gamma_7_4;delta_18_11;gamma_5_13;gamma_7_8;beta_18_5;beta_11_12;gamma_18_17;theta_18_8;theta_17_5;beta_8_6;beta_10_9;gamma_12_11;gamma_6_13;alpha_11_15;gamma_1_11;gamma_12_10;beta_18_17;gamma_4_16;delta_18_5;beta_4_9;gamma_11_6;beta_8_7;gamma_5_10;gamma_7_16;alpha_17_5;gamma_17_11;beta_11_18;gamma_1_15;beta_1_13;beta_12_11;beta_11_15;gamma_18_14
chb21,chb21_11,80,80,911;1337;594;903;907;273;1217;1339;601;605;1523;1427;1359;300;597;295;1102;1249;579;1213;905;1489;303;1409;296;1233;578;1348;1354;291;304;599;1400;1349;288;885;1353;1408;1345;1410;900;1183;1209;1232;795;1519;1329;1303;606;1211;299;1237;1079;1529;1332;582;602;1421;1318;976;1464;1042;1098;1223;1320;1289;1420;888;1506;1266;1043;1104;1525;1101;1235;293;1115;1340;1267;796,alpha_18_11;gamma_7_13;theta_17_18;alpha_18_3;alpha_18_7;delta_17_2;beta_18_11;gamma_7_15;theta_18_7;theta_18_11;gamma_18_11;gamma_12_18;gamma_8_18;delta_18_12;theta_18_3;delta_18_7;beta_11_16;gamma_2_10;theta_17_2;beta_18_7;alpha_18_5;gamma_16_11;delta_18_15;gamma_11_17;delta_18_8;gamma_1_11;theta_17_1;gamma_8_6;gamma_8_13;delta_18_3;delta_18_16;theta_18_5;gamma_11_7;gamma_8_7;delta_17_18;alpha_17_2;gamma_8_12;gamma_11_16;gamma_8_3;gamma_11_18;alpha_17_18;beta_16_11;beta_18_3;gamma_1_10;alpha_11_15;gamma_18_7;gamma_7_4;gamma_5_13;theta_18_12;beta_18_5;delta_18_11;gamma_1_15;beta_10_9;gamma_18_17;gamma_7_8;theta_17_5;theta_18_8;gamma_12_11;gamma_6_11;beta_4_9;gamma_15_3;beta_8_6;beta_11_12;beta_18_17;gamma_6_13;gamma_4_16;gamma_12_10;alpha_17_5;gamma_17_11;gamma_3_10;beta_8_7;beta_11_18;gamma_18_13;beta_11_15;gamma_1_13;delta_18_5;beta_12_11;gamma_7_16;gamma_3_11;alpha_11_16
chb21,chb21_12,80,80,911;594;1232;597;907;579;1217;601;1427;605;1354;1339;1523;300;1102;295;1359;903;905;1213;1489;885;1233;1409;304;291;599;900;1348;296;1357;929;578;273;1408;489;1349;288;1400;1329;303;1209;1183;1519;1282;1410;606;1345;299;582;1249;1320;1529;1079;1211;602;1332;1237;1421;1042;1098;1318;1420;1223;293;1303;795;1340;1506;1043;888;1235;796;1115;1352;1300;1101;1525;272;1353,alpha_18_11;theta_17_18;gamma_1_10;theta_18_3;alpha_18_7;theta_17_2;beta_18_11;theta_18_7;gamma_12_18;theta_18_11;gamma_8_13;gamma_7_15;gamma_18_11;delta_18_12;beta_11_16;delta_18_7;gamma_8_18;alpha_18_3;alpha_18_5;beta_18_7;gamma_16_11;alpha_17_2;gamma_1_11;gamma_11_17;delta_18_16;delta_18_3;theta_18_5;alpha_17_18;gamma_8_6;delta_18_8;gamma_8_16;beta_1_13;theta_17_1;delta_17_2;gamma_11_16;theta_11_15;gamma_8_7;delta_17_18;gamma_11_7;gamma_7_4;delta_18_15;beta_18_3;beta_16_11;gamma_18_7;gamma_4_9;gamma_11_18;theta_18_12;gamma_8_3;delta_18_11;theta_17_5;gamma_2_10;gamma_6_13;gamma_18_17;beta_10_9;beta_18_5;theta_18_8;gamma_7_8;gamma_1_15;gamma_12_11;beta_8_6;beta_11_12;gamma_6_11;gamma_12_10;beta_18_17;delta_18_5;gamma_5_13;alpha_11_15;gamma_7_16;gamma_17_11;beta_8_7;alpha_17_5;gamma_1_13;alpha_11_16;beta_12_11;gamma_8_11;gamma_5_10;beta_11_15;gamma_18_13;delta_17_1;gamma_8_12
chb21,chb21_13,80,80,911;1354;609;579;601;1217;1359;597;907;605;1427;1523;1339;300;1102;295;903;594;1232;905;1213;1489;273;296;1348;1233;291;599;304;900;1408;885;929;1357;795;1349;578;1410;1409;1183;288;1519;606;1320;1329;1209;582;602;299;1249;1332;1345;1400;1420;1237;1211;1042;1098;1421;1318;1235;1223;303;888;1353;1529;1079;1303;1506;293;1043;1101;1335;1482;1429;1115;1300;796;1198;1340,alpha_18_11;gamma_8_13;theta_18_15;theta_17_2;theta_18_7;beta_18_11;gamma_8_18;theta_18_3;alpha_18_7;theta_18_11;gamma_12_18;gamma_18_11;gamma_7_15;delta_18_12;beta_11_16;delta_18_7;alpha_18_3;theta_17_18;gamma_1_10;alpha_18_5;beta_18_7;gamma_16_11;delta_17_2;delta_18_8;gamma_8_6;gamma_1_11;delta_18_3;theta_18_5;delta_18_16;alpha_17_18;gamma_11_16;alpha_17_2;beta_1_13;gamma_8_16;alpha_11_15;gamma_8_7;theta_17_1;gamma_11_18;gamma_11_17;beta_16_11;delta_17_18;gamma_18_7;theta_18_12;gamma_6_13;gamma_7_4;beta_18_3;theta_17_5;theta_18_8;delta_18_11;gamma_2_10;gamma_7_8;gamma_8_3;gamma_11_7;gamma_12_10;gamma_1_15;beta_18_5;beta_8_6;beta_11_12;gamma_12_11;gamma_6_11;gamma_1_13;beta_18_17;delta_18_15;alpha_17_5;gamma_8_12;gamma_18_17;beta_10_9;gamma_5_13;gamma_17_11;delta_18_5;beta_8_7;beta_11_15;gamma_7_11;gamma_16_4;gamma_13_2;beta_12_11;gamma_5_10;alpha_11_16;beta_17_9;gamma_7_16
chb21,chb21_14,80,80,911;1354;1340;579;601;1217;597;1427;594;907;605;1359;1523;300;295;903;1339;1102;905;1249;1213;1489;273;291;1301;1409;304;599;900;296;929;1349;489;885;1408;1348;1400;578;288;1345;303;1410;1209;1010;1183;1332;1519;1211;606;1420;1232;299;1098;1353;582;1320;1421;602;1288;1329;1529;1079;1233;1042;1506;888;1303;795;1043;1223;1266;293;1115;1482;1289;1235;796;1395;1237;1101,alpha_18_11;gamma_8_13;gamma_7_16;theta_17_2;theta_18_7;beta_18_11;theta_18_3;gamma_12_18;theta_17_18;alpha_18_7;theta_18_11;gamma_8_18;gamma_18_11;delta_18_12;delta_18_7;alpha_18_3;gamma_7_15;beta_11_16;alpha_18_5;gamma_2_10;beta_18_7;gamma_16_11;delta_17_2;delta_18_3;gamma_5_11;gamma_11_17;delta_18_16;theta_18_5;alpha_17_18;delta_18_8;beta_1_13;gamma_8_7;theta_11_15;alpha_17_2;gamma_11_16;gamma_8_6;gamma_11_7;theta_17_1;delta_17_18;gamma_8_3;delta_18_15;gamma_11_18;beta_18_3;beta_6_9;beta_16_11;gamma_7_8;gamma_18_7;beta_18_5;theta_18_12;gamma_12_10;gamma_1_10;delta_18_11;beta_11_12;gamma_8_12;theta_17_5;gamma_6_13;gamma_12_11;theta_18_8;gamma_4_15;gamma_7_4;gamma_18_17;beta_10_9;gamma_1_11;beta_8_6;gamma_17_11;alpha_17_5;gamma_5_13;alpha_11_15;beta_8_7;beta_18_17;gamma_3_10;delta_18_5;beta_12_11;gamma_16_4;gamma_4_16;gamma_1_13;alpha_11_16;gamma_11_2;gamma_1_15;beta_11_15
chb21,chb21_15,80,80,911;1248;885;597;601;1217;594;907;1427;605;1318;1523;1102;300;295;903;1339;579;599;1213;1359;1354;1489;905;304;900;1249;291;1408;1348;296;273;1349;1409;303;1302;288;1345;1400;578;1320;1183;1410;1519;606;299;1329;582;1209;795;1301;1098;1232;1211;1421;1332;1235;602;1042;1237;1529;293;1340;1079;1420;929;1429;1506;1223;888;1043;1233;1115;796;1101;1300;1337;1104;1288;1353,alpha_18_11;gamma_2_9;alpha_17_2;theta_18_3;theta_18_7;beta_18_11;theta_17_18;alpha_18_7;gamma_12_18;theta_18_11;gamma_6_11;gamma_18_11;beta_11_16;delta_18_12;delta_18_7;alpha_18_3;gamma_7_15;theta_17_2;theta_18_5;beta_18_7;gamma_8_18;gamma_8_13;gamma_16_11;alpha_18_5;delta_18_16;alpha_17_18;gamma_2_10;delta_18_3;gamma_11_16;gamma_8_6;delta_18_8;delta_17_2;gamma_8_7;gamma_11_17;delta_18_15;gamma_5_12;delta_17_18;gamma_8_3;gamma_11_7;theta_17_1;gamma_6_13;beta_16_11;gamma_11_18;gamma_18_7;theta_18_12;delta_18_11;gamma_7_4;theta_17_5;beta_18_3;alpha_11_15;gamma_5_11;beta_11_12;gamma_1_10;beta_18_5;gamma_12_11;gamma_7_8;gamma_1_13;theta_18_8;beta_8_6;gamma_1_15;gamma_18_17;delta_18_5;gamma_7_16;beta_10_9;gamma_12_10;beta_1_13;gamma_13_2;gamma_17_11;beta_18_17;alpha_17_5;beta_8_7;gamma_1_11;beta_12_11;alpha_11_16;beta_11_15;gamma_5_10;gamma_7_13;beta_11_18;gamma_4_15;gamma_8_12
chb21,chb21_16,80,80,911;929;885;601;1217;597;907;594;1359;605;1339;1523;1102;300;295;1427;903;579;1213;1249;905;1489;296;1409;1233;291;599;1354;304;900;1349;1348;1408;273;489;578;288;1329;1400;1289;1345;303;1519;1183;1410;602;1209;976;1211;299;1420;606;1232;1332;582;1320;1529;1098;1079;1421;1318;1042;1237;1506;293;1223;1340;1043;795;1337;1198;888;1464;796;1353;1115;1266;1101;1303;1288,alpha_18_11;beta_1_13;alpha_17_2;theta_18_7;beta_18_11;theta_18_3;alpha_18_7;theta_17_18;gamma_8_18;theta_18_11;gamma_7_15;gamma_18_11;beta_11_16;delta_18_12;delta_18_7;gamma_12_18;alpha_18_3;theta_17_2;beta_18_7;gamma_2_10;alpha_18_5;gamma_16_11;delta_18_8;gamma_11_17;gamma_1_11;delta_18_3;theta_18_5;gamma_8_13;delta_18_16;alpha_17_18;gamma_8_7;gamma_8_6;gamma_11_16;delta_17_2;theta_11_15;theta_17_1;delta_17_18;gamma_7_4;gamma_11_7;gamma_4_16;gamma_8_3;delta_18_15;gamma_18_7;beta_16_11;gamma_11_18;theta_18_8;beta_18_3;beta_4_9;beta_18_5;delta_18_11;gamma_12_10;theta_18_12;gamma_1_10;gamma_7_8;theta_17_5;gamma_6_13;gamma_18_17;beta_11_12;beta_10_9;gamma_12_11;gamma_6_11;beta_8_6;gamma_1_15;gamma_17_11;delta_18_5;beta_18_17;gamma_7_16;beta_8_7;alpha_11_15;gamma_7_13;beta_17_9;alpha_17_5;gamma_15_3;alpha_11_16;gamma_8_12;beta_12_11;gamma_3_10;beta_11_15;gamma_5_13;gamma_4_15
chb21,chb21_17,80,80,911;674;885;1359;601;1217;597;300;907;605;1523;1102;1427;594;295;1339;903;1232;579;905;1213;1489;304;1409;1354;291;599;1302;900;1348;1233;296;1408;1349;489;273;288;1410;578;1183;303;606;1329;1320;582;299;1519;1249;1345;1209;1420;1098;1400;1211;602;1079;1237;1421;1529;976;1332;1352;1042;888;1340;795;1464;1223;929;293;1506;1198;1301;1313;1043;796;1303;1115;1288;1300,alpha_18_11;alpha_4_13;alpha_17_2;gamma_8_18;theta_18_7;beta_18_11;theta_18_3;delta_18_12;alpha_18_7;theta_18_11;gamma_18_11;beta_11_16;gamma_12_18;theta_17_18;delta_18_7;gamma_7_15;alpha_18_3;gamma_1_10;theta_17_2;alpha_18_5;beta_18_7;gamma_16_11;delta_18_16;gamma_11_17;gamma_8_13;delta_18_3;theta_18_5;gamma_5_12;alpha_17_18;gamma_8_6;gamma_1_11;delta_18_8;gamma_11_16;gamma_8_7;theta_11_15;delta_17_2;delta_17_18;gamma_11_18;theta_17_1;beta_16_11;delta_18_15;theta_18_12;gamma_7_4;gamma_6_13;theta_17_5;delta_18_11;gamma_18_7;gamma_2_10;gamma_8_3;beta_18_3;gamma_12_10;beta_11_12;gamma_11_7;beta_18_5;theta_18_8;beta_10_9;gamma_1_15;gamma_12_11;gamma_18_17;beta_4_9;gamma_7_8;gamma_8_11;beta_8_6;alpha_17_5;gamma_7_16;alpha_11_15;gamma_15_3;beta_18_17;beta_1_13;delta_18_5;gamma_17_11;beta_17_9;gamma_5_11;gamma_6_5;beta_8_7;alpha_11_16;gamma_5_13;beta_12_11;gamma_4_15;gamma_5_10
chb21,chb21_18,80,80,911;623;1340;579;601;1217;1359;597;907;594;605;1523;1427;300;295;1102;903;1232;905;1213;1271;1489;273;303;1354;296;1348;900;599;291;1301;885;304;1408;1349;1400;795;1409;288;578;1183;1209;1410;1249;602;1320;1420;1519;582;299;1339;1329;1345;606;1079;1211;1357;1529;976;1098;1421;1318;1042;1332;1303;1223;888;1506;1043;1429;293;1353;1266;1101;929;1195;1104;1288;1115;796,alpha_18_11;alpha_1_13;gamma_7_16;theta_17_2;theta_18_7;beta_18_11;gamma_8_18;theta_18_3;alpha_18_7;theta_17_18;theta_18_11;gamma_18_11;gamma_12_18;delta_18_12;delta_18_7;beta_11_16;alpha_18_3;gamma_1_10;alpha_18_5;beta_18_7;gamma_3_15;gamma_16_11;delta_17_2;delta_18_15;gamma_8_13;delta_18_8;gamma_8_6;alpha_17_18;theta_18_5;delta_18_3;gamma_5_11;alpha_17_2;delta_18_16;gamma_11_16;gamma_8_7;gamma_11_7;alpha_11_15;gamma_11_17;delta_17_18;theta_17_1;beta_16_11;beta_18_3;gamma_11_18;gamma_2_10;theta_18_8;gamma_6_13;gamma_12_10;gamma_18_7;theta_17_5;delta_18_11;gamma_7_15;gamma_7_4;gamma_8_3;theta_18_12;beta_10_9;beta_18_5;gamma_8_16;gamma_18_17;beta_4_9;beta_11_12;gamma_12_11;gamma_6_11;beta_8_6;gamma_7_8;gamma_5_13;beta_18_17;alpha_17_5;gamma_17_11;beta_8_7;gamma_13_2;delta_18_5;gamma_8_12;gamma_3_10;beta_11_15;beta_1_13;beta_17_6;beta_11_18;gamma_4_15;beta_12_11;alpha_11_16
chb21,chb21_19,40,40,911;1350;291;579;601;1217;907;594;605;1523;1339;905;300;295;1359;1408;597;1489;1213;599;303;296;903;1354;900;1211;1026;1195;1428;1349;885;1348;1232;288;1102;1183;606;1267;293;1399,alpha_18_11;gamma_8_9;delta_18_3;theta_17_2;theta_18_7;beta_18_11;alpha_18_7;theta_17_18;theta_18_11;gamma_18_11;gamma_7_15;alpha_18_5;delta_18_12;delta_18_7;gamma_8_18;gamma_11_16;theta_18_3;gamma_16_11;beta_18_7;theta_18_5;delta_18_15;delta_18_8;alpha_18_3;gamma_8_13;alpha_17_18;beta_18_5;beta_7_8;beta_17_6;gamma_13_1;gamma_8_7;alpha_17_2;gamma_8_6;gamma_1_10;delta_17_18;beta_11_16;beta_16_11;theta_18_12;gamma_3_11;delta_18_5;gamma_11_6
chb21,chb21_20,100,100,911;301;1333;579;597;1217;601;1359;1523;1102;300;907;605;903;1339;295;1427;885;1047;1354;900;1489;905;1233;1213;296;1345;291;1232;273;1329;1098;1409;1400;304;594;1349;1211;1332;489;1209;1079;1320;1410;1183;779;599;1420;602;1256;303;1301;1235;1408;578;1348;1220;792;1249;1223;1421;1519;1337;795;1237;288;802;1114;606;796;607;1289;1529;1318;929;888;1115;1506;1167;1517;1094;1317;1340;1101;1526;1303;1335;1085;1023;1195;1043;1064;299;1048;773;283;917;1026;1104;1300,alpha_18_11;delta_18_13;gamma_7_9;theta_17_2;theta_18_3;beta_18_11;theta_18_7;gamma_8_18;gamma_18_11;beta_11_16;delta_18_12;alpha_18_7;theta_18_11;alpha_18_3;gamma_7_15;delta_18_7;gamma_12_18;alpha_17_2;beta_8_12;gamma_8_13;alpha_17_18;gamma_16_11;alpha_18_5;gamma_1_11;beta_18_7;delta_18_8;gamma_8_3;delta_18_3;gamma_1_10;delta_17_2;gamma_7_4;beta_11_12;gamma_11_17;gamma_11_7;delta_18_16;theta_17_18;gamma_8_7;beta_18_5;gamma_7_8;theta_11_15;beta_18_3;beta_10_9;gamma_6_13;gamma_11_18;beta_16_11;alpha_10_16;theta_18_5;gamma_12_10;theta_18_8;gamma_2_17;delta_18_15;gamma_5_11;gamma_1_13;gamma_11_16;theta_17_1;gamma_8_6;beta_18_14;alpha_11_12;gamma_2_10;beta_18_17;gamma_12_11;gamma_18_7;gamma_7_13;alpha_11_15;gamma_1_15;delta_17_18;alpha_12_4;beta_12_10;theta_18_12;alpha_11_16;theta_18_13;gamma_4_16;gamma_18_17;gamma_6_11;beta_1_13;alpha_17_5;beta_12_11;gamma_17_11;beta_15_12;gamma_18_5;beta_11_7;gamma_6_10;gamma_7_16;beta_11_15;gamma_18_14;gamma_5_13;gamma_7_11;beta_10_16;beta_7_4;beta_17_6;beta_8_7;beta_9_12;delta_18_11;beta_8_13;alpha_10_9;delta_17_12;alpha_18_17;beta_7_8;beta_11_18;gamma_5_10
chb21,chb21_21,100,100,911;1318;900;903;907;1427;1354;1217;595;601;300;605;579;1102;1523;1357;597;1440;594;1271;295;1249;1348;1213;304;1464;1198;578;288;1359;1489;1209;1042;942;582;1408;489;1400;1339;606;1345;1303;1504;273;1410;599;1429;1519;1251;291;1349;1409;296;1267;299;1079;884;795;1121;929;888;1506;1183;973;901;1288;610;1475;1250;1426;1420;993;276;1353;602;1043;1529;1232;1279;1320;1421;1340;1101;1104;272;1335;1482;1066;1237;1262;1289;1048;892;1396;1223;1352;759;285;283;1283,alpha_18_11;gamma_6_11;alpha_17_18;alpha_18_3;alpha_18_7;gamma_12_18;gamma_8_13;beta_18_11;theta_18_1;theta_18_7;delta_18_12;theta_18_11;theta_17_2;beta_11_16;gamma_18_11;gamma_8_16;theta_18_3;gamma_13_14;theta_17_18;gamma_3_15;delta_18_7;gamma_2_10;gamma_8_6;beta_18_7;delta_18_16;gamma_15_3;beta_17_9;theta_17_1;delta_17_18;gamma_8_18;gamma_16_11;beta_18_3;beta_8_6;beta_2_9;theta_17_5;gamma_11_16;theta_11_15;gamma_11_7;gamma_7_15;theta_18_12;gamma_8_3;gamma_5_13;gamma_17_9;delta_17_2;gamma_11_18;theta_18_5;gamma_13_2;gamma_18_7;gamma_2_12;delta_18_3;gamma_8_7;gamma_11_17;delta_18_8;gamma_3_11;delta_18_11;beta_10_9;alpha_17_1;alpha_11_15;beta_12_18;beta_1_13;alpha_17_5;gamma_17_11;beta_16_11;beta_4_6;alpha_18_1;gamma_4_15;theta_18_16;gamma_15_14;gamma_2_11;gamma_12_17;gamma_12_10;beta_5_9;delta_17_5;gamma_8_12;theta_18_8;beta_8_7;gamma_18_17;gamma_1_10;gamma_4_6;gamma_6_13;gamma_12_11;gamma_7_16;beta_11_15;beta_11_18;delta_17_1;gamma_7_11;gamma_16_4;beta_9_14;gamma_1_15;gamma_3_6;gamma_4_16;beta_8_13;alpha_17_9;gamma_11_3;beta_18_17;gamma_8_11;alpha_9_13;delta_17_14;delta_17_12;gamma_4_10
chb21,chb21_22,80,80,911;1248;885;601;1129;1217;597;907;605;1359;1523;295;1305;1408;300;903;579;1427;594;905;1213;1489;1232;296;1409;1354;599;1332;304;291;1349;1102;273;1329;1233;303;1348;1410;288;1339;582;299;1183;1519;795;929;602;1345;1209;1249;1336;1211;1421;900;1400;1420;606;888;1313;1320;1098;1529;1357;1043;1042;1464;1223;1288;578;1317;1104;1318;1115;293;1506;1079;1337;1340;1198;1101,alpha_18_11;gamma_2_9;alpha_17_2;theta_18_7;beta_13_8;beta_18_11;theta_18_3;alpha_18_7;theta_18_11;gamma_8_18;gamma_18_11;delta_18_7;gamma_5_15;gamma_11_16;delta_18_12;alpha_18_3;theta_17_2;gamma_12_18;theta_17_18;alpha_18_5;beta_18_7;gamma_16_11;gamma_1_10;delta_18_8;gamma_11_17;gamma_8_13;theta_18_5;gamma_7_8;delta_18_16;delta_18_3;gamma_8_7;beta_11_16;delta_17_2;gamma_7_4;gamma_1_11;delta_18_15;gamma_8_6;gamma_11_18;delta_17_18;gamma_7_15;theta_17_5;delta_18_11;beta_16_11;gamma_18_7;alpha_11_15;beta_1_13;theta_18_8;gamma_8_3;beta_18_3;gamma_2_10;gamma_7_12;beta_18_5;gamma_12_11;alpha_17_18;gamma_11_7;gamma_12_10;theta_18_12;alpha_17_5;gamma_6_5;gamma_6_13;beta_11_12;gamma_18_17;gamma_8_16;beta_8_7;beta_8_6;gamma_15_3;beta_18_17;gamma_4_15;theta_17_1;gamma_6_10;beta_11_18;gamma_6_11;beta_12_11;delta_18_5;gamma_17_11;beta_10_9;gamma_7_13;gamma_7_16;beta_17_9;beta_11_15
chb21,chb21_23,80,80,911;1320;594;1366;907;597;1217;579;601;1359;605;1523;300;1102;1339;295;903;1249;1489;905;1213;304;885;1409;1233;291;599;296;1427;1354;1408;1349;288;1348;303;273;900;1410;578;1357;606;1183;489;1519;299;976;582;1209;1329;1332;602;1345;1237;1529;1421;1079;1318;1098;1211;929;1042;1232;1223;888;1464;1340;1420;1506;1337;1400;1043;795;293;1115;796;1301;1198;1235;1288;1336,alpha_18_11;gamma_6_13;theta_17_18;gamma_9_7;alpha_18_7;theta_18_3;beta_18_11;theta_17_2;theta_18_7;gamma_8_18;theta_18_11;gamma_18_11;delta_18_12;beta_11_16;gamma_7_15;delta_18_7;alpha_18_3;gamma_2_10;gamma_16_11;alpha_18_5;beta_18_7;delta_18_16;alpha_17_2;gamma_11_17;gamma_1_11;delta_18_3;theta_18_5;delta_18_8;gamma_12_18;gamma_8_13;gamma_11_16;gamma_8_7;delta_17_18;gamma_8_6;delta_18_15;delta_17_2;alpha_17_18;gamma_11_18;theta_17_1;gamma_8_16;theta_18_12;beta_16_11;theta_11_15;gamma_18_7;delta_18_11;beta_4_9;theta_17_5;beta_18_3;gamma_7_4;gamma_7_8;theta_18_8;gamma_8_3;gamma_1_15;gamma_18_17;gamma_12_11;beta_10_9;gamma_6_11;beta_11_12;beta_18_5;beta_1_13;beta_8_6;gamma_1_10;beta_18_17;alpha_17_5;gamma_15_3;gamma_7_16;gamma_12_10;gamma_17_11;gamma_7_13;gamma_11_7;beta_8_7;alpha_11_15;delta_18_5;beta_12_11;alpha_11_16;gamma_5_11;beta_17_9;gamma_1_13;gamma_4_15;gamma_7_12
chb21,chb21_24,80,80,911;1340;1337;579;601;1217;597;300;907;1359;605;1523;1427;1102;295;1339;903;1249;594;905;1213;1489;273;303;304;1233;1409;291;599;296;885;1354;1408;1348;288;1349;578;1410;1345;900;1183;1232;795;1519;606;1332;582;1209;1303;1329;299;602;1420;1237;1098;1421;1211;1318;1529;1320;1079;1400;1042;1357;1506;888;1223;976;1464;796;1043;1300;1198;1101;1115;1235;1352;293;1288;1104,alpha_18_11;gamma_7_16;gamma_7_13;theta_17_2;theta_18_7;beta_18_11;theta_18_3;delta_18_12;alpha_18_7;gamma_8_18;theta_18_11;gamma_18_11;gamma_12_18;beta_11_16;delta_18_7;gamma_7_15;alpha_18_3;gamma_2_10;theta_17_18;alpha_18_5;beta_18_7;gamma_16_11;delta_17_2;delta_18_15;delta_18_16;gamma_1_11;gamma_11_17;delta_18_3;theta_18_5;delta_18_8;alpha_17_2;gamma_8_13;gamma_11_16;gamma_8_6;delta_17_18;gamma_8_7;theta_17_1;gamma_11_18;gamma_8_3;alpha_17_18;beta_16_11;gamma_1_10;alpha_11_15;gamma_18_7;theta_18_12;gamma_7_8;theta_17_5;beta_18_3;gamma_5_13;gamma_7_4;delta_18_11;theta_18_8;gamma_12_10;gamma_1_15;beta_11_12;gamma_12_11;beta_18_5;gamma_6_11;gamma_18_17;gamma_6_13;beta_10_9;gamma_11_7;beta_8_6;gamma_8_16;gamma_17_11;alpha_17_5;beta_18_17;beta_4_9;gamma_15_3;alpha_11_16;beta_8_7;gamma_5_10;beta_17_9;beta_11_15;beta_12_11;gamma_1_13;gamma_8_11;delta_18_5;gamma_4_15;beta_11_18
chb21,chb21_25,80,80,911;1249;1034;900;597;273;907;1217;601;605;1427;1523;1320;300;1339;1102;295;903;1359;579;1213;1489;599;594;296;291;1348;1301;905;304;1354;1409;885;1349;1408;288;303;1410;578;1183;1209;1519;795;929;602;1329;1232;1345;1237;582;299;1098;1420;606;1400;1421;1267;1042;1332;1211;1303;1506;1529;1079;1223;293;976;1357;1198;1043;1395;796;1300;1115;1101;1288;888;1235;1318;1104,alpha_18_11;gamma_2_10;beta_7_16;alpha_17_18;theta_18_3;delta_17_2;alpha_18_7;beta_18_11;theta_18_7;theta_18_11;gamma_12_18;gamma_18_11;gamma_6_13;delta_18_12;gamma_7_15;beta_11_16;delta_18_7;alpha_18_3;gamma_8_18;theta_17_2;beta_18_7;gamma_16_11;theta_18_5;theta_17_18;delta_18_8;delta_18_3;gamma_8_6;gamma_5_11;alpha_18_5;delta_18_16;gamma_8_13;gamma_11_17;alpha_17_2;gamma_8_7;gamma_11_16;delta_17_18;delta_18_15;gamma_11_18;theta_17_1;beta_16_11;beta_18_3;gamma_18_7;alpha_11_15;beta_1_13;theta_18_8;gamma_7_4;gamma_1_10;gamma_8_3;gamma_1_15;theta_17_5;delta_18_11;beta_11_12;gamma_12_10;theta_18_12;gamma_11_7;gamma_12_11;gamma_3_11;beta_8_6;gamma_7_8;beta_18_5;gamma_5_13;gamma_17_11;gamma_18_17;beta_10_9;beta_18_17;delta_18_5;beta_4_9;gamma_8_16;beta_17_9;beta_8_7;gamma_11_2;alpha_11_16;gamma_5_10;beta_12_11;beta_11_15;gamma_4_15;alpha_17_5;gamma_1_13;gamma_6_11;beta_11_18
chb21,chb21_26,80,80,911;1249;579;601;597;1217;594;907;605;1318;1523;1427;1320;295;1102;300;903;1339;1359;1213;905;1489;273;900;291;304;1409;1251;599;1354;296;1349;1408;489;288;1348;885;578;1410;303;1519;1183;606;1235;1232;1209;1329;602;299;1233;1098;1420;1332;582;1464;1421;1529;1400;929;1211;1237;1042;1357;1079;1345;1223;1506;293;1337;795;1340;1352;1300;1115;888;1043;796;1282;1426;1104,alpha_18_11;gamma_2_10;theta_17_2;theta_18_7;theta_18_3;beta_18_11;theta_17_18;alpha_18_7;theta_18_11;gamma_6_11;gamma_18_11;gamma_12_18;gamma_6_13;delta_18_7;beta_11_16;delta_18_12;alpha_18_3;gamma_7_15;gamma_8_18;beta_18_7;alpha_18_5;gamma_16_11;delta_17_2;alpha_17_18;delta_18_3;delta_18_16;gamma_11_17;gamma_2_12;theta_18_5;gamma_8_13;delta_18_8;gamma_8_7;gamma_11_16;theta_11_15;delta_17_18;gamma_8_6;alpha_17_2;theta_17_1;gamma_11_18;delta_18_15;gamma_18_7;beta_16_11;theta_18_12;gamma_1_13;gamma_1_10;beta_18_3;gamma_7_4;theta_18_8;delta_18_11;gamma_1_11;beta_11_12;gamma_12_10;gamma_7_8;theta_17_5;gamma_15_3;gamma_12_11;gamma_18_17;gamma_11_7;beta_1_13;beta_18_5;gamma_1_15;beta_8_6;gamma_8_16;beta_10_9;gamma_8_3;beta_18_17;gamma_17_11;delta_18_5;gamma_7_13;alpha_11_15;gamma_7_16;gamma_8_11;gamma_5_10;beta_12_11;alpha_17_5;beta_8_7;alpha_11_16;gamma_4_9;gamma_12_17;beta_11_18
chb21,chb21_27,80,80,911;1320;885;601;1217;903;659;907;605;1359;1523;1427;300;295;597;1102;594;1249;1213;579;1489;578;905;1233;1409;304;291;900;1354;599;1340;1410;296;1348;1519;303;1209;273;1349;606;288;1421;976;1408;1339;795;582;1345;299;1332;1232;1400;1329;1183;929;1211;1223;1318;1098;1079;602;1464;1420;1506;888;1353;1337;1042;1529;293;1399;1525;1115;1237;1303;1043;1482;1335;489;1266,alpha_18_11;gamma_6_13;alpha_17_2;theta_18_7;beta_18_11;alpha_18_3;alpha_3_15;alpha_18_7;theta_18_11;gamma_8_18;gamma_18_11;gamma_12_18;delta_18_12;delta_18_7;theta_18_3;beta_11_16;theta_17_18;gamma_2_10;beta_18_7;theta_17_2;gamma_16_11;theta_17_1;alpha_18_5;gamma_1_11;gamma_11_17;delta_18_16;delta_18_3;alpha_17_18;gamma_8_13;theta_18_5;gamma_7_16;gamma_11_18;delta_18_8;gamma_8_6;gamma_18_7;delta_18_15;beta_18_3;delta_17_2;gamma_8_7;theta_18_12;delta_17_18;gamma_12_11;beta_4_9;gamma_11_16;gamma_7_15;alpha_11_15;theta_17_5;gamma_8_3;delta_18_11;gamma_7_8;gamma_1_10;gamma_11_7;gamma_7_4;beta_16_11;beta_1_13;beta_18_5;beta_18_17;gamma_6_11;beta_11_12;beta_10_9;theta_18_8;gamma_15_3;gamma_12_10;gamma_17_11;alpha_17_5;gamma_8_12;gamma_7_13;beta_8_6;gamma_18_17;delta_18_5;gamma_11_6;gamma_18_13;beta_12_11;gamma_1_15;gamma_5_13;beta_8_7;gamma_16_4;gamma_7_11;theta_11_15;gamma_3_10
chb21,chb21_28,80,80,911;623;291;579;601;1217;1340;907;1359;300;605;1523;1427;903;295;1102;594;597;1249;1213;1339;578;1409;304;905;1354;273;1489;1233;900;599;1209;1349;296;489;1519;1408;885;1348;606;1410;288;303;1320;1183;1202;1232;1345;1211;299;1329;1288;1400;582;1421;1235;602;1526;1357;1420;1098;1223;888;1318;795;1506;1282;1042;1079;1332;1529;1429;293;1115;929;1482;1300;283;1336;1043,alpha_18_11;alpha_1_13;delta_18_3;theta_17_2;theta_18_7;beta_18_11;gamma_7_16;alpha_18_7;gamma_8_18;delta_18_12;theta_18_11;gamma_18_11;gamma_12_18;alpha_18_3;delta_18_7;beta_11_16;theta_17_18;theta_18_3;gamma_2_10;beta_18_7;gamma_7_15;theta_17_1;gamma_11_17;delta_18_16;alpha_18_5;gamma_8_13;delta_17_2;gamma_16_11;gamma_1_11;alpha_17_18;theta_18_5;beta_18_3;gamma_8_7;delta_18_8;theta_11_15;gamma_18_7;gamma_11_16;alpha_17_2;gamma_8_6;theta_18_12;gamma_11_18;delta_17_18;delta_18_15;gamma_6_13;beta_16_11;beta_17_13;gamma_1_10;gamma_8_3;beta_18_5;delta_18_11;gamma_7_4;gamma_4_15;gamma_11_7;theta_17_5;gamma_12_11;gamma_1_13;theta_18_8;gamma_18_14;gamma_8_16;gamma_12_10;beta_11_12;beta_18_17;alpha_17_5;gamma_6_11;alpha_11_15;gamma_17_11;gamma_4_9;beta_8_6;beta_10_9;gamma_7_8;gamma_18_17;gamma_13_2;delta_18_5;beta_12_11;beta_1_13;gamma_16_4;gamma_5_10;delta_17_12;gamma_7_12;beta_8_7
chb21,chb21_29,80,80,911;1252;579;601;1217;1359;597;907;594;605;1523;1408;300;295;1427;1271;903;905;1232;1213;489;1489;273;1357;1409;599;1354;296;1102;900;1318;291;304;1348;885;1349;1400;288;1410;578;1183;1519;1249;1329;303;1345;299;1332;1320;1209;582;1098;1339;606;1529;1211;1042;1421;1282;602;1079;1233;795;1223;888;1303;1420;1340;1506;1266;1043;293;1104;1198;929;1115;1101;1482;1301;1429,alpha_18_11;gamma_2_13;theta_17_2;theta_18_7;beta_18_11;gamma_8_18;theta_18_3;alpha_18_7;theta_17_18;theta_18_11;gamma_18_11;gamma_11_16;delta_18_12;delta_18_7;gamma_12_18;gamma_3_15;alpha_18_3;alpha_18_5;gamma_1_10;beta_18_7;theta_11_15;gamma_16_11;delta_17_2;gamma_8_16;gamma_11_17;theta_18_5;gamma_8_13;delta_18_8;beta_11_16;alpha_17_18;gamma_6_11;delta_18_3;delta_18_16;gamma_8_6;alpha_17_2;gamma_8_7;gamma_11_7;delta_17_18;gamma_11_18;theta_17_1;beta_16_11;gamma_18_7;gamma_2_10;gamma_7_4;delta_18_15;gamma_8_3;delta_18_11;gamma_7_8;gamma_6_13;beta_18_3;theta_17_5;beta_11_12;gamma_7_15;theta_18_12;gamma_18_17;beta_18_5;beta_8_6;gamma_12_11;gamma_4_9;theta_18_8;beta_10_9;gamma_1_11;alpha_11_15;beta_18_17;alpha_17_5;gamma_5_13;gamma_12_10;gamma_7_16;gamma_17_11;gamma_3_10;beta_8_7;delta_18_5;beta_11_18;beta_17_9;beta_1_13;beta_12_11;beta_11_15;gamma_16_4;gamma_5_11;gamma_13_2
chb21,chb21_30,80,80,911;1249;1434;291;900;907;579;1217;601;605;1339;1523;300;1354;597;1102;295;1489;1359;903;905;1213;594;885;304;1348;296;599;1301;303;1408;929;1349;1427;273;1332;1409;288;1329;602;582;1410;1183;1519;489;1320;606;1345;1232;299;1209;1357;578;1042;1237;1421;1211;1079;1529;1318;1420;976;888;1098;1223;1336;1043;1337;795;293;1506;1400;1482;1115;1300;1198;1195;1288;1235;1104,alpha_18_11;gamma_2_10;gamma_13_7;delta_18_3;alpha_17_18;alpha_18_7;theta_17_2;beta_18_11;theta_18_7;theta_18_11;gamma_7_15;gamma_18_11;delta_18_12;gamma_8_13;theta_18_3;beta_11_16;delta_18_7;gamma_16_11;gamma_8_18;alpha_18_3;alpha_18_5;beta_18_7;theta_17_18;alpha_17_2;delta_18_16;gamma_8_6;delta_18_8;theta_18_5;gamma_5_11;delta_18_15;gamma_11_16;beta_1_13;gamma_8_7;gamma_12_18;delta_17_2;gamma_7_8;gamma_11_17;delta_17_18;gamma_7_4;theta_18_8;theta_17_5;gamma_11_18;beta_16_11;gamma_18_7;theta_11_15;gamma_6_13;theta_18_12;gamma_8_3;gamma_1_10;delta_18_11;beta_18_3;gamma_8_16;theta_17_1;beta_8_6;gamma_1_15;gamma_12_11;beta_18_5;beta_10_9;gamma_18_17;gamma_6_11;gamma_12_10;beta_4_9;alpha_17_5;beta_11_12;beta_18_17;gamma_7_12;beta_8_7;gamma_7_13;alpha_11_15;delta_18_5;gamma_17_11;gamma_11_7;gamma_16_4;beta_12_11;gamma_5_10;beta_17_9;beta_17_6;gamma_4_15;gamma_1_13;beta_11_18
chb21,chb21_31,80,80,911;691;1356;291;900;907;273;1217;601;605;1523;1427;300;903;1102;295;1359;1232;905;597;579;1213;1489;594;296;599;1233;303;1354;1348;304;1408;885;1357;1349;1409;578;288;1410;1183;1339;1209;1329;1519;602;1249;1211;795;1320;299;582;606;1345;1098;1421;1079;1529;1400;976;1420;1318;1340;888;1042;1506;1223;1332;929;1043;293;1429;1198;1115;796;1237;1235;1195;1353;1300;489,alpha_18_11;alpha_5_13;gamma_8_15;delta_18_3;alpha_17_18;alpha_18_7;delta_17_2;beta_18_11;theta_18_7;theta_18_11;gamma_18_11;gamma_12_18;delta_18_12;alpha_18_3;beta_11_16;delta_18_7;gamma_8_18;gamma_1_10;alpha_18_5;theta_18_3;theta_17_2;beta_18_7;gamma_16_11;theta_17_18;delta_18_8;theta_18_5;gamma_1_11;delta_18_15;gamma_8_13;gamma_8_6;delta_18_16;gamma_11_16;alpha_17_2;gamma_8_16;gamma_8_7;gamma_11_17;theta_17_1;delta_17_18;gamma_11_18;beta_16_11;gamma_7_15;beta_18_3;gamma_7_4;gamma_18_7;theta_18_8;gamma_2_10;beta_18_5;alpha_11_15;gamma_6_13;delta_18_11;theta_17_5;theta_18_12;gamma_8_3;beta_11_12;gamma_12_11;beta_10_9;gamma_18_17;gamma_11_7;beta_4_9;gamma_12_10;gamma_6_11;gamma_7_16;alpha_17_5;beta_8_6;gamma_17_11;beta_18_17;gamma_7_8;beta_1_13;beta_8_7;delta_18_5;gamma_13_2;beta_17_9;beta_12_11;alpha_11_16;gamma_1_15;gamma_1_13;beta_17_6;gamma_8_12;gamma_5_10;theta_11_15
chb21,chb21_32,80,80,911;885;997;594;597;601;1217;1339;907;605;1359;1523;1427;300;1102;295;903;579;1232;905;1213;1489;900;1301;304;599;291;1408;1354;296;1348;1357;273;288;1349;303;795;578;1410;1409;1183;1519;602;1211;929;299;1332;1209;1329;1249;1345;582;1237;606;1400;1421;1042;1320;1318;1098;1529;1506;888;1079;1420;1482;1336;293;1223;976;1043;489;1303;1198;1464;796;1340;1267;1115;1266,alpha_18_11;alpha_17_2;beta_5_13;theta_17_18;theta_18_3;theta_18_7;beta_18_11;gamma_7_15;alpha_18_7;theta_18_11;gamma_8_18;gamma_18_11;gamma_12_18;delta_18_12;beta_11_16;delta_18_7;alpha_18_3;theta_17_2;gamma_1_10;alpha_18_5;beta_18_7;gamma_16_11;alpha_17_18;gamma_5_11;delta_18_16;theta_18_5;delta_18_3;gamma_11_16;gamma_8_13;delta_18_8;gamma_8_6;gamma_8_16;delta_17_2;delta_17_18;gamma_8_7;delta_18_15;alpha_11_15;theta_17_1;gamma_11_18;gamma_11_17;beta_16_11;gamma_18_7;theta_18_8;beta_18_5;beta_1_13;delta_18_11;gamma_7_8;beta_18_3;gamma_7_4;gamma_2_10;gamma_8_3;theta_17_5;gamma_1_15;theta_18_12;gamma_11_7;gamma_12_11;beta_8_6;gamma_6_13;gamma_6_11;beta_11_12;gamma_18_17;gamma_17_11;alpha_17_5;beta_10_9;gamma_12_10;gamma_16_4;gamma_7_12;delta_18_5;beta_18_17;beta_4_9;beta_8_7;theta_11_15;gamma_5_13;beta_17_9;gamma_15_3;alpha_11_16;gamma_7_16;gamma_3_11;beta_12_11;gamma_3_10
chb21,chb21_33,80,80,911;1350;291;900;907;273;1217;601;605;1359;1427;1523;300;597;295;1102;1356;903;905;579;1213;594;1489;1232;1354;303;296;599;1306;1349;304;1409;1408;885;288;489;1233;1348;1400;1345;578;1320;1410;1183;1339;1519;1332;1249;606;1329;582;1209;299;1529;602;929;1211;1098;1421;1079;1223;1318;1506;1042;888;1337;795;1429;1420;1336;293;1266;1043;1426;1237;1104;1303;796;1115;1357,alpha_18_11;gamma_8_9;delta_18_3;alpha_17_18;alpha_18_7;delta_17_2;beta_18_11;theta_18_7;theta_18_11;gamma_8_18;gamma_12_18;gamma_18_11;delta_18_12;theta_18_3;delta_18_7;beta_11_16;gamma_8_15;alpha_18_3;alpha_18_5;theta_17_2;beta_18_7;theta_17_18;gamma_16_11;gamma_1_10;gamma_8_13;delta_18_15;delta_18_8;theta_18_5;gamma_5_16;gamma_8_7;delta_18_16;gamma_11_17;gamma_11_16;alpha_17_2;delta_17_18;theta_11_15;gamma_1_11;gamma_8_6;gamma_11_7;gamma_8_3;theta_17_1;gamma_6_13;gamma_11_18;beta_16_11;gamma_7_15;gamma_18_7;gamma_7_8;gamma_2_10;theta_18_12;gamma_7_4;theta_17_5;beta_18_3;delta_18_11;gamma_18_17;theta_18_8;beta_1_13;beta_18_5;beta_11_12;gamma_12_11;beta_10_9;beta_18_17;gamma_6_11;gamma_17_11;beta_8_6;alpha_17_5;gamma_7_13;alpha_11_15;gamma_13_2;gamma_12_10;gamma_7_12;delta_18_5;gamma_3_10;beta_8_7;gamma_12_17;gamma_1_15;beta_11_18;gamma_5_13;alpha_11_16;beta_12_11;gamma_8_16
chb22,chb22_01,60,60,1211;291;1256;277;283;281;589;289;905;583;972;895;597;1517;889;599;299;1030;273;293;1151;903;587;1188;1282;595;305;1195;286;295;292;938;1023;791;1421;1334;1020;1528;901;752;1280;1201;1198;1024;893;579;592;796;1115;1007;872;1209;1299;759;1521;1404;1523;718;1408;1207,beta_18_5;delta_18_3;gamma_2_17;delta_17_6;delta_17_12;delta_17_10;theta_17_12;delta_18_1;alpha_18_5;theta_17_6;beta_4_5;alpha_17_12;theta_18_3;gamma_18_5;alpha_17_6;theta_18_5;delta_18_11;beta_7_12;delta_17_2;delta_18_5;beta_14_13;alpha_18_3;theta_17_10;beta_16_17;gamma_4_9;theta_18_1;delta_18_17;beta_17_6;delta_17_15;delta_18_7;delta_18_4;beta_2_5;beta_7_4;alpha_11_10;gamma_12_11;gamma_7_10;beta_7_1;gamma_18_16;alpha_18_1;alpha_9_5;gamma_4_7;beta_17_12;beta_17_9;beta_7_5;alpha_17_10;theta_17_2;theta_17_15;alpha_11_16;beta_12_11;beta_6_5;alpha_16_6;beta_18_3;gamma_5_9;alpha_9_13;gamma_18_9;gamma_11_12;gamma_18_11;alpha_7_5;gamma_11_16;beta_18_1
chb22,chb22_02,60,60,283;889;291;1211;281;289;589;277;905;597;895;583;1517;1334;972;299;599;770;273;979;595;293;305;587;903;791;1151;1273;1282;295;1195;292;286;1280;718;1115;901;734;1201;446;579;1198;938;893;1421;1528;1020;1079;592;1340;796;1265;1481;1024;1521;1207;1188;1349;1523;1404,delta_17_12;alpha_17_6;delta_18_3;beta_18_5;delta_17_10;delta_18_1;theta_17_12;delta_17_6;alpha_18_5;theta_18_3;alpha_17_12;theta_17_6;gamma_18_5;gamma_7_10;beta_4_5;delta_18_11;theta_18_5;alpha_10_6;delta_17_2;beta_4_12;theta_18_1;delta_18_5;delta_18_17;theta_17_10;alpha_18_3;alpha_11_10;beta_14_13;gamma_3_17;gamma_4_9;delta_18_7;beta_17_6;delta_18_4;delta_17_15;gamma_4_7;alpha_7_5;beta_12_11;alpha_18_1;alpha_8_4;beta_17_12;theta_9_5;theta_17_2;beta_17_9;beta_2_5;alpha_17_10;gamma_12_11;gamma_18_16;beta_7_1;beta_10_9;theta_17_15;gamma_7_16;alpha_11_16;gamma_3_9;gamma_16_3;beta_7_5;gamma_18_9;beta_18_1;beta_16_17;gamma_8_7;gamma_18_11;gamma_11_12
chb22,chb22_03,60,60,283;889;291;1211;1239;305;277;289;589;281;905;597;583;1517;1007;895;299;599;1282;1151;273;1030;293;903;295;595;587;791;1195;292;1447;286;972;1023;1421;446;901;1334;1280;1188;1102;1198;1299;718;579;1201;1115;1020;893;592;1521;1209;1404;938;759;1076;1523;1207;1340;1024,delta_17_12;alpha_17_6;delta_18_3;beta_18_5;gamma_1_17;delta_18_17;delta_17_6;delta_18_1;theta_17_12;delta_17_10;alpha_18_5;theta_18_3;theta_17_6;gamma_18_5;beta_6_5;alpha_17_12;delta_18_11;theta_18_5;gamma_4_9;beta_14_13;delta_17_2;beta_7_12;delta_18_5;alpha_18_3;delta_18_7;theta_18_1;theta_17_10;alpha_11_10;beta_17_6;delta_18_4;gamma_14_3;delta_17_15;beta_4_5;beta_7_4;gamma_12_11;theta_9_5;alpha_18_1;gamma_7_10;gamma_4_7;beta_16_17;beta_11_16;beta_17_9;gamma_5_9;alpha_7_5;theta_17_2;beta_17_12;beta_12_11;beta_7_1;alpha_17_10;theta_17_15;gamma_18_9;beta_18_3;gamma_11_12;beta_2_5;alpha_9_13;beta_10_6;gamma_18_11;beta_18_1;gamma_7_16;beta_7_5
chb22,chb22_04,60,60,283;889;291;1211;281;589;277;289;905;632;597;895;583;1517;1239;299;599;1030;1151;295;273;903;293;1316;587;595;1452;1195;286;305;292;972;1023;1115;446;1280;791;901;1334;1528;1504;938;1201;1421;579;893;592;1282;770;796;1020;1209;1024;1198;1349;759;1523;1404;1289;1207,delta_17_12;alpha_17_6;delta_18_3;beta_18_5;delta_17_10;theta_17_12;delta_17_6;delta_18_1;alpha_18_5;alpha_2_5;theta_18_3;alpha_17_12;theta_17_6;gamma_18_5;gamma_1_17;delta_18_11;theta_18_5;beta_7_12;beta_14_13;delta_18_7;delta_17_2;alpha_18_3;delta_18_5;gamma_6_9;theta_17_10;theta_18_1;gamma_14_8;beta_17_6;delta_17_15;delta_18_17;delta_18_4;beta_4_5;beta_7_4;beta_12_11;theta_9_5;gamma_4_7;alpha_11_10;alpha_18_1;gamma_7_10;gamma_18_16;gamma_17_9;beta_2_5;beta_17_12;gamma_12_11;theta_17_2;alpha_17_10;theta_17_15;gamma_4_9;alpha_10_6;alpha_11_16;beta_7_1;beta_18_3;beta_7_5;beta_17_9;gamma_8_7;alpha_9_13;gamma_18_11;gamma_11_12;gamma_4_16;beta_18_1
chb22,chb22_05,60,60,283;889;291;1211;1283;281;289;277;589;905;972;597;1517;583;895;299;599;759;273;903;293;1030;587;595;1239;791;305;1282;1195;292;295;1023;938;446;592;1115;901;1280;1188;1020;579;1198;1452;718;1201;1421;286;1079;1102;1209;1231;893;1521;1024;1523;1207;1349;1151;1528;955,delta_17_12;alpha_17_6;delta_18_3;beta_18_5;gamma_4_10;delta_17_10;delta_18_1;delta_17_6;theta_17_12;alpha_18_5;beta_4_5;theta_18_3;gamma_18_5;theta_17_6;alpha_17_12;delta_18_11;theta_18_5;alpha_9_13;delta_17_2;alpha_18_3;delta_18_5;beta_7_12;theta_17_10;theta_18_1;gamma_1_17;alpha_11_10;delta_18_17;gamma_4_9;beta_17_6;delta_18_4;delta_18_7;beta_7_4;beta_2_5;theta_9_5;theta_17_15;beta_12_11;alpha_18_1;gamma_4_7;beta_16_17;beta_7_1;theta_17_2;beta_17_9;gamma_14_8;alpha_7_5;beta_17_12;gamma_12_11;delta_17_15;beta_10_9;beta_11_16;beta_18_3;gamma_1_9;alpha_17_10;gamma_18_9;beta_7_5;gamma_18_11;beta_18_1;gamma_8_7;beta_14_13;gamma_18_16;beta_3_5
chb22,chb22_06,60,60,283;718;905;291;277;1211;589;281;289;583;597;895;1517;889;1151;599;1013;299;1282;293;903;273;305;587;595;1239;286;1195;972;1280;295;791;292;1115;565;1023;1334;1469;1020;901;1201;938;1421;1079;893;579;1521;796;592;1231;1528;1024;1209;759;1198;1188;1523;1349;1336;1007,delta_17_12;alpha_7_5;alpha_18_5;delta_18_3;delta_17_6;beta_18_5;theta_17_12;delta_17_10;delta_18_1;theta_17_6;theta_18_3;alpha_17_12;gamma_18_5;alpha_17_6;beta_14_13;theta_18_5;beta_6_12;delta_18_11;gamma_4_9;delta_18_5;alpha_18_3;delta_17_2;delta_18_17;theta_17_10;theta_18_1;gamma_1_17;delta_17_15;beta_17_6;beta_4_5;gamma_4_7;delta_18_7;alpha_11_10;delta_18_4;beta_12_11;theta_16_5;beta_7_4;gamma_7_10;gamma_15_8;beta_7_1;alpha_18_1;beta_17_12;beta_2_5;gamma_12_11;beta_10_9;alpha_17_10;theta_17_2;gamma_18_9;alpha_11_16;theta_17_15;gamma_1_9;gamma_18_16;beta_7_5;beta_18_3;alpha_9_13;beta_17_9;beta_16_17;gamma_18_11;gamma_8_7;gamma_7_12;beta_6_5
chb22,chb22_07,60,60,283;1166;1030;277;291;1211;289;589;281;905;583;597;666;895;1517;889;599;299;1239;903;293;273;595;1282;587;872;1151;305;286;1195;295;1452;292;972;1023;1334;901;1097;446;1201;1280;1198;1447;938;1421;579;1102;893;1209;592;1521;1265;1404;1007;1086;1207;1020;1523;759;1323,delta_17_12;beta_15_11;beta_7_12;delta_17_6;delta_18_3;beta_18_5;delta_18_1;theta_17_12;delta_17_10;alpha_18_5;theta_17_6;theta_18_3;alpha_4_5;alpha_17_12;gamma_18_5;alpha_17_6;theta_18_5;delta_18_11;gamma_1_17;alpha_18_3;delta_18_5;delta_17_2;theta_18_1;gamma_4_9;theta_17_10;alpha_16_6;beta_14_13;delta_18_17;delta_17_15;beta_17_6;delta_18_7;gamma_14_8;delta_18_4;beta_4_5;beta_7_4;gamma_7_10;alpha_18_1;beta_11_10;theta_9_5;beta_17_12;gamma_4_7;beta_17_9;gamma_14_3;beta_2_5;gamma_12_11;theta_17_2;beta_11_16;alpha_17_10;beta_18_3;theta_17_15;gamma_18_9;gamma_3_9;gamma_11_12;beta_6_5;beta_10_17;beta_18_1;beta_7_1;gamma_18_11;alpha_9_13;gamma_6_16
chb22,chb22_08,60,60,283;889;1282;291;1211;281;289;277;589;905;597;583;895;1517;972;599;1239;299;1151;962;293;595;587;305;903;273;1188;1195;295;292;286;938;1023;1115;1334;901;791;1280;1020;1528;446;1201;893;718;1102;1299;1198;1421;579;592;1336;1024;1452;1209;759;1521;1207;955;1523;1314,delta_17_12;alpha_17_6;gamma_4_9;delta_18_3;beta_18_5;delta_17_10;delta_18_1;delta_17_6;theta_17_12;alpha_18_5;theta_18_3;theta_17_6;alpha_17_12;gamma_18_5;beta_4_5;theta_18_5;gamma_1_17;delta_18_11;beta_14_13;beta_3_12;delta_18_5;theta_18_1;theta_17_10;delta_18_17;alpha_18_3;delta_17_2;beta_16_17;beta_17_6;delta_18_7;delta_18_4;delta_17_15;beta_2_5;beta_7_4;beta_12_11;gamma_7_10;alpha_18_1;alpha_11_10;gamma_4_7;beta_7_1;gamma_18_16;theta_9_5;beta_17_12;alpha_17_10;alpha_7_5;beta_11_16;gamma_5_9;beta_17_9;gamma_12_11;theta_17_2;theta_17_15;gamma_7_12;beta_7_5;gamma_14_8;beta_18_3;alpha_9_13;gamma_18_9;beta_18_1;beta_3_5;gamma_18_11;gamma_6_7
chb22,chb22_09,60,60,283;889;979;291;1211;281;589;277;289;905;632;597;895;583;1517;599;1334;299;305;1151;293;903;587;1316;273;595;1195;1188;592;1239;292;1007;1023;295;791;1421;901;446;1198;1020;1201;893;1280;972;286;1102;1282;770;1340;579;1521;1115;1024;1209;1079;1452;1207;1504;1523;759,delta_17_12;alpha_17_6;beta_4_12;delta_18_3;beta_18_5;delta_17_10;theta_17_12;delta_17_6;delta_18_1;alpha_18_5;alpha_2_5;theta_18_3;alpha_17_12;theta_17_6;gamma_18_5;theta_18_5;gamma_7_10;delta_18_11;delta_18_17;beta_14_13;delta_18_5;alpha_18_3;theta_17_10;gamma_6_9;delta_17_2;theta_18_1;beta_17_6;beta_16_17;theta_17_15;gamma_1_17;delta_18_4;beta_6_5;beta_7_4;delta_18_7;alpha_11_10;gamma_12_11;alpha_18_1;theta_9_5;beta_17_9;beta_7_1;beta_17_12;alpha_17_10;gamma_4_7;beta_4_5;delta_17_15;beta_11_16;gamma_4_9;alpha_10_6;gamma_7_16;theta_17_2;gamma_18_9;beta_12_11;beta_7_5;beta_18_3;beta_10_9;gamma_14_8;beta_18_1;gamma_17_9;gamma_18_11;alpha_9_13
chb22,chb22_10,60,60,283;1195;1319;291;905;277;1211;289;589;281;632;597;583;1517;895;299;599;889;1151;273;1282;305;293;770;595;1239;587;903;295;972;292;286;1115;734;1334;1280;791;901;752;1020;579;1102;938;1198;1481;1421;1030;1528;893;759;1024;1201;1299;1521;1523;592;1207;1314;718;1408,delta_17_12;beta_17_6;gamma_6_12;delta_18_3;alpha_18_5;delta_17_6;beta_18_5;delta_18_1;theta_17_12;delta_17_10;alpha_2_5;theta_18_3;theta_17_6;gamma_18_5;alpha_17_12;delta_18_11;theta_18_5;alpha_17_6;beta_14_13;delta_17_2;gamma_4_9;delta_18_17;delta_18_5;alpha_10_6;theta_18_1;gamma_1_17;theta_17_10;alpha_18_3;delta_18_7;beta_4_5;delta_18_4;delta_17_15;beta_12_11;alpha_8_4;gamma_7_10;gamma_4_7;alpha_11_10;alpha_18_1;alpha_9_5;beta_7_1;theta_17_2;beta_11_16;beta_2_5;beta_17_9;gamma_16_3;gamma_12_11;beta_7_12;gamma_18_16;alpha_17_10;alpha_9_13;beta_7_5;beta_17_12;gamma_5_9;gamma_18_9;gamma_18_11;theta_17_15;beta_18_1;gamma_6_7;alpha_7_5;gamma_11_16
chb22,chb22_11,60,60,283;889;291;1211;305;281;289;589;277;905;597;895;583;1517;972;996;299;599;1239;273;872;293;903;1299;587;845;595;1195;286;1280;295;292;1007;1115;1528;1334;531;1023;901;1102;1198;1201;938;1188;1282;893;579;1421;791;1020;1452;1024;592;1404;1209;1336;1504;1151;1349;718,delta_17_12;alpha_17_6;delta_18_3;beta_18_5;delta_18_17;delta_17_10;delta_18_1;theta_17_12;delta_17_6;alpha_18_5;theta_18_3;alpha_17_12;theta_17_6;gamma_18_5;beta_4_5;beta_5_12;delta_18_11;theta_18_5;gamma_1_17;delta_17_2;alpha_16_6;delta_18_5;alpha_18_3;gamma_5_9;theta_17_10;alpha_14_13;theta_18_1;beta_17_6;delta_17_15;gamma_4_7;delta_18_7;delta_18_4;beta_6_5;beta_12_11;gamma_18_16;gamma_7_10;theta_14_5;beta_7_4;alpha_18_1;beta_11_16;beta_17_9;beta_17_12;beta_2_5;beta_16_17;gamma_4_9;alpha_17_10;theta_17_2;gamma_12_11;alpha_11_10;beta_7_1;gamma_14_8;beta_7_5;theta_17_15;gamma_11_12;beta_18_3;gamma_7_12;gamma_17_9;beta_14_13;gamma_8_7;alpha_7_5
chb22,chb22_15,60,60,283;599;429;291;277;1211;589;281;289;905;583;597;1517;895;1256;889;872;299;1151;1013;293;273;1282;595;587;286;903;1195;717;295;292;972;305;1115;1464;791;901;1334;446;1020;1102;1280;579;1198;938;1201;1421;592;893;1024;1469;759;1023;1521;1516;1299;1523;1207;1404;1408,delta_17_12;theta_18_5;theta_8_5;delta_18_3;delta_17_6;beta_18_5;theta_17_12;delta_17_10;delta_18_1;alpha_18_5;theta_17_6;theta_18_3;gamma_18_5;alpha_17_12;gamma_2_17;alpha_17_6;alpha_16_6;delta_18_11;beta_14_13;beta_6_12;delta_18_5;delta_17_2;gamma_4_9;theta_18_1;theta_17_10;delta_17_15;alpha_18_3;beta_17_6;alpha_7_4;delta_18_7;delta_18_4;beta_4_5;delta_18_17;beta_12_11;gamma_15_3;alpha_11_10;alpha_18_1;gamma_7_10;theta_9_5;beta_7_1;beta_11_16;gamma_4_7;theta_17_2;beta_17_9;beta_2_5;beta_17_12;gamma_12_11;theta_17_15;alpha_17_10;beta_7_5;gamma_15_8;alpha_9_13;beta_7_4;gamma_18_9;gamma_18_4;gamma_5_9;gamma_18_11;beta_18_1;gamma_11_12;gamma_11_16
chb22,chb22_16,60,60,283;599;291;277;1211;589;281;632;289;583;905;597;895;1517;996;889;299;1282;845;293;273;595;587;903;1239;295;1188;1195;972;292;305;1115;286;1023;1280;1334;791;901;1430;796;446;1504;1020;1201;938;893;1421;579;1299;1079;1404;1024;1528;1323;1521;1207;592;1198;1523;1408,delta_17_12;theta_18_5;delta_18_3;delta_17_6;beta_18_5;theta_17_12;delta_17_10;alpha_2_5;delta_18_1;theta_17_6;alpha_18_5;theta_18_3;alpha_17_12;gamma_18_5;beta_5_12;alpha_17_6;delta_18_11;gamma_4_9;alpha_14_13;delta_18_5;delta_17_2;theta_18_1;theta_17_10;alpha_18_3;gamma_1_17;delta_18_7;beta_16_17;beta_17_6;beta_4_5;delta_18_4;delta_18_17;beta_12_11;delta_17_15;beta_7_4;gamma_4_7;gamma_7_10;alpha_11_10;alpha_18_1;gamma_13_3;alpha_11_16;theta_9_5;gamma_17_9;beta_7_1;beta_17_12;beta_2_5;alpha_17_10;gamma_12_11;theta_17_2;gamma_5_9;beta_10_9;gamma_11_12;beta_7_5;gamma_18_16;gamma_6_16;gamma_18_9;beta_18_1;theta_17_15;beta_17_9;gamma_18_11;gamma_11_16
chb22,chb22_17,60,60,1211;1523;291;283;277;281;289;589;905;632;583;597;1517;895;889;599;1283;845;1030;299;293;595;903;587;273;1282;295;1195;292;1239;305;1023;972;286;1115;901;752;1280;1528;796;1020;893;1201;938;1421;579;770;1198;791;1447;1207;1024;1209;1521;592;1151;1452;1408;1316;1340,beta_18_5;gamma_18_11;delta_18_3;delta_17_12;delta_17_6;delta_17_10;delta_18_1;theta_17_12;alpha_18_5;alpha_2_5;theta_17_6;theta_18_3;gamma_18_5;alpha_17_12;alpha_17_6;theta_18_5;gamma_4_10;alpha_14_13;beta_7_12;delta_18_11;delta_18_5;theta_18_1;alpha_18_3;theta_17_10;delta_17_2;gamma_4_9;delta_18_7;beta_17_6;delta_18_4;gamma_1_17;delta_18_17;beta_7_4;beta_4_5;delta_17_15;beta_12_11;alpha_18_1;alpha_9_5;gamma_4_7;gamma_18_16;alpha_11_16;beta_7_1;alpha_17_10;beta_17_12;beta_2_5;gamma_12_11;theta_17_2;alpha_10_6;beta_17_9;alpha_11_10;gamma_14_3;beta_18_1;beta_7_5;beta_18_3;gamma_18_9;theta_17_15;beta_14_13;gamma_14_8;gamma_11_16;gamma_6_9;gamma_7_16
chb22,chb22_18,60,60,283;599;291;277;1211;589;281;289;1007;583;905;597;895;1013;1517;889;845;299;293;1265;273;903;587;595;286;305;1239;791;1195;1280;446;295;292;972;1115;1023;1334;901;1102;1201;1020;872;1504;1421;1079;579;938;893;592;1209;1282;1404;1528;718;1521;1340;1377;1523;1408;1151,delta_17_12;theta_18_5;delta_18_3;delta_17_6;beta_18_5;theta_17_12;delta_17_10;delta_18_1;beta_6_5;theta_17_6;alpha_18_5;theta_18_3;alpha_17_12;beta_6_12;gamma_18_5;alpha_17_6;alpha_14_13;delta_18_11;delta_18_5;gamma_3_9;delta_17_2;alpha_18_3;theta_17_10;theta_18_1;delta_17_15;delta_18_17;gamma_1_17;alpha_11_10;beta_17_6;gamma_4_7;theta_9_5;delta_18_7;delta_18_4;beta_4_5;beta_12_11;beta_7_4;gamma_7_10;alpha_18_1;beta_11_16;beta_17_12;beta_7_1;alpha_16_6;gamma_17_9;gamma_12_11;beta_10_9;theta_17_2;beta_2_5;alpha_17_10;theta_17_15;beta_18_3;gamma_4_9;gamma_11_12;gamma_18_16;alpha_7_5;gamma_18_9;gamma_7_16;gamma_10_1;gamma_18_11;gamma_11_16;beta_14_13
chb22,chb22_19,60,60,1211;326;291;283;277;281;289;589;905;583;597;895;1517;889;599;1334;299;305;845;903;293;1282;587;286;595;273;1239;882;1195;972;1115;996;292;295;446;1023;901;791;1452;1504;938;1201;893;1280;1421;592;796;1209;1020;579;1299;1024;1528;1447;1079;1198;1151;1523;1207;955,beta_18_5;theta_2_5;delta_18_3;delta_17_12;delta_17_6;delta_17_10;delta_18_1;theta_17_12;alpha_18_5;theta_17_6;theta_18_3;alpha_17_12;gamma_18_5;alpha_17_6;theta_18_5;gamma_7_10;delta_18_11;delta_18_17;alpha_14_13;alpha_18_3;delta_18_5;gamma_4_9;theta_17_10;delta_17_15;theta_18_1;delta_17_2;gamma_1_17;alpha_16_17;beta_17_6;beta_4_5;beta_12_11;beta_5_12;delta_18_4;delta_18_7;theta_9_5;beta_7_4;alpha_18_1;alpha_11_10;gamma_14_8;gamma_17_9;beta_2_5;beta_17_12;alpha_17_10;gamma_4_7;gamma_12_11;theta_17_15;alpha_11_16;beta_18_3;beta_7_1;theta_17_2;gamma_5_9;beta_7_5;gamma_18_16;gamma_14_3;beta_10_9;beta_17_9;beta_14_13;gamma_18_11;beta_18_1;beta_3_5
chb22,chb22_20,20,20,1211;903;283;972;277;291;905;589;281;1517;289;583;895;599;1317;597;889;293;747;930,beta_18_5;alpha_18_3;delta_17_12;beta_4_5;delta_17_6;delta_18_3;alpha_18_5;theta_17_12;delta_17_10;gamma_18_5;delta_18_1;theta_17_6;alpha_17_12;theta_18_5;gamma_6_10;theta_18_3;alpha_17_6;delta_18_5;alpha_8_18;beta_1_14
chb22,chb22_21,60,60,283;1261;291;277;1211;289;589;281;1013;905;583;597;895;1517;889;299;845;599;1248;804;595;293;1239;903;632;587;273;1195;292;305;295;286;1334;1023;791;901;1421;972;1528;752;1201;1280;1198;1086;1115;938;579;1447;893;592;1282;1102;1207;1020;1079;1209;1523;1452;1024;1521,delta_17_12;gamma_3_5;delta_18_3;delta_17_6;beta_18_5;delta_18_1;theta_17_12;delta_17_10;beta_6_12;alpha_18_5;theta_17_6;theta_18_3;alpha_17_12;gamma_18_5;alpha_17_6;delta_18_11;alpha_14_13;theta_18_5;gamma_2_9;alpha_12_6;theta_18_1;delta_18_5;gamma_1_17;alpha_18_3;alpha_2_5;theta_17_10;delta_17_2;beta_17_6;delta_18_4;delta_18_17;delta_18_7;delta_17_15;gamma_7_10;beta_7_4;alpha_11_10;alpha_18_1;gamma_12_11;beta_4_5;gamma_18_16;alpha_9_5;beta_17_12;gamma_4_7;beta_17_9;beta_10_17;beta_12_11;beta_2_5;theta_17_2;gamma_14_3;alpha_17_10;theta_17_15;gamma_4_9;beta_11_16;beta_18_1;beta_7_1;beta_10_9;beta_18_3;gamma_18_11;gamma_14_8;beta_7_5;gamma_18_9
chb22,chb22_22,60,60,283;1402;666;277;291;1211;289;589;281;905;583;597;996;895;1517;889;299;599;1265;273;595;293;1239;903;587;793;1188;305;292;1195;286;295;972;791;901;1334;446;1115;1023;1452;1280;1528;579;1007;1201;1198;1282;1421;893;1020;1207;592;1102;1024;1447;1151;1209;1340;1523;770,delta_17_12;gamma_11_9;alpha_4_5;delta_17_6;delta_18_3;beta_18_5;delta_18_1;theta_17_12;delta_17_10;alpha_18_5;theta_17_6;theta_18_3;beta_5_12;alpha_17_12;gamma_18_5;alpha_17_6;delta_18_11;theta_18_5;gamma_3_9;delta_17_2;theta_18_1;delta_18_5;gamma_1_17;alpha_18_3;theta_17_10;alpha_11_13;beta_16_17;delta_18_17;delta_18_4;beta_17_6;delta_17_15;delta_18_7;beta_4_5;alpha_11_10;alpha_18_1;gamma_7_10;theta_9_5;beta_12_11;beta_7_4;gamma_14_8;gamma_4_7;gamma_18_16;theta_17_2;beta_6_5;beta_17_12;beta_17_9;gamma_4_9;gamma_12_11;alpha_17_10;beta_7_1;beta_18_1;theta_17_15;beta_11_16;beta_7_5;gamma_14_3;beta_14_13;beta_18_3;gamma_7_16;gamma_18_11;alpha_10_6
chb22,chb22_23,60,60,283;599;291;309;277;1211;589;281;289;1239;905;583;597;1517;895;1282;889;299;1030;293;1151;273;903;587;595;791;305;292;972;1195;286;1115;295;446;1023;1334;901;1020;1102;938;1421;1201;1299;1280;1079;1521;1024;579;893;1323;592;1404;1209;780;1198;1523;759;955;1182;1207,delta_17_12;theta_18_5;delta_18_3;theta_1_5;delta_17_6;beta_18_5;theta_17_12;delta_17_10;delta_18_1;gamma_1_17;alpha_18_5;theta_17_6;theta_18_3;gamma_18_5;alpha_17_12;gamma_4_9;alpha_17_6;delta_18_11;beta_7_12;delta_18_5;beta_14_13;delta_17_2;alpha_18_3;theta_17_10;theta_18_1;alpha_11_10;delta_18_17;delta_18_4;beta_4_5;beta_17_6;delta_17_15;beta_12_11;delta_18_7;theta_9_5;beta_7_4;gamma_7_10;alpha_18_1;beta_7_1;beta_11_16;beta_2_5;gamma_12_11;beta_17_12;gamma_5_9;gamma_4_7;beta_10_9;gamma_18_9;beta_7_5;theta_17_2;alpha_17_10;gamma_6_16;theta_17_15;gamma_11_12;beta_18_3;alpha_10_17;beta_17_9;gamma_18_11;alpha_9_13;beta_3_5;beta_16_10;beta_18_1
chb22,chb22_24,60,60,283;889;291;1211;281;289;277;589;905;597;583;895;1035;1517;1282;599;299;305;972;273;293;845;1030;903;587;595;872;1195;292;286;791;1452;1421;1007;1023;1528;295;1334;1280;446;901;1020;1504;1201;1102;718;579;893;1115;592;1079;1265;1024;1521;1188;1209;1523;1198;1349;1151,delta_17_12;alpha_17_6;delta_18_3;beta_18_5;delta_17_10;delta_18_1;delta_17_6;theta_17_12;alpha_18_5;theta_18_3;theta_17_6;alpha_17_12;beta_7_17;gamma_18_5;gamma_4_9;theta_18_5;delta_18_11;delta_18_17;beta_4_5;delta_17_2;delta_18_5;alpha_14_13;beta_7_12;alpha_18_3;theta_17_10;theta_18_1;alpha_16_6;beta_17_6;delta_18_4;delta_17_15;alpha_11_10;gamma_14_8;gamma_12_11;beta_6_5;beta_7_4;gamma_18_16;delta_18_7;gamma_7_10;gamma_4_7;theta_9_5;alpha_18_1;beta_7_1;gamma_17_9;beta_17_12;beta_11_16;alpha_7_5;theta_17_2;alpha_17_10;beta_12_11;theta_17_15;beta_10_9;gamma_3_9;beta_7_5;gamma_18_9;beta_16_17;beta_18_3;gamma_18_11;beta_17_9;gamma_8_7;beta_14_13
chb22,chb22_25,40,40,1211;291;962;277;283;281;905;289;589;583;597;299;1517;889;1007;599;895;273;1469;293;903;587;1282;793;1195;595;305;1239;1494;292;579;974;295;1023;972;893;787;605;901;278,beta_18_5;delta_18_3;beta_3_12;delta_17_6;delta_17_12;delta_17_10;alpha_18_5;delta_18_1;theta_17_12;theta_17_6;theta_18_3;delta_18_11;gamma_18_5;alpha_17_6;beta_6_5;theta_18_5;alpha_17_12;delta_17_2;gamma_15_8;delta_18_5;alpha_18_3;theta_17_10;gamma_4_9;alpha_11_13;beta_17_6;theta_18_1;delta_18_17;gamma_1_17;gamma_16_17;delta_18_4;theta_17_2;beta_4_7;delta_18_7;beta_7_4;beta_4_5;alpha_17_10;alpha_11_6;theta_18_11;alpha_18_1;delta_17_7
chb22,chb22_26,60,60,283;1041;905;291;277;1211;589;281;289;583;597;895;1517;889;962;599;1188;299;793;273;1282;293;903;587;1239;595;446;1195;305;295;286;292;972;1115;1023;901;791;1020;1334;1280;1201;796;1198;579;1079;1421;938;893;1430;1404;1209;1521;592;1340;1265;1024;1151;1523;1207;1349,delta_17_12;beta_8_5;alpha_18_5;delta_18_3;delta_17_6;beta_18_5;theta_17_12;delta_17_10;delta_18_1;theta_17_6;theta_18_3;alpha_17_12;gamma_18_5;alpha_17_6;beta_3_12;theta_18_5;beta_16_17;delta_18_11;alpha_11_13;delta_17_2;gamma_4_9;delta_18_5;alpha_18_3;theta_17_10;gamma_1_17;theta_18_1;theta_9_5;beta_17_6;delta_18_17;delta_18_7;delta_17_15;delta_18_4;beta_4_5;beta_12_11;beta_7_4;alpha_18_1;alpha_11_10;beta_7_1;gamma_7_10;gamma_4_7;beta_17_12;alpha_11_16;beta_17_9;theta_17_2;beta_10_9;gamma_12_11;beta_2_5;alpha_17_10;gamma_13_3;gamma_11_12;beta_18_3;gamma_18_9;theta_17_15;gamma_7_16;gamma_3_9;beta_7_5;beta_14_13;gamma_18_11;beta_18_1;gamma_8_7
chb22,chb22_27,60,60,283;889;291;905;1334;1211;632;589;277;289;281;597;583;895;1517;599;299;1030;793;293;595;1282;587;273;903;295;592;1195;804;292;1239;972;305;791;1115;1280;901;935;286;1201;1023;1102;938;1421;579;1198;1079;893;1299;1430;1340;1024;446;1528;1151;1404;1209;1523;1349;1007,delta_17_12;alpha_17_6;delta_18_3;alpha_18_5;gamma_7_10;beta_18_5;alpha_2_5;theta_17_12;delta_17_6;delta_18_1;delta_17_10;theta_18_3;theta_17_6;alpha_17_12;gamma_18_5;theta_18_5;delta_18_11;beta_7_12;alpha_11_13;delta_18_5;theta_18_1;gamma_4_9;theta_17_10;delta_17_2;alpha_18_3;delta_18_7;theta_17_15;beta_17_6;alpha_12_6;delta_18_4;gamma_1_17;beta_4_5;delta_18_17;alpha_11_10;beta_12_11;gamma_4_7;alpha_18_1;beta_2_1;delta_17_15;beta_17_12;beta_7_4;beta_11_16;beta_2_5;gamma_12_11;theta_17_2;beta_17_9;beta_10_9;alpha_17_10;gamma_5_9;gamma_13_3;gamma_7_16;beta_7_5;theta_9_5;gamma_18_16;beta_14_13;gamma_11_12;beta_18_3;gamma_18_11;gamma_8_7;beta_6_5
chb22,chb22_28,60,60,283;1041;905;291;277;1211;589;289;281;583;597;845;1517;895;1239;299;889;599;1452;996;293;903;1265;273;595;587;305;286;1195;295;972;292;872;1334;1115;717;901;1020;864;1188;1201;1280;938;791;1421;1430;1198;592;446;579;1282;893;1209;1151;1404;1323;1024;1207;1523;1102,delta_17_12;beta_8_5;alpha_18_5;delta_18_3;delta_17_6;beta_18_5;theta_17_12;delta_18_1;delta_17_10;theta_17_6;theta_18_3;alpha_14_13;gamma_18_5;alpha_17_12;gamma_1_17;delta_18_11;alpha_17_6;theta_18_5;gamma_14_8;beta_5_12;delta_18_5;alpha_18_3;gamma_3_9;delta_17_2;theta_18_1;theta_17_10;delta_18_17;delta_17_15;beta_17_6;delta_18_7;beta_4_5;delta_18_4;alpha_16_6;gamma_7_10;beta_12_11;alpha_7_4;alpha_18_1;beta_7_1;alpha_15_16;beta_16_17;beta_17_12;gamma_4_7;beta_2_5;alpha_11_10;gamma_12_11;gamma_13_3;beta_17_9;theta_17_15;theta_9_5;theta_17_2;gamma_4_9;alpha_17_10;beta_18_3;beta_14_13;gamma_11_12;gamma_6_16;beta_7_5;beta_18_1;gamma_18_11;beta_11_16
chb22,chb22_29,60,60,283;889;291;1211;1273;281;589;277;289;905;632;597;895;583;1517;599;1030;299;273;793;293;903;1282;587;770;595;286;295;1195;972;292;305;1023;791;1421;1201;901;1020;446;1334;1280;1504;938;796;579;592;893;1452;1528;1079;1115;1299;1024;1209;1188;1521;1336;1102;1523;1207,delta_17_12;alpha_17_6;delta_18_3;beta_18_5;gamma_3_17;delta_17_10;theta_17_12;delta_17_6;delta_18_1;alpha_18_5;alpha_2_5;theta_18_3;alpha_17_12;theta_17_6;gamma_18_5;theta_18_5;beta_7_12;delta_18_11;delta_17_2;alpha_11_13;delta_18_5;alpha_18_3;gamma_4_9;theta_17_10;alpha_10_6;theta_18_1;delta_17_15;delta_18_7;beta_17_6;beta_4_5;delta_18_4;delta_18_17;beta_7_4;alpha_11_10;gamma_12_11;beta_17_12;alpha_18_1;beta_7_1;theta_9_5;gamma_7_10;gamma_4_7;gamma_17_9;beta_2_5;alpha_11_16;theta_17_2;theta_17_15;alpha_17_10;gamma_14_8;gamma_18_16;beta_10_9;beta_12_11;gamma_5_9;beta_7_5;beta_18_3;beta_16_17;gamma_18_9;gamma_7_12;beta_11_16;gamma_18_11;beta_18_1
chb22,chb22_30,60,60,283;587;291;1211;277;589;289;632;905;583;597;895;281;1517;1334;889;299;599;793;903;1013;305;293;595;1299;273;1195;972;592;292;791;295;1273;1528;1421;901;446;1201;1023;1452;1198;938;1280;286;1188;796;1282;1020;893;1209;1115;1447;579;1151;1024;1521;1207;1523;1323;1404,delta_17_12;theta_17_10;delta_18_3;beta_18_5;delta_17_6;theta_17_12;delta_18_1;alpha_2_5;alpha_18_5;theta_17_6;theta_18_3;alpha_17_12;delta_17_10;gamma_18_5;gamma_7_10;alpha_17_6;delta_18_11;theta_18_5;alpha_11_13;alpha_18_3;beta_6_12;delta_18_17;delta_18_5;theta_18_1;gamma_5_9;delta_17_2;beta_17_6;beta_4_5;theta_17_15;delta_18_4;alpha_11_10;delta_18_7;gamma_3_17;gamma_18_16;gamma_12_11;alpha_18_1;theta_9_5;beta_17_12;beta_7_4;gamma_14_8;beta_17_9;beta_2_5;gamma_4_7;delta_17_15;beta_16_17;alpha_11_16;gamma_4_9;beta_7_1;alpha_17_10;beta_18_3;beta_12_11;gamma_14_3;theta_17_2;beta_14_13;beta_7_5;gamma_18_9;beta_18_1;gamma_18_11;gamma_6_16;gamma_11_12
chb22,chb22_38,20,20,283;583;1255;289;291;1211;1035;589;281;305;277;895;1430;286;905;1151;597;972;889;299,delta_17_12;theta_17_6;gamma_2_16;delta_18_1;delta_18_3;beta_18_5;beta_7_17;theta_17_12;delta_17_10;delta_18_17;delta_17_6;alpha_17_12;gamma_13_3;delta_17_15;alpha_18_5;beta_14_13;theta_18_3;beta_4_5;alpha_17_6;delta_18_11
chb22,chb22_51,60,60,283;889;291;1211;281;289;277;589;905;597;1283;895;583;1517;1007;299;599;845;903;293;717;595;587;273;1282;292;592;1195;295;1336;1239;305;972;1115;901;1430;1280;446;1097;1528;1102;1201;938;286;893;579;1421;1209;1188;1207;1079;1504;1299;1020;1024;979;1523;1349;1151;718,delta_17_12;alpha_17_6;delta_18_3;beta_18_5;delta_17_10;delta_18_1;delta_17_6;theta_17_12;alpha_18_5;theta_18_3;gamma_4_10;alpha_17_12;theta_17_6;gamma_18_5;beta_6_5;delta_18_11;theta_18_5;alpha_14_13;alpha_18_3;delta_18_5;alpha_7_4;theta_18_1;theta_17_10;delta_17_2;gamma_4_9;delta_18_4;theta_17_15;beta_17_6;delta_18_7;gamma_7_12;gamma_1_17;delta_18_17;beta_4_5;beta_12_11;alpha_18_1;gamma_13_3;gamma_4_7;theta_9_5;beta_11_10;gamma_18_16;beta_11_16;beta_17_12;beta_2_5;delta_17_15;alpha_17_10;theta_17_2;gamma_12_11;beta_18_3;beta_16_17;beta_18_1;beta_10_9;gamma_17_9;gamma_5_9;beta_7_1;beta_7_5;beta_4_12;gamma_18_11;gamma_8_7;beta_14_13;alpha_7_5
chb22,chb22_54,60,60,283;1330;291;277;289;1211;589;597;281;905;583;895;1334;595;1517;903;889;292;599;299;901;1151;273;996;615;293;587;1188;286;1207;1239;1195;1209;305;1282;295;579;1041;446;1115;1023;1280;1201;272;791;1198;1516;972;893;885;592;796;1421;1265;1079;1020;1404;1521;1030;1007,delta_17_12;gamma_7_5;delta_18_3;delta_17_6;delta_18_1;beta_18_5;theta_17_12;theta_18_3;delta_17_10;alpha_18_5;theta_17_6;alpha_17_12;gamma_7_10;theta_18_1;gamma_18_5;alpha_18_3;alpha_17_6;delta_18_4;theta_18_5;delta_18_11;alpha_18_1;beta_14_13;delta_17_2;beta_5_12;alpha_1_5;delta_18_5;theta_17_10;beta_16_17;delta_17_15;beta_18_1;gamma_1_17;beta_17_6;beta_18_3;delta_18_17;gamma_4_9;delta_18_7;theta_17_2;beta_8_5;theta_9_5;beta_12_11;beta_7_4;gamma_4_7;beta_17_12;delta_17_1;alpha_11_10;beta_17_9;gamma_18_4;beta_4_5;alpha_17_10;alpha_17_2;theta_17_15;alpha_11_16;gamma_12_11;gamma_3_9;beta_10_9;beta_7_1;gamma_11_12;gamma_18_9;beta_7_12;beta_6_5
chb22,chb22_77,60,60,283;587;291;1211;277;589;289;905;1273;583;895;597;281;1517;972;889;299;292;599;793;1030;1299;293;595;1452;903;592;804;273;1195;1023;305;1115;1334;1007;1280;1528;295;901;791;446;286;1201;1282;1198;718;893;1421;579;1102;1079;1020;279;1207;938;1151;1188;1323;1404;1523,delta_17_12;theta_17_10;delta_18_3;beta_18_5;delta_17_6;theta_17_12;delta_18_1;alpha_18_5;gamma_3_17;theta_17_6;alpha_17_12;theta_18_3;delta_17_10;gamma_18_5;beta_4_5;alpha_17_6;delta_18_11;delta_18_4;theta_18_5;alpha_11_13;beta_7_12;gamma_5_9;delta_18_5;theta_18_1;gamma_14_8;alpha_18_3;theta_17_15;alpha_12_6;delta_17_2;beta_17_6;beta_7_4;delta_18_17;beta_12_11;gamma_7_10;beta_6_5;gamma_4_7;gamma_18_16;delta_18_7;alpha_18_1;alpha_11_10;theta_9_5;delta_17_15;beta_17_12;gamma_4_9;beta_17_9;alpha_7_5;alpha_17_10;gamma_12_11;theta_17_2;beta_11_16;beta_10_9;beta_7_1;delta_17_8;beta_18_1;beta_2_5;beta_14_13;beta_16_17;gamma_6_16;gamma_11_12;gamma_18_11
chb23,chb23_06,40,40,299;1408;580;668;1516;274;281;305;915;278;273;605;1051;279;993;1421;295;1409;1348;1142;290;1190;1403;1221;1329;1281;1349;1404;293;291;1519;969;579;1336;886;1401;127;1523;1210;1513,delta_18_11;gamma_11_16;theta_17_3;alpha_4_7;gamma_18_4;delta_17_3;delta_17_10;delta_18_17;alpha_18_15;delta_17_7;delta_17_2;theta_18_11;beta_8_16;delta_17_8;beta_5_9;gamma_12_11;delta_18_7;gamma_11_17;gamma_8_6;beta_14_4;delta_18_2;beta_17_1;gamma_11_10;beta_18_15;gamma_7_4;gamma_4_8;gamma_8_7;gamma_11_12;delta_18_5;delta_18_3;gamma_18_7;beta_4_1;theta_17_2;gamma_7_12;alpha_17_3;gamma_11_8;delta_8_10;gamma_18_11;beta_18_4;gamma_18_1
chb23,chb23_07,40,40,299;1312;274;281;113;305;278;1516;915;605;580;1401;276;295;1421;974;273;1519;279;1348;290;1426;1512;1281;1404;293;1496;1403;291;1221;1336;969;1299;104;1210;1414;1523;1349;611;886,delta_18_11;gamma_6_4;delta_17_3;delta_17_10;delta_7_13;delta_18_17;delta_17_7;gamma_18_4;alpha_18_15;theta_18_11;theta_17_3;gamma_11_8;delta_17_5;delta_18_7;gamma_12_11;beta_4_7;delta_17_2;gamma_18_7;delta_17_8;gamma_8_6;delta_18_2;gamma_12_17;gamma_17_18;gamma_4_8;gamma_11_12;delta_18_5;gamma_17_1;gamma_11_10;delta_18_3;beta_18_15;gamma_7_12;beta_4_1;gamma_5_9;delta_7_3;beta_18_4;gamma_12_4;gamma_18_11;gamma_8_7;theta_18_17;alpha_17_3
chb23,chb23_08,40,40,299;886;1516;281;1014;274;305;1421;1519;605;1401;278;974;276;279;291;1336;295;1477;1348;273;1512;1404;1496;1281;580;297;1403;1430;290;915;976;1414;53;1210;1405;1199;1523;1354;1408,delta_18_11;alpha_17_3;gamma_18_4;delta_17_10;beta_6_13;delta_17_3;delta_18_17;gamma_12_11;gamma_18_7;theta_18_11;gamma_11_8;delta_17_7;beta_4_7;delta_17_5;delta_17_8;delta_18_3;gamma_7_12;delta_18_7;gamma_15_17;gamma_8_6;delta_17_2;gamma_17_18;gamma_11_12;gamma_17_1;gamma_4_8;theta_17_3;delta_18_9;gamma_11_10;gamma_13_3;delta_18_2;alpha_18_15;beta_4_9;gamma_12_4;delta_4_3;beta_18_4;gamma_11_13;beta_17_10;gamma_18_11;gamma_8_13;gamma_11_16
chb23,chb23_09,40,40,299;1513;580;297;1176;295;611;274;605;281;276;1516;915;278;1014;1421;1512;1460;1408;1187;290;293;1519;305;279;104;587;1221;273;1401;601;974;284;976;1206;609;1348;1216;584;596,delta_18_11;gamma_18_1;theta_17_3;delta_18_9;beta_16_4;delta_18_7;theta_18_17;delta_17_3;theta_18_11;delta_17_10;delta_17_5;gamma_18_4;alpha_18_15;delta_17_7;beta_6_13;gamma_12_11;gamma_17_18;gamma_14_17;gamma_11_16;beta_16_15;delta_18_2;delta_18_5;gamma_18_7;delta_18_17;delta_17_8;delta_7_3;theta_17_10;beta_18_15;delta_17_2;gamma_11_8;theta_18_7;beta_4_7;delta_17_13;beta_4_9;beta_17_18;theta_18_15;gamma_8_6;beta_18_10;theta_17_7;theta_18_2
chb23,chb23_10,40,40,299;281;274;1512;1519;278;1516;605;580;1014;1401;915;276;295;974;273;305;1421;279;1348;290;1426;1496;1404;1505;1336;291;293;1403;1221;104;587;611;969;1329;1523;886;1408;297;980,delta_18_11;delta_17_10;delta_17_3;gamma_17_18;gamma_18_7;delta_17_7;gamma_18_4;theta_18_11;theta_17_3;beta_6_13;gamma_11_8;alpha_18_15;delta_17_5;delta_18_7;beta_4_7;delta_17_2;delta_18_17;gamma_12_11;delta_17_8;gamma_8_6;delta_18_2;gamma_12_17;gamma_17_1;gamma_11_12;gamma_17_10;gamma_7_12;delta_18_3;delta_18_5;gamma_11_10;beta_18_15;delta_7_3;theta_17_10;theta_18_17;beta_4_1;gamma_7_4;gamma_18_11;alpha_17_3;gamma_11_16;delta_18_9;beta_4_13
chb23,chb23_16,40,40,299;1280;274;1513;281;1014;276;1519;915;605;580;1516;295;293;1426;305;273;1401;278;1421;1336;1348;291;1512;279;104;1404;290;1221;1403;1496;1281;976;599;974;1523;886;1414;1408;1329,delta_18_11;gamma_4_7;delta_17_3;gamma_18_1;delta_17_10;beta_6_13;delta_17_5;gamma_18_7;alpha_18_15;theta_18_11;theta_17_3;gamma_18_4;delta_18_7;delta_18_5;gamma_12_17;delta_18_17;delta_17_2;gamma_11_8;delta_17_7;gamma_12_11;gamma_7_12;gamma_8_6;delta_18_3;gamma_17_18;delta_17_8;delta_7_3;gamma_11_12;delta_18_2;beta_18_15;gamma_11_10;gamma_17_1;gamma_4_8;beta_4_9;theta_18_5;beta_4_7;gamma_18_11;alpha_17_3;gamma_12_4;gamma_11_16;gamma_7_4
chb23,chb23_17,40,40,299;1521;274;1210;917;281;1421;278;915;1519;276;605;580;1031;1401;273;1349;295;1516;1512;290;1348;293;279;1426;1221;1404;1496;1336;104;291;1403;305;1523;886;1329;1281;599;1414;974,delta_18_11;gamma_18_9;delta_17_3;beta_18_4;alpha_18_17;delta_17_10;gamma_12_11;delta_17_7;alpha_18_15;gamma_18_7;delta_17_5;theta_18_11;theta_17_3;beta_7_13;gamma_11_8;delta_17_2;gamma_8_7;delta_18_7;gamma_18_4;gamma_17_18;delta_18_2;gamma_8_6;delta_18_5;delta_17_8;gamma_12_17;beta_18_15;gamma_11_12;gamma_17_1;gamma_7_12;delta_7_3;delta_18_3;gamma_11_10;delta_18_17;gamma_18_11;alpha_17_3;gamma_7_4;gamma_4_8;theta_18_5;gamma_12_4;beta_4_7
chb23,chb23_19,40,40,299;1282;274;1512;281;605;1516;278;1404;580;293;295;1426;915;290;974;305;18;273;1421;1519;1348;279;276;1401;1329;1014;291;911;1403;1496;969;1281;1414;1221;1336;127;1408;599;1349,delta_18_11;gamma_4_9;delta_17_3;gamma_17_18;delta_17_10;theta_18_11;gamma_18_4;delta_17_7;gamma_11_12;theta_17_3;delta_18_5;delta_18_7;gamma_12_17;alpha_18_15;delta_18_2;beta_4_7;delta_18_17;delta_2_3;delta_17_2;gamma_12_11;gamma_18_7;gamma_8_6;delta_17_8;delta_17_5;gamma_11_8;gamma_7_4;beta_6_13;delta_18_3;alpha_18_11;gamma_11_10;gamma_17_1;beta_4_1;gamma_4_8;gamma_12_4;beta_18_15;gamma_7_12;delta_8_10;gamma_11_16;theta_18_5;gamma_8_7
chb23,chb23_20,40,40,299;1519;274;281;611;1316;278;1516;605;580;1401;915;1349;295;276;273;1421;1336;279;1348;1014;290;1403;1404;293;1512;1496;291;53;305;1281;1426;297;969;1221;1408;1523;974;1414;1210,delta_18_11;gamma_18_7;delta_17_3;delta_17_10;theta_18_17;gamma_6_9;delta_17_7;gamma_18_4;theta_18_11;theta_17_3;gamma_11_8;alpha_18_15;gamma_8_7;delta_18_7;delta_17_5;delta_17_2;gamma_12_11;gamma_7_12;delta_17_8;gamma_8_6;beta_6_13;delta_18_2;gamma_11_10;gamma_11_12;delta_18_5;gamma_17_18;gamma_17_1;delta_18_3;delta_4_3;delta_18_17;gamma_4_8;gamma_12_17;delta_18_9;beta_4_1;beta_18_15;gamma_11_16;gamma_18_11;beta_4_7;gamma_12_4;beta_18_4
chb24,chb24_01,80,80,1508;905;1495;1501;1497;1202;902;1190;914;1222;1194;1204;1520;884;1195;1496;1191;1210;1500;1506;1220;888;1528;596;1510;896;1524;915;904;1504;898;1219;1516;1208;578;582;1200;885;1316;886;1221;608;1198;916;1203;599;1529;1525;1192;1509;1527;889;901;1291;592;293;593;1094;288;1207;580;1218;590;610;290;1255;1214;1522;1223;609;598;893;518;276;1498;594;1461;1322;1216;579,gamma_17_13;alpha_18_5;gamma_16_18;gamma_17_6;gamma_17_2;beta_17_13;alpha_18_2;beta_17_1;alpha_18_14;beta_18_16;beta_17_5;beta_17_15;gamma_18_8;alpha_17_1;beta_17_6;gamma_17_1;beta_17_2;beta_18_4;gamma_17_5;gamma_17_11;beta_18_14;alpha_17_5;gamma_18_16;theta_18_2;gamma_17_15;alpha_17_13;gamma_18_12;alpha_18_15;alpha_18_4;gamma_17_9;alpha_17_15;beta_18_13;gamma_18_4;beta_18_2;theta_17_1;theta_17_5;beta_17_11;alpha_17_2;gamma_6_9;alpha_17_3;beta_18_15;theta_18_14;beta_17_9;alpha_18_16;beta_17_14;theta_18_5;gamma_18_17;gamma_18_13;beta_17_3;gamma_17_14;gamma_18_15;alpha_17_6;alpha_18_1;gamma_4_18;theta_17_15;delta_18_5;theta_17_16;beta_11_7;delta_17_18;beta_18_1;theta_17_3;beta_18_12;theta_17_13;theta_18_16;delta_18_2;gamma_2_16;beta_18_8;gamma_18_10;beta_18_17;theta_18_15;theta_18_4;alpha_17_10;theta_13_9;delta_17_5;gamma_17_3;theta_17_18;gamma_14_18;gamma_6_15;beta_18_10;theta_17_2
chb24,chb24_02,100,100,1508;1211;1174;1501;902;1506;1202;1500;1190;1204;1497;1520;914;1195;1496;1222;884;1194;596;898;1510;1524;1220;888;1210;896;1191;915;1427;1528;1208;904;1504;578;1200;1529;1516;582;1219;1203;592;599;1509;885;1221;608;1299;1525;594;1198;916;889;1207;1192;1223;905;1214;886;1094;901;609;593;1527;293;590;290;1218;584;1522;580;1498;1291;598;1340;893;610;1216;1115;276;288;890;579;1461;899;1400;518;1199;1512;1322;1102;897;892;1420;1350;1183;1040;1513;900;402;1519,gamma_17_13;beta_18_5;beta_16_2;gamma_17_6;alpha_18_2;gamma_17_11;beta_17_13;gamma_17_5;beta_17_1;beta_17_15;gamma_17_2;gamma_18_8;alpha_18_14;beta_17_6;gamma_17_1;beta_18_16;alpha_17_1;beta_17_5;theta_18_2;alpha_17_15;gamma_17_15;gamma_18_12;beta_18_14;alpha_17_5;beta_18_4;alpha_17_13;beta_17_2;alpha_18_15;gamma_12_18;gamma_18_16;beta_18_2;alpha_18_4;gamma_17_9;theta_17_1;beta_17_11;gamma_18_17;gamma_18_4;theta_17_5;beta_18_13;beta_17_14;theta_17_15;theta_18_5;gamma_17_14;alpha_17_2;beta_18_15;theta_18_14;gamma_5_9;gamma_18_13;theta_17_18;beta_17_9;alpha_18_16;alpha_17_6;beta_18_1;beta_17_3;beta_18_17;alpha_18_5;beta_18_8;alpha_17_3;beta_11_7;alpha_18_1;theta_18_15;theta_17_16;gamma_18_15;delta_18_5;theta_17_13;delta_18_2;beta_18_12;theta_17_7;gamma_18_10;theta_17_3;gamma_17_3;gamma_4_18;theta_18_4;gamma_7_16;alpha_17_10;theta_18_16;beta_18_10;beta_12_11;delta_17_5;delta_17_18;alpha_17_7;theta_17_2;gamma_14_18;alpha_17_16;gamma_11_7;theta_13_9;beta_17_10;gamma_17_18;gamma_6_15;beta_11_16;alpha_17_14;alpha_17_9;gamma_12_10;gamma_8_9;beta_16_11;beta_8_4;gamma_18_1;alpha_17_18;theta_6_13;gamma_18_7
chb24,chb24_03,100,100,1508;674;1501;1170;1506;902;1202;905;1497;1496;1520;914;1194;1204;1190;904;1195;1524;1500;1220;1191;596;888;884;915;1510;1210;1222;896;898;1504;1208;1219;1461;1528;582;1200;1207;1516;1509;885;599;1105;1203;1221;1198;608;1192;578;1214;901;1525;593;1094;293;886;592;1350;1223;584;889;290;609;1216;598;580;1340;1498;1291;916;1115;1527;590;276;1529;1062;890;1218;1512;892;899;1522;579;594;1322;1400;1420;1478;518;1513;1040;297;1211;897;1299;935;893;1183;1102;1515,gamma_17_13;alpha_4_13;gamma_17_6;beta_15_16;gamma_17_11;alpha_18_2;beta_17_13;alpha_18_5;gamma_17_2;gamma_17_1;gamma_18_8;alpha_18_14;beta_17_5;beta_17_15;beta_17_1;alpha_18_4;beta_17_6;gamma_18_12;gamma_17_5;beta_18_14;beta_17_2;theta_18_2;alpha_17_5;alpha_17_1;alpha_18_15;gamma_17_15;beta_18_4;beta_18_16;alpha_17_13;alpha_17_15;gamma_17_9;beta_18_2;beta_18_13;gamma_14_18;gamma_18_16;theta_17_5;beta_17_11;beta_18_1;gamma_18_4;gamma_17_14;alpha_17_2;theta_18_5;beta_12_1;beta_17_14;beta_18_15;beta_17_9;theta_18_14;beta_17_3;theta_17_1;beta_18_8;alpha_18_1;gamma_18_13;theta_17_16;beta_11_7;delta_18_5;alpha_17_3;theta_17_15;gamma_8_9;beta_18_17;theta_17_7;alpha_17_6;delta_18_2;theta_18_15;beta_18_10;theta_18_4;theta_17_3;gamma_7_16;gamma_17_3;gamma_4_18;alpha_18_16;beta_12_11;gamma_18_15;theta_17_13;delta_17_5;gamma_18_17;beta_9_10;alpha_17_7;beta_18_12;gamma_17_18;alpha_17_9;alpha_17_16;gamma_18_10;theta_17_2;theta_17_18;gamma_6_15;gamma_11_7;gamma_12_10;gamma_15_18;theta_13_9;gamma_18_1;beta_8_4;delta_18_9;beta_18_5;alpha_17_14;gamma_5_9;beta_2_1;alpha_17_10;beta_16_11;beta_11_16;gamma_18_3
chb24,chb24_04,100,100,1508;1316;905;1501;902;1506;1496;1202;1497;888;1520;1500;1204;1190;914;1222;1195;884;1194;596;1210;1191;1510;1524;896;915;1220;582;1208;1528;898;1461;904;1200;1504;1516;578;1219;885;1192;1529;599;1198;1207;1221;1525;886;1203;901;608;1509;1214;1291;1094;593;290;293;889;592;1223;590;916;892;1527;609;580;1218;276;1322;598;1498;594;1216;893;1183;584;1340;899;579;1522;1420;586;1350;1199;1400;518;288;1393;610;890;1115;1512;402;1211;806;1515;595;1308;280;1062,gamma_17_13;gamma_6_9;alpha_18_5;gamma_17_6;alpha_18_2;gamma_17_11;gamma_17_1;beta_17_13;gamma_17_2;alpha_17_5;gamma_18_8;gamma_17_5;beta_17_15;beta_17_1;alpha_18_14;beta_18_16;beta_17_6;alpha_17_1;beta_17_5;theta_18_2;beta_18_4;beta_17_2;gamma_17_15;gamma_18_12;alpha_17_13;alpha_18_15;beta_18_14;theta_17_5;beta_18_2;gamma_18_16;alpha_17_15;gamma_14_18;alpha_18_4;beta_17_11;gamma_17_9;gamma_18_4;theta_17_1;beta_18_13;alpha_17_2;beta_17_3;gamma_18_17;theta_18_5;beta_17_9;beta_18_1;beta_18_15;gamma_18_13;alpha_17_3;beta_17_14;alpha_18_1;theta_18_14;gamma_17_14;beta_18_8;gamma_4_18;beta_11_7;theta_17_16;delta_18_2;delta_18_5;alpha_17_6;theta_17_15;beta_18_17;theta_17_13;alpha_18_16;alpha_17_9;gamma_18_15;theta_18_15;theta_17_3;beta_18_12;delta_17_5;gamma_6_15;theta_18_4;gamma_17_3;theta_17_18;beta_18_10;alpha_17_10;beta_16_11;theta_17_7;gamma_7_16;alpha_17_16;theta_17_2;gamma_18_10;gamma_12_10;theta_17_9;gamma_8_9;beta_17_10;gamma_11_7;theta_13_9;delta_17_18;gamma_10_18;theta_18_16;alpha_17_7;beta_12_11;gamma_17_18;theta_6_13;beta_18_5;alpha_12_8;gamma_18_3;theta_18_1;gamma_5_18;delta_17_9;beta_9_10
chb24,chb24_05,100,100,1508;1299;905;1501;1506;902;1202;1497;1204;1190;904;1194;914;1496;1195;1524;884;898;1520;896;1500;596;1220;1510;1191;1222;888;1210;915;1208;1219;1528;1200;886;1478;1504;578;1203;592;582;1516;885;1529;1509;599;1221;608;1525;590;594;1207;1214;889;1192;1198;598;580;901;916;1527;584;1094;593;1291;1218;293;609;1216;1498;1223;1115;290;1340;1522;893;890;288;579;892;1322;610;1420;897;276;899;1461;518;1183;1512;586;1400;1350;900;908;1211;1199;1040;595;796;402,gamma_17_13;gamma_5_9;alpha_18_5;gamma_17_6;gamma_17_11;alpha_18_2;beta_17_13;gamma_17_2;beta_17_15;beta_17_1;alpha_18_4;beta_17_5;alpha_18_14;gamma_17_1;beta_17_6;gamma_18_12;alpha_17_1;alpha_17_15;gamma_18_8;alpha_17_13;gamma_17_5;theta_18_2;beta_18_14;gamma_17_15;beta_17_2;beta_18_16;alpha_17_5;beta_18_4;alpha_18_15;beta_18_2;beta_18_13;gamma_18_16;beta_17_11;alpha_17_3;gamma_15_18;gamma_17_9;theta_17_1;beta_17_14;theta_17_15;theta_17_5;gamma_18_4;alpha_17_2;gamma_18_17;gamma_17_14;theta_18_5;beta_18_15;theta_18_14;gamma_18_13;theta_17_13;theta_17_18;beta_18_1;beta_18_8;alpha_17_6;beta_17_3;beta_17_9;theta_18_4;theta_17_3;alpha_18_1;alpha_18_16;gamma_18_15;theta_17_7;beta_11_7;theta_17_16;gamma_4_18;beta_18_12;delta_18_5;theta_18_15;beta_18_10;gamma_17_3;beta_18_17;beta_12_11;delta_18_2;gamma_7_16;gamma_18_10;alpha_17_10;alpha_17_7;delta_17_18;theta_17_2;alpha_17_9;gamma_6_15;theta_18_16;gamma_12_10;alpha_17_14;delta_17_5;alpha_17_16;gamma_14_18;theta_13_9;beta_16_11;gamma_17_18;theta_17_9;gamma_11_7;gamma_8_9;alpha_17_18;alpha_18_8;beta_18_5;beta_17_10;beta_8_4;theta_18_1;alpha_11_16;theta_6_13
chb24,chb24_06,80,80,1508;905;1501;902;1497;1202;1500;1520;1506;1204;1190;1194;914;1195;1222;1496;1510;904;888;884;1524;1191;596;898;1219;1210;1220;1316;896;1208;1528;594;1529;1200;915;582;1461;1516;1207;1504;885;599;1525;578;1221;608;592;889;916;1223;1203;1306;901;1214;1291;293;1198;1115;584;1527;1218;893;1192;1509;598;593;609;1216;1040;580;290;1512;590;1199;276;288;773;886;610;1183,gamma_17_13;alpha_18_5;gamma_17_6;alpha_18_2;gamma_17_2;beta_17_13;gamma_17_5;gamma_18_8;gamma_17_11;beta_17_15;beta_17_1;beta_17_5;alpha_18_14;beta_17_6;beta_18_16;gamma_17_1;gamma_17_15;alpha_18_4;alpha_17_5;alpha_17_1;gamma_18_12;beta_17_2;theta_18_2;alpha_17_15;beta_18_13;beta_18_4;beta_18_14;gamma_6_9;alpha_17_13;beta_18_2;gamma_18_16;theta_17_18;gamma_18_17;beta_17_11;alpha_18_15;theta_17_5;gamma_14_18;gamma_18_4;beta_18_1;gamma_17_9;alpha_17_2;theta_18_5;gamma_18_13;theta_17_1;beta_18_15;theta_18_14;theta_17_15;alpha_17_6;alpha_18_16;beta_18_17;beta_17_14;gamma_5_16;alpha_18_1;beta_18_8;gamma_4_18;delta_18_5;beta_17_9;beta_12_11;theta_17_7;gamma_18_15;beta_18_12;alpha_17_10;beta_17_3;gamma_17_14;theta_18_4;theta_17_16;theta_18_15;beta_18_10;beta_8_4;theta_17_3;delta_18_2;gamma_17_18;theta_17_13;beta_17_10;delta_17_5;delta_17_18;alpha_10_9;alpha_17_3;theta_18_16;beta_16_11
chb24,chb24_07,40,40,1508;1299;905;1501;1497;902;1202;1506;1190;914;1194;1520;1204;1496;1195;884;915;1500;596;888;1220;1191;896;898;1210;1524;1510;1219;1461;1208;904;582;1504;1200;578;608;1207;885;599;1203,gamma_17_13;gamma_5_9;alpha_18_5;gamma_17_6;gamma_17_2;alpha_18_2;beta_17_13;gamma_17_11;beta_17_1;alpha_18_14;beta_17_5;gamma_18_8;beta_17_15;gamma_17_1;beta_17_6;alpha_17_1;alpha_18_15;gamma_17_5;theta_18_2;alpha_17_5;beta_18_14;beta_17_2;alpha_17_13;alpha_17_15;beta_18_4;gamma_18_12;gamma_17_15;beta_18_13;gamma_14_18;beta_18_2;alpha_18_4;theta_17_5;gamma_17_9;beta_17_11;theta_17_1;theta_18_14;beta_18_1;alpha_17_2;theta_18_5;beta_17_14
chb24,chb24_08,100,100,1508;1350;905;1501;1497;902;1202;1520;1190;914;1204;1194;1222;1496;1195;904;884;596;1220;1500;1524;898;888;1191;1506;1510;1210;896;1528;1504;1208;1478;915;1219;582;1200;578;1516;886;599;594;608;1509;1529;885;1525;592;1203;1198;889;1207;1221;916;1291;1192;1214;901;580;293;593;598;1527;584;1115;590;1218;1223;290;893;1340;609;1216;178;276;1094;1498;288;890;1199;1522;899;1183;1322;610;579;892;1420;900;1299;897;1461;1505;212;1512;402;1400;1062;1513;1102;586,gamma_17_13;gamma_8_9;alpha_18_5;gamma_17_6;gamma_17_2;alpha_18_2;beta_17_13;gamma_18_8;beta_17_1;alpha_18_14;beta_17_15;beta_17_5;beta_18_16;gamma_17_1;beta_17_6;alpha_18_4;alpha_17_1;theta_18_2;beta_18_14;gamma_17_5;gamma_18_12;alpha_17_15;alpha_17_5;beta_17_2;gamma_17_11;gamma_17_15;beta_18_4;alpha_17_13;gamma_18_16;gamma_17_9;beta_18_2;gamma_15_18;alpha_18_15;beta_18_13;theta_17_5;beta_17_11;theta_17_1;gamma_18_4;alpha_17_3;theta_18_5;theta_17_18;theta_18_14;gamma_17_14;gamma_18_17;alpha_17_2;gamma_18_13;theta_17_15;beta_17_14;beta_17_9;alpha_17_6;beta_18_1;beta_18_15;alpha_18_16;gamma_4_18;beta_17_3;beta_18_8;alpha_18_1;theta_17_3;delta_18_5;theta_17_16;theta_18_4;gamma_18_15;theta_17_7;beta_12_11;theta_17_13;beta_18_12;beta_18_17;delta_18_2;alpha_17_10;gamma_7_16;theta_18_15;beta_18_10;delta_11_9;delta_17_5;beta_11_7;gamma_17_3;delta_17_18;alpha_17_7;beta_17_10;gamma_18_10;alpha_17_16;beta_16_11;gamma_6_15;theta_18_16;theta_17_2;alpha_17_9;gamma_12_10;alpha_17_18;gamma_5_9;alpha_17_14;gamma_14_18;gamma_17_10;delta_13_9;gamma_17_18;theta_6_13;gamma_11_7;beta_9_10;gamma_18_1;beta_11_16;theta_17_9
chb24,chb24_09,60,60,1508;905;1501;1506;1202;1500;902;1497;1520;1190;1194;1222;914;1195;1204;1350;1496;884;1524;888;915;1220;1210;896;596;1191;898;1528;1219;1510;904;1427;1504;1200;1208;582;1509;594;578;599;1525;1221;1203;1516;1529;886;889;1198;608;1214;592;885;1527;916;1291;293;1192;1218;1340;1223,gamma_17_13;alpha_18_5;gamma_17_6;gamma_17_11;beta_17_13;gamma_17_5;alpha_18_2;gamma_17_2;gamma_18_8;beta_17_1;beta_17_5;beta_18_16;alpha_18_14;beta_17_6;beta_17_15;gamma_8_9;gamma_17_1;alpha_17_1;gamma_18_12;alpha_17_5;alpha_18_15;beta_18_14;beta_18_4;alpha_17_13;theta_18_2;beta_17_2;alpha_17_15;gamma_18_16;beta_18_13;gamma_17_15;alpha_18_4;gamma_12_18;gamma_17_9;beta_17_11;beta_18_2;theta_17_5;gamma_17_14;theta_17_18;theta_17_1;theta_18_5;gamma_18_13;beta_18_15;beta_17_14;gamma_18_4;gamma_18_17;alpha_17_3;alpha_17_6;beta_17_9;theta_18_14;beta_18_8;theta_17_15;alpha_17_2;gamma_18_15;alpha_18_16;gamma_4_18;delta_18_5;beta_17_3;beta_18_12;gamma_7_16;beta_18_17
chb24,chb24_10,100,100,1508;1211;1501;902;1506;1202;1497;1190;914;1194;1520;1204;884;1195;1496;1222;1500;1427;596;1220;1191;888;1210;898;896;1524;1510;1208;578;904;1528;915;1504;1200;599;1509;1219;582;1516;1203;885;608;594;886;889;1207;901;1221;592;1198;1192;1299;1525;905;916;1214;1094;580;1529;293;584;590;290;593;1308;893;1527;1218;1498;609;598;1216;1115;288;1223;1062;1199;1340;890;276;579;1512;518;610;897;1522;899;1461;892;1322;1420;595;1183;1350;900;1400;178;1505;1513;583,gamma_17_13;beta_18_5;gamma_17_6;alpha_18_2;gamma_17_11;beta_17_13;gamma_17_2;beta_17_1;alpha_18_14;beta_17_5;gamma_18_8;beta_17_15;alpha_17_1;beta_17_6;gamma_17_1;beta_18_16;gamma_17_5;gamma_12_18;theta_18_2;beta_18_14;beta_17_2;alpha_17_5;beta_18_4;alpha_17_15;alpha_17_13;gamma_18_12;gamma_17_15;beta_18_2;theta_17_1;alpha_18_4;gamma_18_16;alpha_18_15;gamma_17_9;beta_17_11;theta_18_5;gamma_17_14;beta_18_13;theta_17_5;gamma_18_4;beta_17_14;alpha_17_2;theta_18_14;theta_17_18;alpha_17_3;alpha_17_6;beta_18_1;alpha_18_1;beta_18_15;theta_17_15;beta_17_9;beta_17_3;gamma_5_9;gamma_18_13;alpha_18_5;alpha_18_16;beta_18_8;beta_11_7;theta_17_3;gamma_18_17;delta_18_5;theta_17_7;theta_17_13;delta_18_2;theta_17_16;gamma_5_18;alpha_17_10;gamma_18_15;beta_18_12;gamma_17_3;theta_18_15;theta_18_4;beta_18_10;beta_12_11;delta_17_18;beta_18_17;beta_9_10;beta_17_10;gamma_7_16;alpha_17_7;delta_17_5;theta_17_2;gamma_17_18;theta_13_9;theta_18_16;alpha_17_14;gamma_18_10;alpha_17_16;gamma_14_18;alpha_17_9;gamma_6_15;gamma_12_10;theta_18_1;beta_16_11;gamma_8_9;alpha_17_18;gamma_11_7;delta_11_9;gamma_17_10;gamma_18_1;theta_17_6
chb24,chb24_11,80,80,1508;905;789;1501;1506;902;1202;1497;914;1524;1194;884;1204;1195;1210;1190;596;1191;888;1220;1520;1496;1222;915;1219;1510;904;1500;1504;896;1528;1208;1200;599;594;898;1529;582;578;1525;1516;1203;608;901;1198;885;1527;1094;889;1214;1509;1478;1192;1291;1207;1221;1223;293;290;886;916;592;598;288;580;609;1218;584;518;892;1282;276;1340;1498;1199;590;986;900;610;579,gamma_17_13;alpha_18_5;alpha_11_8;gamma_17_6;gamma_17_11;alpha_18_2;beta_17_13;gamma_17_2;alpha_18_14;gamma_18_12;beta_17_5;alpha_17_1;beta_17_15;beta_17_6;beta_18_4;beta_17_1;theta_18_2;beta_17_2;alpha_17_5;beta_18_14;gamma_18_8;gamma_17_1;beta_18_16;alpha_18_15;beta_18_13;gamma_17_15;alpha_18_4;gamma_17_5;gamma_17_9;alpha_17_13;gamma_18_16;beta_18_2;beta_17_11;theta_18_5;theta_17_18;alpha_17_15;gamma_18_17;theta_17_5;theta_17_1;gamma_18_13;gamma_18_4;beta_17_14;theta_18_14;alpha_18_1;beta_17_9;alpha_17_2;gamma_18_15;beta_11_7;alpha_17_6;beta_18_8;gamma_17_14;gamma_15_18;beta_17_3;gamma_4_18;beta_18_1;beta_18_15;beta_18_17;delta_18_5;delta_18_2;alpha_17_3;alpha_18_16;theta_17_15;theta_18_4;delta_17_18;theta_17_3;theta_18_15;beta_18_12;theta_17_7;theta_13_9;alpha_17_9;gamma_4_9;delta_17_5;gamma_7_16;gamma_17_3;beta_17_10;theta_17_13;beta_5_1;alpha_17_18;theta_18_16;theta_17_2
chb24,chb24_12,100,100,1508;1231;905;1501;1497;1202;1427;902;1500;1520;1190;914;1195;1222;1496;1204;1194;884;1210;596;1219;1524;1191;888;1220;1510;896;1528;898;904;1506;1208;1504;1516;915;578;582;886;1207;1200;1525;1203;1529;885;599;594;608;889;1221;1509;901;1198;1214;1192;916;592;580;1527;593;1291;1223;293;590;290;1218;1115;1322;584;1094;598;893;1216;288;1340;518;1199;1498;1512;609;1522;890;610;276;579;899;1183;892;1461;1420;1299;1400;595;1513;897;1040;900;297;178;935;1211,gamma_17_13;gamma_1_9;alpha_18_5;gamma_17_6;gamma_17_2;beta_17_13;gamma_12_18;alpha_18_2;gamma_17_5;gamma_18_8;beta_17_1;alpha_18_14;beta_17_6;beta_18_16;gamma_17_1;beta_17_15;beta_17_5;alpha_17_1;beta_18_4;theta_18_2;beta_18_13;gamma_18_12;beta_17_2;alpha_17_5;beta_18_14;gamma_17_15;alpha_17_13;gamma_18_16;alpha_17_15;alpha_18_4;gamma_17_11;beta_18_2;gamma_17_9;gamma_18_4;alpha_18_15;theta_17_1;theta_17_5;alpha_17_3;beta_18_1;beta_17_11;gamma_18_13;beta_17_14;gamma_18_17;alpha_17_2;theta_18_5;theta_17_18;theta_18_14;alpha_17_6;beta_18_15;gamma_17_14;alpha_18_1;beta_17_9;beta_18_8;beta_17_3;alpha_18_16;theta_17_15;theta_17_3;gamma_18_15;theta_17_16;gamma_4_18;beta_18_17;delta_18_5;theta_17_13;delta_18_2;beta_18_12;beta_12_11;gamma_6_15;theta_17_7;beta_11_7;theta_18_4;alpha_17_10;beta_18_10;delta_17_18;gamma_7_16;theta_13_9;beta_17_10;gamma_17_3;gamma_17_18;theta_18_15;gamma_18_10;alpha_17_7;theta_18_16;delta_17_5;theta_17_2;alpha_17_16;beta_16_11;alpha_17_9;gamma_14_18;gamma_12_10;gamma_5_9;gamma_11_7;theta_18_1;gamma_18_1;alpha_17_14;beta_8_4;alpha_17_18;delta_18_9;delta_11_9;beta_2_1;beta_18_5
chb24,chb24_13,100,100,1508;1272;1501;1202;905;1497;902;1190;1520;1194;1204;914;1222;884;1195;1496;1524;1500;904;1510;888;596;1191;896;1495;1220;898;1528;1210;1506;578;1219;1208;915;1504;599;1094;1200;1203;582;1516;1223;885;1509;1198;889;1350;608;1214;592;901;916;1525;594;1207;1221;290;1218;1199;590;293;886;1291;1529;598;893;580;1322;593;1115;1216;467;1192;584;609;610;1400;1527;1522;892;579;1461;276;288;1340;897;899;1299;1519;1040;1183;178;1498;1211;900;1505;796;935;595;1512,gamma_17_13;gamma_3_16;gamma_17_6;beta_17_13;alpha_18_5;gamma_17_2;alpha_18_2;beta_17_1;gamma_18_8;beta_17_5;beta_17_15;alpha_18_14;beta_18_16;alpha_17_1;beta_17_6;gamma_17_1;gamma_18_12;gamma_17_5;alpha_18_4;gamma_17_15;alpha_17_5;theta_18_2;beta_17_2;alpha_17_13;gamma_16_18;beta_18_14;alpha_17_15;gamma_18_16;beta_18_4;gamma_17_11;theta_17_1;beta_18_13;beta_18_2;alpha_18_15;gamma_17_9;theta_18_5;beta_11_7;beta_17_11;beta_17_14;theta_17_5;gamma_18_4;beta_18_17;alpha_17_2;gamma_17_14;beta_17_9;alpha_17_6;gamma_8_9;theta_18_14;beta_18_8;theta_17_15;alpha_18_1;alpha_18_16;gamma_18_13;theta_17_18;beta_18_1;beta_18_15;delta_18_2;beta_18_12;beta_17_10;theta_17_13;delta_18_5;alpha_17_3;gamma_4_18;gamma_18_17;theta_18_4;alpha_17_10;theta_17_3;gamma_6_15;theta_17_16;beta_12_11;beta_18_10;theta_10_9;beta_17_3;theta_17_7;theta_18_15;theta_18_16;gamma_11_7;gamma_18_15;gamma_18_10;alpha_17_9;theta_17_2;gamma_14_18;delta_17_5;delta_17_18;gamma_7_16;alpha_17_14;alpha_17_16;gamma_5_9;gamma_18_7;beta_8_4;beta_16_11;delta_11_9;gamma_17_3;beta_18_5;alpha_17_18;gamma_17_10;alpha_11_16;beta_2_1;theta_18_1;gamma_17_18
chb24,chb24_14,100,100,1508;1211;725;1501;902;1202;1500;1524;1190;1497;914;1195;1496;1204;884;1222;1194;1520;596;896;1461;1506;888;1528;1220;898;1208;1191;1219;578;1210;1510;1504;599;594;1516;1529;582;1207;1200;1525;608;1198;885;904;1203;1192;901;889;916;592;1509;293;1115;1218;886;1199;1299;915;590;905;1094;290;1216;580;1221;1223;1214;893;288;1291;593;584;1322;1527;1522;1183;610;1498;276;1410;892;900;1430;579;1340;1513;890;1102;1421;598;595;899;1400;605;897;1040;1420;1514;1350,gamma_17_13;beta_18_5;alpha_7_13;gamma_17_6;alpha_18_2;beta_17_13;gamma_17_5;gamma_18_12;beta_17_1;gamma_17_2;alpha_18_14;beta_17_6;gamma_17_1;beta_17_15;alpha_17_1;beta_18_16;beta_17_5;gamma_18_8;theta_18_2;alpha_17_13;gamma_14_18;gamma_17_11;alpha_17_5;gamma_18_16;beta_18_14;alpha_17_15;beta_18_2;beta_17_2;beta_18_13;theta_17_1;beta_18_4;gamma_17_15;gamma_17_9;theta_18_5;theta_17_18;gamma_18_4;gamma_18_17;theta_17_5;beta_18_1;beta_17_11;gamma_18_13;theta_18_14;beta_17_9;alpha_17_2;alpha_18_4;beta_17_14;beta_17_3;alpha_18_1;alpha_17_6;alpha_18_16;theta_17_15;gamma_17_14;delta_18_5;beta_12_11;beta_18_12;alpha_17_3;beta_17_10;gamma_5_9;alpha_18_15;theta_17_13;alpha_18_5;beta_11_7;delta_18_2;beta_18_10;theta_17_3;beta_18_15;beta_18_17;beta_18_8;alpha_17_10;delta_17_18;gamma_4_18;theta_17_16;theta_17_7;gamma_6_15;gamma_18_15;gamma_18_10;beta_16_11;theta_18_16;gamma_17_3;delta_17_5;gamma_11_18;alpha_17_9;alpha_17_18;gamma_13_3;theta_17_2;gamma_7_16;gamma_18_1;alpha_17_7;beta_11_16;gamma_12_11;theta_18_4;theta_18_1;alpha_17_16;gamma_11_7;theta_18_11;alpha_17_14;beta_8_4;gamma_12_10;gamma_18_2;gamma_8_9
chb24,chb24_15,100,100,1508;905;1501;806;902;1506;1202;1190;1520;1497;914;1194;1204;1195;1222;1496;884;1220;596;1524;1191;896;1210;888;915;1504;898;1528;1500;1208;904;1510;1350;1200;1461;1219;1516;599;1203;594;578;886;1198;1509;582;608;916;1207;1223;1221;889;1291;885;1214;1192;901;592;1525;1094;293;1218;590;290;609;580;1115;1527;584;1522;593;598;893;1340;1529;610;288;1199;1322;890;1216;1183;1498;276;892;1420;900;899;708;796;1478;1299;1400;897;518;595;1211;1040;605;1308;1102,gamma_17_13;alpha_18_5;gamma_17_6;alpha_12_8;alpha_18_2;gamma_17_11;beta_17_13;beta_17_1;gamma_18_8;gamma_17_2;alpha_18_14;beta_17_5;beta_17_15;beta_17_6;beta_18_16;gamma_17_1;alpha_17_1;beta_18_14;theta_18_2;gamma_18_12;beta_17_2;alpha_17_13;beta_18_4;alpha_17_5;alpha_18_15;gamma_17_9;alpha_17_15;gamma_18_16;gamma_17_5;beta_18_2;alpha_18_4;gamma_17_15;gamma_8_9;beta_17_11;gamma_14_18;beta_18_13;gamma_18_4;theta_18_5;beta_17_14;theta_17_18;theta_17_1;alpha_17_3;beta_17_9;gamma_17_14;theta_17_5;theta_18_14;alpha_18_16;beta_18_1;beta_18_17;beta_18_15;alpha_17_6;gamma_4_18;alpha_17_2;beta_18_8;beta_17_3;alpha_18_1;theta_17_15;gamma_18_13;beta_11_7;delta_18_5;beta_18_12;theta_17_13;delta_18_2;theta_18_15;theta_17_3;beta_12_11;gamma_18_15;theta_17_7;gamma_18_10;theta_17_16;theta_18_4;alpha_17_10;gamma_7_16;gamma_18_17;theta_18_16;delta_17_18;beta_17_10;gamma_6_15;alpha_17_7;beta_18_10;beta_16_11;gamma_17_3;delta_17_5;alpha_17_9;gamma_12_10;alpha_17_18;alpha_17_16;alpha_6_13;alpha_11_16;gamma_15_18;gamma_5_9;gamma_11_7;alpha_17_14;theta_13_9;theta_18_1;beta_18_5;beta_8_4;theta_18_11;gamma_5_18;beta_11_16
chb24,chb24_16,100,100,1508;1211;954;1501;1506;902;1202;1497;1500;1190;1520;1204;888;914;1496;1222;1195;884;1510;1194;1524;1220;596;1191;904;1393;1528;898;896;1504;915;1208;1210;1219;1200;582;578;1203;594;1516;1198;886;599;1509;1221;1525;885;916;1529;901;608;1192;592;1299;905;889;1207;1527;1214;1291;580;1223;593;1218;584;290;590;293;1498;1522;609;598;1199;1115;288;1094;1340;1512;890;610;276;1216;899;893;1461;1062;579;1183;1322;892;900;1350;897;1505;1400;1420;518;1102;595;297,gamma_17_13;beta_18_5;beta_3_4;gamma_17_6;gamma_17_11;alpha_18_2;beta_17_13;gamma_17_2;gamma_17_5;beta_17_1;gamma_18_8;beta_17_15;alpha_17_5;alpha_18_14;gamma_17_1;beta_18_16;beta_17_6;alpha_17_1;gamma_17_15;beta_17_5;gamma_18_12;beta_18_14;theta_18_2;beta_17_2;alpha_18_4;gamma_10_18;gamma_18_16;alpha_17_15;alpha_17_13;gamma_17_9;alpha_18_15;beta_18_2;beta_18_4;beta_18_13;beta_17_11;theta_17_5;theta_17_1;beta_17_14;theta_17_18;gamma_18_4;beta_17_9;alpha_17_3;theta_18_5;gamma_17_14;beta_18_15;gamma_18_13;alpha_17_2;alpha_18_16;gamma_18_17;alpha_18_1;theta_18_14;beta_17_3;theta_17_15;gamma_5_9;alpha_18_5;alpha_17_6;beta_18_1;gamma_18_15;beta_18_8;gamma_4_18;theta_17_3;beta_18_17;theta_17_16;beta_18_12;theta_17_7;delta_18_2;theta_17_13;delta_18_5;gamma_17_3;gamma_18_10;theta_18_15;theta_18_4;beta_17_10;beta_12_11;delta_17_18;beta_11_7;gamma_7_16;gamma_17_18;alpha_17_7;theta_18_16;delta_17_5;beta_18_10;alpha_17_16;alpha_17_10;gamma_14_18;beta_9_10;theta_17_2;beta_16_11;gamma_6_15;alpha_17_9;alpha_17_18;gamma_8_9;alpha_17_14;gamma_17_10;gamma_11_7;gamma_12_10;theta_13_9;beta_11_16;theta_18_1;delta_18_9
chb24,chb24_17,80,80,1508;1316;905;1497;1501;1202;902;1190;1506;1222;1204;1496;1220;1194;1520;884;1528;1510;596;896;1500;1210;914;1191;898;1208;888;1524;1509;904;1195;1461;886;578;1516;1504;1200;1203;1223;1527;594;1115;1192;1207;608;916;885;1221;1214;592;590;580;582;1525;915;1512;1218;890;599;1183;1498;901;1198;1219;290;773;598;584;610;889;1291;593;1340;900;1529;1522;1421;609;1420;899,gamma_17_13;gamma_6_9;alpha_18_5;gamma_17_2;gamma_17_6;beta_17_13;alpha_18_2;beta_17_1;gamma_17_11;beta_18_16;beta_17_15;gamma_17_1;beta_18_14;beta_17_5;gamma_18_8;alpha_17_1;gamma_18_16;gamma_17_15;theta_18_2;alpha_17_13;gamma_17_5;beta_18_4;alpha_18_14;beta_17_2;alpha_17_15;beta_18_2;alpha_17_5;gamma_18_12;gamma_17_14;alpha_18_4;beta_17_6;gamma_14_18;alpha_17_3;theta_17_1;gamma_18_4;gamma_17_9;beta_17_11;beta_17_14;beta_18_17;gamma_18_15;theta_17_18;beta_12_11;beta_17_3;beta_18_1;theta_18_14;alpha_18_16;alpha_17_2;beta_18_15;beta_18_8;theta_17_15;theta_17_13;theta_17_3;theta_17_5;gamma_18_13;alpha_18_15;gamma_17_18;beta_18_12;alpha_17_7;theta_18_5;beta_16_11;gamma_17_3;alpha_18_1;beta_17_9;beta_18_13;delta_18_2;alpha_10_9;theta_18_4;theta_17_7;theta_18_16;alpha_17_6;gamma_4_18;theta_17_16;gamma_7_16;alpha_17_18;gamma_18_17;gamma_18_10;gamma_12_11;theta_18_15;gamma_12_10;alpha_17_16
chb24,chb24_18,100,100,1508;1211;1501;1506;902;1202;1496;1497;1194;1520;914;1190;1204;1195;1222;1500;884;1210;888;1220;596;1524;1191;896;1461;898;904;1510;1528;1208;915;1200;1219;1223;1504;582;1516;578;1203;599;594;1207;1525;1192;1509;1221;889;608;1316;885;1529;901;1214;1198;916;592;905;1291;584;1527;886;1115;1218;590;290;1340;293;593;580;598;609;1498;1094;1216;890;288;518;1199;276;1183;610;1512;1522;893;1299;1102;1322;579;1478;899;1400;402;897;1420;900;892;595;1040;1421;1513,gamma_17_13;beta_18_5;gamma_17_6;gamma_17_11;alpha_18_2;beta_17_13;gamma_17_1;gamma_17_2;beta_17_5;gamma_18_8;alpha_18_14;beta_17_1;beta_17_15;beta_17_6;beta_18_16;gamma_17_5;alpha_17_1;beta_18_4;alpha_17_5;beta_18_14;theta_18_2;gamma_18_12;beta_17_2;alpha_17_13;gamma_14_18;alpha_17_15;alpha_18_4;gamma_17_15;gamma_18_16;beta_18_2;alpha_18_15;beta_17_11;beta_18_13;beta_18_17;gamma_17_9;theta_17_5;gamma_18_4;theta_17_1;beta_17_14;theta_18_5;theta_17_18;beta_18_1;gamma_18_13;beta_17_3;gamma_17_14;beta_18_15;alpha_17_6;theta_18_14;gamma_6_9;alpha_17_2;gamma_18_17;alpha_18_1;beta_18_8;beta_17_9;alpha_18_16;theta_17_15;alpha_18_5;gamma_4_18;theta_17_7;gamma_18_15;alpha_17_3;beta_12_11;beta_18_12;theta_17_13;delta_18_2;gamma_7_16;delta_18_5;theta_17_16;theta_17_3;theta_18_4;theta_18_15;gamma_17_3;beta_11_7;beta_18_10;alpha_17_7;delta_17_18;theta_13_9;beta_17_10;delta_17_5;beta_16_11;theta_18_16;gamma_17_18;gamma_18_10;alpha_17_10;gamma_5_9;beta_11_16;gamma_6_15;theta_17_2;gamma_15_18;alpha_17_16;gamma_11_7;theta_6_13;alpha_17_14;gamma_12_10;alpha_17_18;alpha_17_9;theta_18_1;beta_8_4;gamma_12_11;gamma_18_1
chb24,chb24_19,100,100,1508;1350;905;1501;902;1202;1497;1500;1520;1190;1204;914;1195;1496;1222;1194;884;596;1220;1506;1210;888;1191;1524;898;896;1510;1208;915;1528;1461;904;1529;1219;578;1516;1504;582;1200;594;1207;886;1203;599;1221;1525;608;885;889;1509;916;1198;592;1223;1192;1094;901;1214;1527;290;293;580;1218;1291;590;593;609;1340;584;1216;598;610;893;1115;288;1522;1498;276;1102;1199;1400;518;890;1299;1322;1513;579;1183;892;1211;899;900;1393;1512;796;897;1420;1519;595;212,gamma_17_13;gamma_8_9;alpha_18_5;gamma_17_6;alpha_18_2;beta_17_13;gamma_17_2;gamma_17_5;gamma_18_8;beta_17_1;beta_17_15;alpha_18_14;beta_17_6;gamma_17_1;beta_18_16;beta_17_5;alpha_17_1;theta_18_2;beta_18_14;gamma_17_11;beta_18_4;alpha_17_5;beta_17_2;gamma_18_12;alpha_17_15;alpha_17_13;gamma_17_15;beta_18_2;alpha_18_15;gamma_18_16;gamma_14_18;alpha_18_4;gamma_18_17;beta_18_13;theta_17_1;gamma_18_4;gamma_17_9;theta_17_5;beta_17_11;theta_17_18;beta_18_1;alpha_17_3;beta_17_14;theta_18_5;beta_18_15;gamma_18_13;theta_18_14;alpha_17_2;alpha_17_6;gamma_17_14;alpha_18_16;beta_17_9;theta_17_15;beta_18_17;beta_17_3;beta_11_7;alpha_18_1;beta_18_8;gamma_18_15;delta_18_2;delta_18_5;theta_17_3;beta_18_12;gamma_4_18;theta_17_13;theta_17_16;theta_18_15;gamma_7_16;theta_17_7;beta_18_10;theta_18_4;theta_18_16;alpha_17_10;beta_12_11;delta_17_18;gamma_18_10;gamma_17_3;delta_17_5;beta_11_16;beta_17_10;gamma_11_7;theta_13_9;alpha_17_7;gamma_5_9;gamma_6_15;gamma_18_1;theta_17_2;beta_16_11;alpha_17_9;beta_18_5;alpha_17_16;alpha_17_18;gamma_10_18;gamma_17_18;alpha_11_16;alpha_17_14;gamma_12_10;gamma_18_7;theta_18_1;delta_13_9
chb24,chb24_20,100,100,1508;1523;874;1501;1497;1202;1194;1506;902;1190;914;1204;1520;1496;1195;1222;1500;884;1210;888;596;1220;1191;898;1524;1510;896;1528;904;599;915;1208;1219;1504;1200;582;578;1516;1203;1427;594;1525;608;1221;885;1509;905;1198;916;1192;592;889;1207;1529;1214;1291;886;290;1299;901;1218;1527;293;580;1223;593;590;1498;609;1115;584;1322;1400;1216;598;288;1199;1340;610;276;1062;893;1522;518;1183;579;890;1512;892;1461;899;1102;1420;897;1350;1515;1094;900;1211;1513,gamma_17_13;gamma_18_11;alpha_16_8;gamma_17_6;gamma_17_2;beta_17_13;beta_17_5;gamma_17_11;alpha_18_2;beta_17_1;alpha_18_14;beta_17_15;gamma_18_8;gamma_17_1;beta_17_6;beta_18_16;gamma_17_5;alpha_17_1;beta_18_4;alpha_17_5;theta_18_2;beta_18_14;beta_17_2;alpha_17_15;gamma_18_12;gamma_17_15;alpha_17_13;gamma_18_16;alpha_18_4;theta_18_5;alpha_18_15;beta_18_2;beta_18_13;gamma_17_9;beta_17_11;theta_17_5;theta_17_1;gamma_18_4;beta_17_14;gamma_12_18;theta_17_18;gamma_18_13;theta_18_14;beta_18_15;alpha_17_2;gamma_17_14;alpha_18_5;beta_17_9;alpha_18_16;beta_17_3;theta_17_15;alpha_17_6;beta_18_1;gamma_18_17;beta_18_8;gamma_4_18;alpha_17_3;delta_18_2;gamma_5_9;alpha_18_1;beta_18_12;gamma_18_15;delta_18_5;theta_17_3;beta_18_17;theta_17_16;theta_17_13;gamma_17_3;theta_18_15;beta_12_11;theta_17_7;gamma_6_15;gamma_11_7;beta_18_10;theta_18_4;delta_17_18;beta_17_10;gamma_7_16;theta_18_16;delta_17_5;beta_9_10;alpha_17_10;gamma_18_10;theta_13_9;beta_16_11;theta_17_2;alpha_17_7;gamma_17_18;alpha_17_9;gamma_14_18;alpha_17_16;beta_11_16;gamma_12_10;alpha_17_14;gamma_8_9;gamma_18_3;beta_11_7;alpha_17_18;beta_18_5;gamma_18_1
chb24,chb24_21,100,100,1508;905;1501;1174;1497;1202;1496;1506;902;1195;1222;1204;1190;914;884;1520;898;1350;1210;1220;1528;1510;1208;896;594;1191;1524;1194;915;1504;904;889;596;578;1516;1500;1200;1509;1192;1221;1291;1203;592;901;608;888;593;1214;584;1498;916;1525;1207;1527;885;1198;1094;1218;886;1219;1322;1115;890;288;1420;590;598;1512;582;899;580;518;1461;609;1216;610;900;1062;583;1299;1529;595;1522;1309;1183;579;1340;1515;178;1223;730;1488;1513;897;290;1400;1505;297;1182;908,gamma_17_13;alpha_18_5;gamma_17_6;beta_16_2;gamma_17_2;beta_17_13;gamma_17_1;gamma_17_11;alpha_18_2;beta_17_6;beta_18_16;beta_17_15;beta_17_1;alpha_18_14;alpha_17_1;gamma_18_8;alpha_17_15;gamma_8_9;beta_18_4;beta_18_14;gamma_18_16;gamma_17_15;beta_18_2;alpha_17_13;theta_17_18;beta_17_2;gamma_18_12;beta_17_5;alpha_18_15;gamma_17_9;alpha_18_4;alpha_17_6;theta_18_2;theta_17_1;gamma_18_4;gamma_17_5;beta_17_11;gamma_17_14;beta_17_3;beta_18_15;gamma_4_18;beta_17_14;theta_17_15;alpha_18_1;theta_18_14;alpha_17_5;theta_17_16;beta_18_8;theta_17_7;gamma_17_3;alpha_18_16;gamma_18_13;beta_18_1;gamma_18_15;alpha_17_2;beta_17_9;beta_11_7;beta_18_12;alpha_17_3;beta_18_13;gamma_6_15;beta_12_11;alpha_17_7;delta_17_18;gamma_12_10;theta_17_13;theta_18_4;gamma_17_18;theta_17_5;alpha_17_16;theta_17_3;theta_13_9;gamma_14_18;theta_18_15;beta_18_10;theta_18_16;alpha_17_18;beta_9_10;theta_17_6;gamma_5_9;gamma_18_17;theta_18_1;gamma_18_10;gamma_6_1;beta_16_11;theta_17_2;gamma_7_16;gamma_18_3;delta_11_9;beta_18_17;alpha_7_18;gamma_16_10;gamma_18_1;alpha_17_14;delta_18_2;gamma_11_7;gamma_17_10;delta_18_9;beta_16_10;alpha_18_8
chb24,chb24_22,100,100,1508;1211;1501;902;1497;1202;1520;1496;1194;914;1204;1190;1222;1195;884;1500;904;596;1191;1524;888;1220;1510;896;1210;1208;1506;898;1528;1427;1504;1219;1291;915;578;1529;582;1516;1200;594;599;886;1207;1203;885;1221;1525;1198;608;1299;1509;889;1214;1192;905;592;916;1094;901;1527;1223;593;580;1218;590;290;1115;293;598;1216;584;1340;893;1522;609;1498;288;518;1322;276;890;1183;1400;610;579;1199;899;892;402;1420;900;1461;1513;1350;1512;1102;297;1040;897;595,gamma_17_13;beta_18_5;gamma_17_6;alpha_18_2;gamma_17_2;beta_17_13;gamma_18_8;gamma_17_1;beta_17_5;alpha_18_14;beta_17_15;beta_17_1;beta_18_16;beta_17_6;alpha_17_1;gamma_17_5;alpha_18_4;theta_18_2;beta_17_2;gamma_18_12;alpha_17_5;beta_18_14;gamma_17_15;alpha_17_13;beta_18_4;beta_18_2;gamma_17_11;alpha_17_15;gamma_18_16;gamma_12_18;gamma_17_9;beta_18_13;gamma_4_18;alpha_18_15;theta_17_1;gamma_18_17;theta_17_5;gamma_18_4;beta_17_11;theta_17_18;theta_18_5;alpha_17_3;beta_18_1;beta_17_14;alpha_17_2;beta_18_15;gamma_18_13;beta_17_9;theta_18_14;gamma_5_9;gamma_17_14;alpha_17_6;beta_18_8;beta_17_3;alpha_18_5;theta_17_15;alpha_18_16;beta_11_7;alpha_18_1;gamma_18_15;beta_18_17;theta_17_16;theta_17_3;beta_18_12;theta_17_13;delta_18_2;beta_12_11;delta_18_5;theta_18_4;beta_18_10;theta_17_7;gamma_7_16;alpha_17_10;gamma_18_10;theta_18_15;gamma_17_3;delta_17_18;theta_13_9;gamma_6_15;delta_17_5;alpha_17_7;beta_16_11;gamma_11_7;theta_18_16;theta_17_2;beta_17_10;alpha_17_16;alpha_17_9;theta_6_13;gamma_12_10;alpha_17_18;gamma_14_18;gamma_18_1;gamma_8_9;gamma_17_18;beta_11_16;delta_18_9;beta_8_4;alpha_17_14;theta_18_1
